sample_id,split,landslide_px,asc_pre_bad_pct,asc_pre_c0,asc_pre_c1,asc_pre_c2,asc_pre_c3,desc_pre_bad_pct,desc_pre_c0,desc_pre_c1,desc_pre_c2,desc_pre_c3,asc_post_bad_pct,asc_post_c0,asc_post_c1,asc_post_c2,asc_post_c3,desc_post_bad_pct,desc_post_c0,desc_post_c1,desc_post_c2,desc_post_c3,asc_pre_src,desc_pre_src,asc_post_src,desc_post_src,opt_pre_src,opt_post_src,ann_src
0,train,260,4.681,15617,767,0,0,0.494,16303,64,17,0,4.681,15617,767,0,0,0.494,16303,64,17,0,Pre_event/S1_ASC_20210805/0.tif,Pre_event/S1_DESC_20210803/0.tif,Post_event/S1_ASC_20210817/0.tif,Post_event/S1_DESC_20210815/0.tif,Pre_event/S2_20210804/0.tif,Post_event/S2_20210814/0.tif,Annotations/0.tif
1,train,260,1.562,16128,256,0,0,0.494,16303,64,17,0,1.562,16128,256,0,0,0.494,16303,64,17,0,Pre_event/S1_ASC_20210805/1.tif,Pre_event/S1_DESC_20210803/1.tif,Post_event/S1_ASC_20210817/1.tif,Post_event/S1_DESC_20210815/1.tif,Pre_event/S2_20210804/1.tif,Post_event/S2_20210814/1.tif,Annotations/1.tif
2,train,260,4.688,15616,768,0,0,0.378,16322,45,17,0,4.688,15616,768,0,0,0.378,16322,45,17,0,Pre_event/S1_ASC_20210805/2.tif,Pre_event/S1_DESC_20210803/2.tif,Post_event/S1_ASC_20210817/2.tif,Post_event/S1_DESC_20210815/2.tif,Pre_event/S2_20210804/2.tif,Post_event/S2_20210814/2.tif,Annotations/2.tif
3,val,260,1.526,16134,250,0,0,0.378,16322,45,17,0,1.526,16134,250,0,0,0.378,16322,45,17,0,Pre_event/S1_ASC_20210805/3.tif,Pre_event/S1_DESC_20210803/3.tif,Post_event/S1_ASC_20210817/3.tif,Post_event/S1_DESC_20210815/3.tif,Pre_event/S2_20210804/3.tif,Post_event/S2_20210814/3.tif,Annotations/3.tif
4,train,128,7.568,15144,1240,0,0,21.6,12845,3529,10,0,7.568,15144,1240,0,0,21.6,12845,3529,10,0,Pre_event/S1_ASC_20210805/4.tif,Pre_event/S1_DESC_20210803/4.tif,Post_event/S1_ASC_20210817/4.tif,Post_event/S1_DESC_20210815/4.tif,Pre_event/S2_20210804/4.tif,Post_event/S2_20210814/4.tif,Annotations/4.tif
5,train,126,5.011,15563,812,9,0,30.963,11311,5057,10,6,5.011,15563,812,9,0,30.963,11311,5057,10,6,Pre_event/S1_ASC_20210805/5.tif,Pre_event/S1_DESC_20210803/5.tif,Post_event/S1_ASC_20210817/5.tif,Post_event/S1_DESC_20210815/5.tif,Pre_event/S2_20210804/5.tif,Post_event/S2_20210814/5.tif,Annotations/5.tif
6,train,131,23.81,12483,3901,0,0,14.044,14083,2290,11,0,23.81,12483,3901,0,0,14.044,14083,2290,11,0,Pre_event/S1_ASC_20210805/6.tif,Pre_event/S1_DESC_20210803/6.tif,Post_event/S1_ASC_20210817/6.tif,Post_event/S1_DESC_20210815/6.tif,Pre_event/S2_20210804/6.tif,Post_event/S2_20210814/6.tif,Annotations/6.tif
7,train,129,28.448,11723,4652,9,0,19.202,13238,3133,13,0,28.448,11723,4652,9,0,19.202,13238,3133,13,0,Pre_event/S1_ASC_20210805/7.tif,Pre_event/S1_DESC_20210803/7.tif,Post_event/S1_ASC_20210817/7.tif,Post_event/S1_DESC_20210815/7.tif,Pre_event/S2_20210804/7.tif,Post_event/S2_20210814/7.tif,Annotations/7.tif
8,train,274,17.664,13490,2894,0,0,15.338,13871,2510,3,0,17.664,13490,2894,0,0,15.338,13871,2510,3,0,Pre_event/S1_ASC_20210805/8.tif,Pre_event/S1_DESC_20210803/8.tif,Post_event/S1_ASC_20210817/8.tif,Post_event/S1_DESC_20210815/8.tif,Pre_event/S2_20210804/8.tif,Post_event/S2_20210814/8.tif,Annotations/8.tif
9,train,326,24.823,12317,4067,0,0,8.191,15042,1337,5,0,24.823,12317,4067,0,0,8.191,15042,1337,5,0,Pre_event/S1_ASC_20210805/9.tif,Pre_event/S1_DESC_20210803/9.tif,Post_event/S1_ASC_20210817/9.tif,Post_event/S1_DESC_20210815/9.tif,Pre_event/S2_20210804/9.tif,Post_event/S2_20210814/9.tif,Annotations/9.tif
10,train,271,1.404,16154,230,0,0,10.4,14680,1704,0,0,1.404,16154,230,0,0,10.4,14680,1704,0,0,Pre_event/S1_ASC_20210805/10.tif,Pre_event/S1_DESC_20210803/10.tif,Post_event/S1_ASC_20210817/10.tif,Post_event/S1_DESC_20210815/10.tif,Pre_event/S2_20210804/10.tif,Post_event/S2_20210814/10.tif,Annotations/10.tif
11,train,506,2.014,16054,330,0,0,5.774,15438,946,0,0,2.014,16054,330,0,0,5.774,15438,946,0,0,Pre_event/S1_ASC_20210805/11.tif,Pre_event/S1_DESC_20210803/11.tif,Post_event/S1_ASC_20210817/11.tif,Post_event/S1_DESC_20210815/11.tif,Pre_event/S2_20210804/11.tif,Post_event/S2_20210814/11.tif,Annotations/11.tif
12,train,355,6.598,15303,1075,6,0,9.332,14855,1504,25,0,6.598,15303,1075,6,0,9.332,14855,1504,25,0,Pre_event/S1_ASC_20210805/12.tif,Pre_event/S1_DESC_20210803/12.tif,Post_event/S1_ASC_20210817/12.tif,Post_event/S1_DESC_20210815/12.tif,Pre_event/S2_20210804/12.tif,Post_event/S2_20210814/12.tif,Annotations/12.tif
13,train,120,13.379,14192,2186,6,0,13.104,14237,2086,61,0,13.379,14192,2186,6,0,13.104,14237,2086,61,0,Pre_event/S1_ASC_20210805/13.tif,Pre_event/S1_DESC_20210803/13.tif,Post_event/S1_ASC_20210817/13.tif,Post_event/S1_DESC_20210815/13.tif,Pre_event/S2_20210804/13.tif,Post_event/S2_20210814/13.tif,Annotations/13.tif
14,train,208,1.178,16191,189,4,0,7.172,15209,1175,0,0,1.178,16191,189,4,0,7.172,15209,1175,0,0,Pre_event/S1_ASC_20210805/14.tif,Pre_event/S1_DESC_20210803/14.tif,Post_event/S1_ASC_20210817/14.tif,Post_event/S1_DESC_20210815/14.tif,Pre_event/S2_20210804/14.tif,Post_event/S2_20210814/14.tif,Annotations/14.tif
15,val,549,8.807,14941,1439,4,0,7.446,15164,1182,38,0,8.807,14941,1439,4,0,7.446,15164,1182,38,0,Pre_event/S1_ASC_20210805/15.tif,Pre_event/S1_DESC_20210803/15.tif,Post_event/S1_ASC_20210817/15.tif,Post_event/S1_DESC_20210815/15.tif,Pre_event/S2_20210804/15.tif,Post_event/S2_20210814/15.tif,Annotations/15.tif
16,train,568,15.118,13907,2477,0,0,7.642,15132,1214,38,0,15.118,13907,2477,0,0,7.642,15132,1214,38,0,Pre_event/S1_ASC_20210805/16.tif,Pre_event/S1_DESC_20210803/16.tif,Post_event/S1_ASC_20210817/16.tif,Post_event/S1_DESC_20210815/16.tif,Pre_event/S2_20210804/16.tif,Post_event/S2_20210814/16.tif,Annotations/16.tif
17,train,227,18.048,13427,2957,0,0,8.307,15023,1325,36,0,18.048,13427,2957,0,0,8.307,15023,1325,36,0,Pre_event/S1_ASC_20210805/17.tif,Pre_event/S1_DESC_20210803/17.tif,Post_event/S1_ASC_20210817/17.tif,Post_event/S1_DESC_20210815/17.tif,Pre_event/S2_20210804/17.tif,Post_event/S2_20210814/17.tif,Annotations/17.tif
18,train,300,6.763,15276,1104,4,0,8.392,15009,1373,2,0,6.763,15276,1104,4,0,8.392,15009,1373,2,0,Pre_event/S1_ASC_20210805/18.tif,Pre_event/S1_DESC_20210803/18.tif,Post_event/S1_ASC_20210817/18.tif,Post_event/S1_DESC_20210815/18.tif,Pre_event/S2_20210804/18.tif,Post_event/S2_20210814/18.tif,Annotations/18.tif
19,train,458,17.828,13463,2917,4,0,7.465,15161,1183,40,0,17.828,13463,2917,4,0,7.465,15161,1183,40,0,Pre_event/S1_ASC_20210805/19.tif,Pre_event/S1_DESC_20210803/19.tif,Post_event/S1_ASC_20210817/19.tif,Post_event/S1_DESC_20210815/19.tif,Pre_event/S2_20210804/19.tif,Post_event/S2_20210814/19.tif,Annotations/19.tif
20,train,265,20.819,12973,3411,0,0,1.398,16155,191,38,0,20.819,12973,3411,0,0,1.398,16155,191,38,0,Pre_event/S1_ASC_20210805/20.tif,Pre_event/S1_DESC_20210803/20.tif,Post_event/S1_ASC_20210817/20.tif,Post_event/S1_DESC_20210815/20.tif,Pre_event/S2_20210804/20.tif,Post_event/S2_20210814/20.tif,Annotations/20.tif
21,train,107,15.094,13911,2473,0,0,0.763,16259,125,0,0,15.094,13911,2473,0,0,0.763,16259,125,0,0,Pre_event/S1_ASC_20210805/21.tif,Pre_event/S1_DESC_20210803/21.tif,Post_event/S1_ASC_20210817/21.tif,Post_event/S1_DESC_20210815/21.tif,Pre_event/S2_20210804/21.tif,Post_event/S2_20210814/21.tif,Annotations/21.tif
22,train,328,12.415,14350,2034,0,0,2.49,15976,325,83,0,12.415,14350,2034,0,0,2.49,15976,325,83,0,Pre_event/S1_ASC_20210805/22.tif,Pre_event/S1_DESC_20210803/22.tif,Post_event/S1_ASC_20210817/22.tif,Post_event/S1_DESC_20210815/22.tif,Pre_event/S2_20210804/22.tif,Post_event/S2_20210814/22.tif,Annotations/22.tif
23,test,328,11.121,14562,1822,0,0,1.868,16078,223,83,0,11.121,14562,1822,0,0,1.868,16078,223,83,0,Pre_event/S1_ASC_20210805/23.tif,Pre_event/S1_DESC_20210803/23.tif,Post_event/S1_ASC_20210817/23.tif,Post_event/S1_DESC_20210815/23.tif,Pre_event/S2_20210804/23.tif,Post_event/S2_20210814/23.tif,Annotations/23.tif
24,train,380,15.802,13795,2589,0,0,2.49,15976,325,83,0,15.802,13795,2589,0,0,2.49,15976,325,83,0,Pre_event/S1_ASC_20210805/24.tif,Pre_event/S1_DESC_20210803/24.tif,Post_event/S1_ASC_20210817/24.tif,Post_event/S1_DESC_20210815/24.tif,Pre_event/S2_20210804/24.tif,Post_event/S2_20210814/24.tif,Annotations/24.tif
25,train,328,11.652,14475,1909,0,0,1.868,16078,223,83,0,11.652,14475,1909,0,0,1.868,16078,223,83,0,Pre_event/S1_ASC_20210805/25.tif,Pre_event/S1_DESC_20210803/25.tif,Post_event/S1_ASC_20210817/25.tif,Post_event/S1_DESC_20210815/25.tif,Pre_event/S2_20210804/25.tif,Post_event/S2_20210814/25.tif,Annotations/25.tif
26,train,180,22.583,12684,3700,0,0,1.306,16170,212,2,0,22.583,12684,3700,0,0,1.306,16170,212,2,0,Pre_event/S1_ASC_20210805/26.tif,Pre_event/S1_DESC_20210803/26.tif,Post_event/S1_ASC_20210817/26.tif,Post_event/S1_DESC_20210815/26.tif,Pre_event/S2_20210804/26.tif,Post_event/S2_20210814/26.tif,Annotations/26.tif
27,val,184,19.305,13221,3163,0,0,1.215,16185,186,13,0,19.305,13221,3163,0,0,1.215,16185,186,13,0,Pre_event/S1_ASC_20210805/27.tif,Pre_event/S1_DESC_20210803/27.tif,Post_event/S1_ASC_20210817/27.tif,Post_event/S1_DESC_20210815/27.tif,Pre_event/S2_20210804/27.tif,Post_event/S2_20210814/27.tif,Annotations/27.tif
28,val,426,20.886,12962,3414,8,0,7.19,15206,1167,11,0,20.886,12962,3414,8,0,7.19,15206,1167,11,0,Pre_event/S1_ASC_20210805/28.tif,Pre_event/S1_DESC_20210803/28.tif,Post_event/S1_ASC_20210817/28.tif,Post_event/S1_DESC_20210815/28.tif,Pre_event/S2_20210804/28.tif,Post_event/S2_20210814/28.tif,Annotations/28.tif
29,test,516,21.545,12854,3530,0,0,1.501,16138,209,37,0,21.545,12854,3530,0,0,1.501,16138,209,37,0,Pre_event/S1_ASC_20210805/29.tif,Pre_event/S1_DESC_20210803/29.tif,Post_event/S1_ASC_20210817/29.tif,Post_event/S1_DESC_20210815/29.tif,Pre_event/S2_20210804/29.tif,Post_event/S2_20210814/29.tif,Annotations/29.tif
30,test,125,16.632,13659,2725,0,0,0.647,16278,79,27,0,16.632,13659,2725,0,0,0.647,16278,79,27,0,Pre_event/S1_ASC_20210805/30.tif,Pre_event/S1_DESC_20210803/30.tif,Post_event/S1_ASC_20210817/30.tif,Post_event/S1_DESC_20210815/30.tif,Pre_event/S2_20210804/30.tif,Post_event/S2_20210814/30.tif,Annotations/30.tif
31,train,145,6.921,15250,1134,0,0,2.814,15923,373,88,0,6.921,15250,1134,0,0,2.814,15923,373,88,0,Pre_event/S1_ASC_20210805/31.tif,Pre_event/S1_DESC_20210803/31.tif,Post_event/S1_ASC_20210817/31.tif,Post_event/S1_DESC_20210815/31.tif,Pre_event/S2_20210804/31.tif,Post_event/S2_20210814/31.tif,Annotations/31.tif
32,test,255,9.485,14830,1554,0,0,13.904,14106,2267,11,0,9.485,14830,1554,0,0,13.904,14106,2267,11,0,Pre_event/S1_ASC_20210805/32.tif,Pre_event/S1_DESC_20210803/32.tif,Post_event/S1_ASC_20210817/32.tif,Post_event/S1_DESC_20210815/32.tif,Pre_event/S2_20210804/32.tif,Post_event/S2_20210814/32.tif,Annotations/32.tif
33,train,130,20.135,13085,3198,101,0,29.321,11580,4629,175,0,20.135,13085,3198,101,0,29.321,11580,4629,175,0,Pre_event/S1_ASC_20210805/33.tif,Pre_event/S1_DESC_20210803/33.tif,Post_event/S1_ASC_20210817/33.tif,Post_event/S1_DESC_20210815/33.tif,Pre_event/S2_20210804/33.tif,Post_event/S2_20210814/33.tif,Annotations/33.tif
34,train,109,4.913,15579,650,155,0,17.56,13507,2877,0,0,4.913,15579,650,155,0,17.56,13507,2877,0,0,Pre_event/S1_ASC_20210805/34.tif,Pre_event/S1_DESC_20210803/34.tif,Post_event/S1_ASC_20210817/34.tif,Post_event/S1_DESC_20210815/34.tif,Pre_event/S2_20210804/34.tif,Post_event/S2_20210814/34.tif,Annotations/34.tif
35,val,710,9.338,14854,1412,118,0,21.759,12819,3556,9,0,9.338,14854,1412,118,0,21.759,12819,3556,9,0,Pre_event/S1_ASC_20210805/35.tif,Pre_event/S1_DESC_20210803/35.tif,Post_event/S1_ASC_20210817/35.tif,Post_event/S1_DESC_20210815/35.tif,Pre_event/S2_20210804/35.tif,Post_event/S2_20210814/35.tif,Annotations/35.tif
36,val,689,16.425,13693,2689,2,0,7.349,15180,1145,59,0,16.425,13693,2689,2,0,7.349,15180,1145,59,0,Pre_event/S1_ASC_20210805/36.tif,Pre_event/S1_DESC_20210803/36.tif,Post_event/S1_ASC_20210817/36.tif,Post_event/S1_DESC_20210815/36.tif,Pre_event/S2_20210804/36.tif,Post_event/S2_20210814/36.tif,Annotations/36.tif
37,train,151,9.753,14786,1598,0,0,2.777,15929,388,67,0,9.753,14786,1598,0,0,2.777,15929,388,67,0,Pre_event/S1_ASC_20210805/37.tif,Pre_event/S1_DESC_20210803/37.tif,Post_event/S1_ASC_20210817/37.tif,Post_event/S1_DESC_20210815/37.tif,Pre_event/S2_20210804/37.tif,Post_event/S2_20210814/37.tif,Annotations/37.tif
38,train,122,6.049,15393,991,0,0,6.775,15274,1093,17,0,6.049,15393,991,0,0,6.775,15274,1093,17,0,Pre_event/S1_ASC_20210805/38.tif,Pre_event/S1_DESC_20210803/38.tif,Post_event/S1_ASC_20210817/38.tif,Post_event/S1_DESC_20210815/38.tif,Pre_event/S2_20210804/38.tif,Post_event/S2_20210814/38.tif,Annotations/38.tif
39,val,225,5.328,15511,867,6,0,7.056,15228,1062,94,0,5.328,15511,867,6,0,7.056,15228,1062,94,0,Pre_event/S1_ASC_20210805/39.tif,Pre_event/S1_DESC_20210803/39.tif,Post_event/S1_ASC_20210817/39.tif,Post_event/S1_DESC_20210815/39.tif,Pre_event/S2_20210804/39.tif,Post_event/S2_20210814/39.tif,Annotations/39.tif
40,train,365,19.342,13215,3164,5,0,18.829,13299,3032,53,0,19.342,13215,3164,5,0,18.829,13299,3032,53,0,Pre_event/S1_ASC_20210805/40.tif,Pre_event/S1_DESC_20210803/40.tif,Post_event/S1_ASC_20210817/40.tif,Post_event/S1_DESC_20210815/40.tif,Pre_event/S2_20210804/40.tif,Post_event/S2_20210814/40.tif,Annotations/40.tif
41,val,243,42.627,9400,6929,55,0,25.214,12253,3950,181,0,42.627,9400,6929,55,0,25.214,12253,3950,181,0,Pre_event/S1_ASC_20210805/41.tif,Pre_event/S1_DESC_20210803/41.tif,Post_event/S1_ASC_20210817/41.tif,Post_event/S1_DESC_20210815/41.tif,Pre_event/S2_20210804/41.tif,Post_event/S2_20210814/41.tif,Annotations/41.tif
42,train,136,53.406,7634,8631,119,0,23.706,12500,3475,321,88,53.406,7634,8631,119,0,23.706,12500,3475,321,88,Pre_event/S1_ASC_20210805/42.tif,Pre_event/S1_DESC_20210803/42.tif,Post_event/S1_ASC_20210817/42.tif,Post_event/S1_DESC_20210815/42.tif,Pre_event/S2_20210804/42.tif,Post_event/S2_20210814/42.tif,Annotations/42.tif
43,train,147,11.633,14478,1763,143,0,10.272,14701,1683,0,0,11.633,14478,1763,143,0,10.272,14701,1683,0,0,Pre_event/S1_ASC_20210805/43.tif,Pre_event/S1_DESC_20210803/43.tif,Post_event/S1_ASC_20210817/43.tif,Post_event/S1_DESC_20210815/43.tif,Pre_event/S2_20210804/43.tif,Post_event/S2_20210814/43.tif,Annotations/43.tif
44,test,753,10.736,14625,1649,110,0,17.23,13561,2809,14,0,10.736,14625,1649,110,0,17.23,13561,2809,14,0,Pre_event/S1_ASC_20210805/44.tif,Pre_event/S1_DESC_20210803/44.tif,Post_event/S1_ASC_20210817/44.tif,Post_event/S1_DESC_20210815/44.tif,Pre_event/S2_20210804/44.tif,Post_event/S2_20210814/44.tif,Annotations/44.tif
45,train,747,12.225,14381,2001,2,0,11.633,14478,1802,104,0,12.225,14381,2001,2,0,11.633,14478,1802,104,0,Pre_event/S1_ASC_20210805/45.tif,Pre_event/S1_DESC_20210803/45.tif,Post_event/S1_ASC_20210817/45.tif,Post_event/S1_DESC_20210815/45.tif,Pre_event/S2_20210804/45.tif,Post_event/S2_20210814/45.tif,Annotations/45.tif
46,train,169,17.072,13587,2797,0,0,12.524,14332,1924,128,0,17.072,13587,2797,0,0,12.524,14332,1924,128,0,Pre_event/S1_ASC_20210805/46.tif,Pre_event/S1_DESC_20210803/46.tif,Post_event/S1_ASC_20210817/46.tif,Post_event/S1_DESC_20210815/46.tif,Pre_event/S2_20210804/46.tif,Post_event/S2_20210814/46.tif,Annotations/46.tif
47,val,122,3.302,15843,541,0,0,9.576,14815,1569,0,0,3.302,15843,541,0,0,9.576,14815,1569,0,0,Pre_event/S1_ASC_20210805/47.tif,Pre_event/S1_DESC_20210803/47.tif,Post_event/S1_ASC_20210817/47.tif,Post_event/S1_DESC_20210815/47.tif,Pre_event/S2_20210804/47.tif,Post_event/S2_20210814/47.tif,Annotations/47.tif
48,train,115,13.287,14207,2171,6,0,6.036,15395,955,34,0,13.287,14207,2171,6,0,6.036,15395,955,34,0,Pre_event/S1_ASC_20210805/48.tif,Pre_event/S1_DESC_20210803/48.tif,Post_event/S1_ASC_20210817/48.tif,Post_event/S1_DESC_20210815/48.tif,Pre_event/S2_20210804/48.tif,Post_event/S2_20210814/48.tif,Annotations/48.tif
49,test,382,44.244,9135,7244,5,0,11.383,14519,1680,185,0,44.244,9135,7244,5,0,11.383,14519,1680,185,0,Pre_event/S1_ASC_20210805/49.tif,Pre_event/S1_DESC_20210803/49.tif,Post_event/S1_ASC_20210817/49.tif,Post_event/S1_DESC_20210815/49.tif,Pre_event/S2_20210804/49.tif,Post_event/S2_20210814/49.tif,Annotations/49.tif
50,train,406,64.789,5769,10615,0,0,13.641,14149,1906,329,0,64.789,5769,10615,0,0,13.641,14149,1906,329,0,Pre_event/S1_ASC_20210805/50.tif,Pre_event/S1_DESC_20210803/50.tif,Post_event/S1_ASC_20210817/50.tif,Post_event/S1_DESC_20210815/50.tif,Pre_event/S2_20210804/50.tif,Post_event/S2_20210814/50.tif,Annotations/50.tif
51,test,139,46.796,8717,7666,1,0,15.045,13919,2163,302,0,46.796,8717,7666,1,0,15.045,13919,2163,302,0,Pre_event/S1_ASC_20210805/51.tif,Pre_event/S1_DESC_20210803/51.tif,Post_event/S1_ASC_20210817/51.tif,Post_event/S1_DESC_20210815/51.tif,Pre_event/S2_20210804/51.tif,Post_event/S2_20210814/51.tif,Annotations/51.tif
52,train,175,6.195,15369,1015,0,0,1.465,16144,240,0,0,6.195,15369,1015,0,0,1.465,16144,240,0,0,Pre_event/S1_ASC_20210805/52.tif,Pre_event/S1_DESC_20210803/52.tif,Post_event/S1_ASC_20210817/52.tif,Post_event/S1_DESC_20210815/52.tif,Pre_event/S2_20210804/52.tif,Post_event/S2_20210814/52.tif,Annotations/52.tif
53,train,243,3.613,15792,592,0,0,0.58,16289,83,12,0,3.613,15792,592,0,0,0.58,16289,83,12,0,Pre_event/S1_ASC_20210805/53.tif,Pre_event/S1_DESC_20210803/53.tif,Post_event/S1_ASC_20210817/53.tif,Post_event/S1_DESC_20210815/53.tif,Pre_event/S2_20210804/53.tif,Post_event/S2_20210814/53.tif,Annotations/53.tif
54,val,289,15.9,13779,2601,4,0,9.991,14747,1545,92,0,15.9,13779,2601,4,0,9.991,14747,1545,92,0,Pre_event/S1_ASC_20210805/54.tif,Pre_event/S1_DESC_20210803/54.tif,Post_event/S1_ASC_20210817/54.tif,Post_event/S1_DESC_20210815/54.tif,Pre_event/S2_20210804/54.tif,Post_event/S2_20210814/54.tif,Annotations/54.tif
55,train,397,22.614,12679,3705,0,0,6.976,15241,967,176,0,22.614,12679,3705,0,0,6.976,15241,967,176,0,Pre_event/S1_ASC_20210805/55.tif,Pre_event/S1_DESC_20210803/55.tif,Post_event/S1_ASC_20210817/55.tif,Post_event/S1_DESC_20210815/55.tif,Pre_event/S2_20210804/55.tif,Post_event/S2_20210814/55.tif,Annotations/55.tif
56,train,355,44.83,9039,7345,0,0,10.333,14691,1573,120,0,44.83,9039,7345,0,0,10.333,14691,1573,120,0,Pre_event/S1_ASC_20210805/56.tif,Pre_event/S1_DESC_20210803/56.tif,Post_event/S1_ASC_20210817/56.tif,Post_event/S1_DESC_20210815/56.tif,Pre_event/S2_20210804/56.tif,Post_event/S2_20210814/56.tif,Annotations/56.tif
57,train,324,52.692,7751,8633,0,0,7.324,15184,1145,55,0,52.692,7751,8633,0,0,7.324,15184,1145,55,0,Pre_event/S1_ASC_20210805/57.tif,Pre_event/S1_DESC_20210803/57.tif,Post_event/S1_ASC_20210817/57.tif,Post_event/S1_DESC_20210815/57.tif,Pre_event/S2_20210804/57.tif,Post_event/S2_20210814/57.tif,Annotations/57.tif
58,train,241,27.893,11814,4570,0,0,5.231,15527,838,19,0,27.893,11814,4570,0,0,5.231,15527,838,19,0,Pre_event/S1_ASC_20210805/58.tif,Pre_event/S1_DESC_20210803/58.tif,Post_event/S1_ASC_20210817/58.tif,Post_event/S1_DESC_20210815/58.tif,Pre_event/S2_20210804/58.tif,Post_event/S2_20210814/58.tif,Annotations/58.tif
59,test,126,8.356,15015,1354,15,0,7.41,15170,1214,0,0,8.356,15015,1354,15,0,7.41,15170,1214,0,0,Pre_event/S1_ASC_20210805/59.tif,Pre_event/S1_DESC_20210803/59.tif,Post_event/S1_ASC_20210817/59.tif,Post_event/S1_DESC_20210815/59.tif,Pre_event/S2_20210804/59.tif,Post_event/S2_20210814/59.tif,Annotations/59.tif
60,train,218,35.706,10534,5840,10,0,18.353,13377,2881,126,0,35.706,10534,5840,10,0,18.353,13377,2881,126,0,Pre_event/S1_ASC_20210805/60.tif,Pre_event/S1_DESC_20210803/60.tif,Post_event/S1_ASC_20210817/60.tif,Post_event/S1_DESC_20210815/60.tif,Pre_event/S2_20210804/60.tif,Post_event/S2_20210814/60.tif,Annotations/60.tif
61,val,609,56.342,7153,9222,9,0,10.675,14635,1574,175,0,56.342,7153,9222,9,0,10.675,14635,1574,175,0,Pre_event/S1_ASC_20210805/61.tif,Pre_event/S1_DESC_20210803/61.tif,Post_event/S1_ASC_20210817/61.tif,Post_event/S1_DESC_20210815/61.tif,Pre_event/S2_20210804/61.tif,Post_event/S2_20210814/61.tif,Annotations/61.tif
62,train,443,53.284,7654,8724,6,0,7.69,15124,913,347,0,53.284,7654,8724,6,0,7.69,15124,913,347,0,Pre_event/S1_ASC_20210805/62.tif,Pre_event/S1_DESC_20210803/62.tif,Post_event/S1_ASC_20210817/62.tif,Post_event/S1_DESC_20210815/62.tif,Pre_event/S2_20210804/62.tif,Post_event/S2_20210814/62.tif,Annotations/62.tif
63,val,606,41.431,9596,6788,0,0,5.17,15537,378,469,0,41.431,9596,6788,0,0,5.17,15537,378,469,0,Pre_event/S1_ASC_20210805/63.tif,Pre_event/S1_DESC_20210803/63.tif,Post_event/S1_ASC_20210817/63.tif,Post_event/S1_DESC_20210815/63.tif,Pre_event/S2_20210804/63.tif,Post_event/S2_20210814/63.tif,Annotations/63.tif
64,train,611,20.557,13016,3368,0,0,7.306,15187,1024,173,0,20.557,13016,3368,0,0,7.306,15187,1024,173,0,Pre_event/S1_ASC_20210805/64.tif,Pre_event/S1_DESC_20210803/64.tif,Post_event/S1_ASC_20210817/64.tif,Post_event/S1_DESC_20210815/64.tif,Pre_event/S2_20210804/64.tif,Post_event/S2_20210814/64.tif,Annotations/64.tif
65,test,172,10.535,14658,1726,0,0,14.679,13979,2403,2,0,10.535,14658,1726,0,0,14.679,13979,2403,2,0,Pre_event/S1_ASC_20210805/65.tif,Pre_event/S1_DESC_20210803/65.tif,Post_event/S1_ASC_20210817/65.tif,Post_event/S1_DESC_20210815/65.tif,Pre_event/S2_20210804/65.tif,Post_event/S2_20210814/65.tif,Annotations/65.tif
66,train,585,29.877,11489,4887,8,0,33.386,10914,5338,132,0,29.877,11489,4887,8,0,33.386,10914,5338,132,0,Pre_event/S1_ASC_20210805/66.tif,Pre_event/S1_DESC_20210803/66.tif,Post_event/S1_ASC_20210817/66.tif,Post_event/S1_DESC_20210815/66.tif,Pre_event/S2_20210804/66.tif,Post_event/S2_20210814/66.tif,Annotations/66.tif
67,test,622,31.647,11199,5177,8,0,35.498,10568,5664,152,0,31.647,11199,5177,8,0,35.498,10568,5664,152,0,Pre_event/S1_ASC_20210805/67.tif,Pre_event/S1_DESC_20210803/67.tif,Post_event/S1_ASC_20210817/67.tif,Post_event/S1_DESC_20210815/67.tif,Pre_event/S2_20210804/67.tif,Post_event/S2_20210814/67.tif,Annotations/67.tif
68,val,212,11.499,14500,1883,1,0,25.336,12233,4131,20,0,11.499,14500,1883,1,0,25.336,12233,4131,20,0,Pre_event/S1_ASC_20210805/68.tif,Pre_event/S1_DESC_20210803/68.tif,Post_event/S1_ASC_20210817/68.tif,Post_event/S1_DESC_20210815/68.tif,Pre_event/S2_20210804/68.tif,Post_event/S2_20210814/68.tif,Annotations/68.tif
69,test,203,5.573,15471,913,0,0,4.126,15708,674,2,0,5.573,15471,913,0,0,4.126,15708,674,2,0,Pre_event/S1_ASC_20210805/69.tif,Pre_event/S1_DESC_20210803/69.tif,Post_event/S1_ASC_20210817/69.tif,Post_event/S1_DESC_20210815/69.tif,Pre_event/S2_20210804/69.tif,Post_event/S2_20210814/69.tif,Annotations/69.tif
70,test,271,3.497,15811,573,0,0,0.073,16372,0,12,0,3.497,15811,573,0,0,0.073,16372,0,12,0,Pre_event/S1_ASC_20210805/70.tif,Pre_event/S1_DESC_20210803/70.tif,Post_event/S1_ASC_20210817/70.tif,Post_event/S1_DESC_20210815/70.tif,Pre_event/S2_20210804/70.tif,Post_event/S2_20210814/70.tif,Annotations/70.tif
71,val,158,15.942,13772,2612,0,0,2.759,15932,203,249,0,15.942,13772,2612,0,0,2.759,15932,203,249,0,Pre_event/S1_ASC_20210805/71.tif,Pre_event/S1_DESC_20210803/71.tif,Post_event/S1_ASC_20210817/71.tif,Post_event/S1_DESC_20210815/71.tif,Pre_event/S2_20210804/71.tif,Post_event/S2_20210814/71.tif,Annotations/71.tif
72,val,381,44.934,9022,7362,0,0,1.093,16205,0,179,0,44.934,9022,7362,0,0,1.093,16205,0,179,0,Pre_event/S1_ASC_20210805/72.tif,Pre_event/S1_DESC_20210803/72.tif,Post_event/S1_ASC_20210817/72.tif,Post_event/S1_DESC_20210815/72.tif,Pre_event/S2_20210804/72.tif,Post_event/S2_20210814/72.tif,Annotations/72.tif
73,test,449,78.973,3445,12939,0,0,0.623,16282,0,102,0,78.973,3445,12939,0,0,0.623,16282,0,102,0,Pre_event/S1_ASC_20210805/73.tif,Pre_event/S1_DESC_20210803/73.tif,Post_event/S1_ASC_20210817/73.tif,Post_event/S1_DESC_20210815/73.tif,Pre_event/S2_20210804/73.tif,Post_event/S2_20210814/73.tif,Annotations/73.tif
74,train,289,57.153,7020,9364,0,0,1.019,16217,107,60,0,57.153,7020,9364,0,0,1.019,16217,107,60,0,Pre_event/S1_ASC_20210805/74.tif,Pre_event/S1_DESC_20210803/74.tif,Post_event/S1_ASC_20210817/74.tif,Post_event/S1_DESC_20210815/74.tif,Pre_event/S2_20210804/74.tif,Post_event/S2_20210814/74.tif,Annotations/74.tif
75,train,109,17.505,13516,2866,2,0,5.988,15403,946,35,0,17.505,13516,2866,2,0,5.988,15403,946,35,0,Pre_event/S1_ASC_20210805/75.tif,Pre_event/S1_DESC_20210803/75.tif,Post_event/S1_ASC_20210817/75.tif,Post_event/S1_DESC_20210815/75.tif,Pre_event/S2_20210804/75.tif,Post_event/S2_20210814/75.tif,Annotations/75.tif
76,test,109,9.418,14841,1541,2,0,11.951,14426,1913,45,0,9.418,14841,1541,2,0,11.951,14426,1913,45,0,Pre_event/S1_ASC_20210805/76.tif,Pre_event/S1_DESC_20210803/76.tif,Post_event/S1_ASC_20210817/76.tif,Post_event/S1_DESC_20210815/76.tif,Pre_event/S2_20210804/76.tif,Post_event/S2_20210814/76.tif,Annotations/76.tif
77,train,151,3.094,15877,500,7,0,17.133,13577,2797,10,0,3.094,15877,500,7,0,17.133,13577,2797,10,0,Pre_event/S1_ASC_20210805/77.tif,Pre_event/S1_DESC_20210803/77.tif,Post_event/S1_ASC_20210817/77.tif,Post_event/S1_DESC_20210815/77.tif,Pre_event/S2_20210804/77.tif,Post_event/S2_20210814/77.tif,Annotations/77.tif
78,test,1263,2.563,15964,384,36,0,31.555,11214,5158,12,0,2.563,15964,384,36,0,31.555,11214,5158,12,0,Pre_event/S1_ASC_20210805/78.tif,Pre_event/S1_DESC_20210803/78.tif,Post_event/S1_ASC_20210817/78.tif,Post_event/S1_DESC_20210815/78.tif,Pre_event/S2_20210804/78.tif,Post_event/S2_20210814/78.tif,Annotations/78.tif
79,train,1862,12.988,14256,2096,32,0,35.87,10507,5748,129,0,12.988,14256,2096,32,0,35.87,10507,5748,129,0,Pre_event/S1_ASC_20210805/79.tif,Pre_event/S1_DESC_20210803/79.tif,Post_event/S1_ASC_20210817/79.tif,Post_event/S1_DESC_20210815/79.tif,Pre_event/S2_20210804/79.tif,Post_event/S2_20210814/79.tif,Annotations/79.tif
80,train,1677,22.876,12636,3739,9,0,27.24,11921,4330,133,0,22.876,12636,3739,9,0,27.24,11921,4330,133,0,Pre_event/S1_ASC_20210805/80.tif,Pre_event/S1_DESC_20210803/80.tif,Post_event/S1_ASC_20210817/80.tif,Post_event/S1_DESC_20210815/80.tif,Pre_event/S2_20210804/80.tif,Post_event/S2_20210814/80.tif,Annotations/80.tif
81,train,949,22.443,12707,3669,8,0,15.771,13800,2417,167,0,22.443,12707,3669,8,0,15.771,13800,2417,167,0,Pre_event/S1_ASC_20210805/81.tif,Pre_event/S1_DESC_20210803/81.tif,Post_event/S1_ASC_20210817/81.tif,Post_event/S1_DESC_20210815/81.tif,Pre_event/S2_20210804/81.tif,Post_event/S2_20210814/81.tif,Annotations/81.tif
82,train,1482,25.189,12257,4125,2,0,8.74,14952,1140,292,0,25.189,12257,4125,2,0,8.74,14952,1140,292,0,Pre_event/S1_ASC_20210805/82.tif,Pre_event/S1_DESC_20210803/82.tif,Post_event/S1_ASC_20210817/82.tif,Post_event/S1_DESC_20210815/82.tif,Pre_event/S2_20210804/82.tif,Post_event/S2_20210814/82.tif,Annotations/82.tif
83,train,1776,27.191,11929,4455,0,0,12.451,14344,1409,631,0,27.191,11929,4455,0,0,12.451,14344,1409,631,0,Pre_event/S1_ASC_20210805/83.tif,Pre_event/S1_DESC_20210803/83.tif,Post_event/S1_ASC_20210817/83.tif,Post_event/S1_DESC_20210815/83.tif,Pre_event/S2_20210804/83.tif,Post_event/S2_20210814/83.tif,Annotations/83.tif
84,train,680,30.182,11439,4795,39,111,23.486,12536,3155,693,0,30.182,11439,4795,39,111,23.486,12536,3155,693,0,Pre_event/S1_ASC_20210805/84.tif,Pre_event/S1_DESC_20210803/84.tif,Post_event/S1_ASC_20210817/84.tif,Post_event/S1_DESC_20210815/84.tif,Pre_event/S2_20210804/84.tif,Post_event/S2_20210814/84.tif,Annotations/84.tif
85,train,932,27.875,11817,4404,52,111,44.525,9089,6862,433,0,27.875,11817,4404,52,111,44.525,9089,6862,433,0,Pre_event/S1_ASC_20210805/85.tif,Pre_event/S1_DESC_20210803/85.tif,Post_event/S1_ASC_20210817/85.tif,Post_event/S1_DESC_20210815/85.tif,Pre_event/S2_20210804/85.tif,Post_event/S2_20210814/85.tif,Annotations/85.tif
86,train,1365,21.539,12855,3509,20,0,48.199,8487,7139,758,0,21.539,12855,3509,20,0,48.199,8487,7139,758,0,Pre_event/S1_ASC_20210805/86.tif,Pre_event/S1_DESC_20210803/86.tif,Post_event/S1_ASC_20210817/86.tif,Post_event/S1_DESC_20210815/86.tif,Pre_event/S2_20210804/86.tif,Post_event/S2_20210814/86.tif,Annotations/86.tif
87,train,1099,26.447,12051,4326,7,0,29.077,11620,4236,528,0,26.447,12051,4326,7,0,29.077,11620,4236,528,0,Pre_event/S1_ASC_20210805/87.tif,Pre_event/S1_DESC_20210803/87.tif,Post_event/S1_ASC_20210817/87.tif,Post_event/S1_DESC_20210815/87.tif,Pre_event/S2_20210804/87.tif,Post_event/S2_20210814/87.tif,Annotations/87.tif
88,train,302,27.814,11827,4557,0,0,14.905,13942,2440,2,0,27.814,11827,4557,0,0,14.905,13942,2440,2,0,Pre_event/S1_ASC_20210805/88.tif,Pre_event/S1_DESC_20210803/88.tif,Post_event/S1_ASC_20210817/88.tif,Post_event/S1_DESC_20210815/88.tif,Pre_event/S2_20210804/88.tif,Post_event/S2_20210814/88.tif,Annotations/88.tif
89,train,119,8.142,15050,1334,0,0,8.881,14929,1434,21,0,8.142,15050,1334,0,0,8.881,14929,1434,21,0,Pre_event/S1_ASC_20210805/89.tif,Pre_event/S1_DESC_20210803/89.tif,Post_event/S1_ASC_20210817/89.tif,Post_event/S1_DESC_20210815/89.tif,Pre_event/S2_20210804/89.tif,Post_event/S2_20210814/89.tif,Annotations/89.tif
90,train,136,12.091,14403,1940,41,0,17.877,13455,2854,75,0,12.091,14403,1940,41,0,17.877,13455,2854,75,0,Pre_event/S1_ASC_20210805/90.tif,Pre_event/S1_DESC_20210803/90.tif,Post_event/S1_ASC_20210817/90.tif,Post_event/S1_DESC_20210815/90.tif,Pre_event/S2_20210804/90.tif,Post_event/S2_20210814/90.tif,Annotations/90.tif
91,train,401,27.069,11949,4429,6,0,14.062,14080,1749,555,0,27.069,11949,4429,6,0,14.062,14080,1749,555,0,Pre_event/S1_ASC_20210805/91.tif,Pre_event/S1_DESC_20210803/91.tif,Post_event/S1_ASC_20210817/91.tif,Post_event/S1_DESC_20210815/91.tif,Pre_event/S2_20210804/91.tif,Post_event/S2_20210814/91.tif,Annotations/91.tif
92,train,401,26.807,11992,4387,5,0,6.226,15364,615,405,0,26.807,11992,4387,5,0,6.226,15364,615,405,0,Pre_event/S1_ASC_20210805/92.tif,Pre_event/S1_DESC_20210803/92.tif,Post_event/S1_ASC_20210817/92.tif,Post_event/S1_DESC_20210815/92.tif,Pre_event/S2_20210804/92.tif,Post_event/S2_20210814/92.tif,Annotations/92.tif
93,val,151,6.982,15240,1144,0,0,0.94,16230,0,154,0,6.982,15240,1144,0,0,0.94,16230,0,154,0,Pre_event/S1_ASC_20210805/93.tif,Pre_event/S1_DESC_20210803/93.tif,Post_event/S1_ASC_20210817/93.tif,Post_event/S1_DESC_20210815/93.tif,Pre_event/S2_20210804/93.tif,Post_event/S2_20210814/93.tif,Annotations/93.tif
94,val,165,15.393,13862,2522,0,0,0.897,16237,0,147,0,15.393,13862,2522,0,0,0.897,16237,0,147,0,Pre_event/S1_ASC_20210805/94.tif,Pre_event/S1_DESC_20210803/94.tif,Post_event/S1_ASC_20210817/94.tif,Post_event/S1_DESC_20210815/94.tif,Pre_event/S2_20210804/94.tif,Post_event/S2_20210814/94.tif,Annotations/94.tif
95,val,431,43.127,9318,7066,0,0,0.415,16316,0,68,0,43.127,9318,7066,0,0,0.415,16316,0,68,0,Pre_event/S1_ASC_20210805/95.tif,Pre_event/S1_DESC_20210803/95.tif,Post_event/S1_ASC_20210817/95.tif,Post_event/S1_DESC_20210815/95.tif,Pre_event/S2_20210804/95.tif,Post_event/S2_20210814/95.tif,Annotations/95.tif
96,train,873,62.592,6129,10255,0,0,0.464,16308,0,76,0,62.592,6129,10255,0,0,0.464,16308,0,76,0,Pre_event/S1_ASC_20210805/96.tif,Pre_event/S1_DESC_20210803/96.tif,Post_event/S1_ASC_20210817/96.tif,Post_event/S1_DESC_20210815/96.tif,Pre_event/S2_20210804/96.tif,Post_event/S2_20210814/96.tif,Annotations/96.tif
97,train,456,49.646,8250,8134,0,0,0.555,16293,0,91,0,49.646,8250,8134,0,0,0.555,16293,0,91,0,Pre_event/S1_ASC_20210805/97.tif,Pre_event/S1_DESC_20210803/97.tif,Post_event/S1_ASC_20210817/97.tif,Post_event/S1_DESC_20210815/97.tif,Pre_event/S2_20210804/97.tif,Post_event/S2_20210814/97.tif,Annotations/97.tif
98,train,109,31.763,11180,5204,0,0,3.052,15884,409,91,0,31.763,11180,5204,0,0,3.052,15884,409,91,0,Pre_event/S1_ASC_20210805/98.tif,Pre_event/S1_DESC_20210803/98.tif,Post_event/S1_ASC_20210817/98.tif,Post_event/S1_DESC_20210815/98.tif,Pre_event/S2_20210804/98.tif,Post_event/S2_20210814/98.tif,Annotations/98.tif
99,test,109,30.103,11452,4932,0,0,6.494,15320,956,108,0,30.103,11452,4932,0,0,6.494,15320,956,108,0,Pre_event/S1_ASC_20210805/99.tif,Pre_event/S1_DESC_20210803/99.tif,Post_event/S1_ASC_20210817/99.tif,Post_event/S1_DESC_20210815/99.tif,Pre_event/S2_20210804/99.tif,Post_event/S2_20210814/99.tif,Annotations/99.tif
100,val,151,26.202,12091,4277,16,0,19.507,13188,3108,88,0,26.202,12091,4277,16,0,19.507,13188,3108,88,0,Pre_event/S1_ASC_20210805/100.tif,Pre_event/S1_DESC_20210803/100.tif,Post_event/S1_ASC_20210817/100.tif,Post_event/S1_DESC_20210815/100.tif,Pre_event/S2_20210804/100.tif,Post_event/S2_20210814/100.tif,Annotations/100.tif
101,train,1478,19.25,13230,3109,45,0,26.105,12107,4200,77,0,19.25,13230,3109,45,0,26.105,12107,4200,77,0,Pre_event/S1_ASC_20210805/101.tif,Pre_event/S1_DESC_20210803/101.tif,Post_event/S1_ASC_20210817/101.tif,Post_event/S1_DESC_20210815/101.tif,Pre_event/S2_20210804/101.tif,Post_event/S2_20210814/101.tif,Annotations/101.tif
102,val,1917,19.769,13145,3210,29,0,21.79,12814,3489,81,0,19.769,13145,3210,29,0,21.79,12814,3489,81,0,Pre_event/S1_ASC_20210805/102.tif,Pre_event/S1_DESC_20210803/102.tif,Post_event/S1_ASC_20210817/102.tif,Post_event/S1_DESC_20210815/102.tif,Pre_event/S2_20210804/102.tif,Post_event/S2_20210814/102.tif,Annotations/102.tif
103,train,1532,15.607,13827,2557,0,0,19.72,13153,3156,75,0,15.607,13827,2557,0,0,19.72,13153,3156,75,0,Pre_event/S1_ASC_20210805/103.tif,Pre_event/S1_DESC_20210803/103.tif,Post_event/S1_ASC_20210817/103.tif,Post_event/S1_DESC_20210815/103.tif,Pre_event/S2_20210804/103.tif,Post_event/S2_20210814/103.tif,Annotations/103.tif
104,train,964,15.112,13908,2474,2,0,11.346,14525,1766,93,0,15.112,13908,2474,2,0,11.346,14525,1766,93,0,Pre_event/S1_ASC_20210805/104.tif,Pre_event/S1_DESC_20210803/104.tif,Post_event/S1_ASC_20210817/104.tif,Post_event/S1_DESC_20210815/104.tif,Pre_event/S2_20210804/104.tif,Post_event/S2_20210814/104.tif,Annotations/104.tif
105,train,924,18.121,13415,2967,2,0,5.994,15402,872,110,0,18.121,13415,2967,2,0,5.994,15402,872,110,0,Pre_event/S1_ASC_20210805/105.tif,Pre_event/S1_DESC_20210803/105.tif,Post_event/S1_ASC_20210817/105.tif,Post_event/S1_DESC_20210815/105.tif,Pre_event/S2_20210804/105.tif,Post_event/S2_20210814/105.tif,Annotations/105.tif
106,train,1320,40.521,9745,6639,0,0,12.659,14310,714,1360,0,40.521,9745,6639,0,0,12.659,14310,714,1360,0,Pre_event/S1_ASC_20210805/106.tif,Pre_event/S1_DESC_20210803/106.tif,Post_event/S1_ASC_20210817/106.tif,Post_event/S1_DESC_20210815/106.tif,Pre_event/S2_20210804/106.tif,Post_event/S2_20210814/106.tif,Annotations/106.tif
107,train,1574,71.527,4665,11569,39,111,21.393,12879,1357,2135,13,71.527,4665,11569,39,111,21.393,12879,1357,2135,13,Pre_event/S1_ASC_20210805/107.tif,Pre_event/S1_DESC_20210803/107.tif,Post_event/S1_ASC_20210817/107.tif,Post_event/S1_DESC_20210815/107.tif,Pre_event/S2_20210804/107.tif,Post_event/S2_20210814/107.tif,Annotations/107.tif
108,train,2268,62.805,6094,10135,44,111,21.442,12871,2380,1120,13,62.805,6094,10135,44,111,21.442,12871,2380,1120,13,Pre_event/S1_ASC_20210805/108.tif,Pre_event/S1_DESC_20210803/108.tif,Post_event/S1_ASC_20210817/108.tif,Post_event/S1_DESC_20210815/108.tif,Pre_event/S2_20210804/108.tif,Post_event/S2_20210814/108.tif,Annotations/108.tif
109,test,2248,57.043,7038,9334,12,0,25.085,12274,2723,1387,0,57.043,7038,9334,12,0,25.085,12274,2723,1387,0,Pre_event/S1_ASC_20210805/109.tif,Pre_event/S1_DESC_20210803/109.tif,Post_event/S1_ASC_20210817/109.tif,Post_event/S1_DESC_20210815/109.tif,Pre_event/S2_20210804/109.tif,Post_event/S2_20210814/109.tif,Annotations/109.tif
110,val,1430,65.198,5702,10675,7,0,17.578,13504,1765,1115,0,65.198,5702,10675,7,0,17.578,13504,1765,1115,0,Pre_event/S1_ASC_20210805/110.tif,Pre_event/S1_DESC_20210803/110.tif,Post_event/S1_ASC_20210817/110.tif,Post_event/S1_DESC_20210815/110.tif,Pre_event/S2_20210804/110.tif,Post_event/S2_20210814/110.tif,Annotations/110.tif
111,train,294,51.099,8012,8372,0,0,3.748,15770,614,0,0,51.099,8012,8372,0,0,3.748,15770,614,0,0,Pre_event/S1_ASC_20210805/111.tif,Pre_event/S1_DESC_20210803/111.tif,Post_event/S1_ASC_20210817/111.tif,Post_event/S1_DESC_20210815/111.tif,Pre_event/S2_20210804/111.tif,Post_event/S2_20210814/111.tif,Annotations/111.tif
112,train,192,7.422,15168,1216,0,0,3.705,15777,571,36,0,7.422,15168,1216,0,0,3.705,15777,571,36,0,Pre_event/S1_ASC_20210805/112.tif,Pre_event/S1_DESC_20210803/112.tif,Post_event/S1_ASC_20210817/112.tif,Post_event/S1_DESC_20210815/112.tif,Pre_event/S2_20210804/112.tif,Post_event/S2_20210814/112.tif,Annotations/112.tif
113,train,192,0.189,16353,31,0,0,2.57,15963,421,0,0,0.189,16353,31,0,0,2.57,15963,421,0,0,Pre_event/S1_ASC_20210805/113.tif,Pre_event/S1_DESC_20210803/113.tif,Post_event/S1_ASC_20210817/113.tif,Post_event/S1_DESC_20210815/113.tif,Pre_event/S2_20210804/113.tif,Post_event/S2_20210814/113.tif,Annotations/113.tif
114,train,131,6.622,15299,1085,0,0,6.525,15315,1048,21,0,6.622,15299,1085,0,0,6.525,15315,1048,21,0,Pre_event/S1_ASC_20210805/114.tif,Pre_event/S1_DESC_20210803/114.tif,Post_event/S1_ASC_20210817/114.tif,Post_event/S1_DESC_20210815/114.tif,Pre_event/S2_20210804/114.tif,Post_event/S2_20210814/114.tif,Annotations/114.tif
115,test,202,24.536,12364,4012,8,0,17.328,13545,2357,482,0,24.536,12364,4012,8,0,17.328,13545,2357,482,0,Pre_event/S1_ASC_20210805/115.tif,Pre_event/S1_DESC_20210803/115.tif,Post_event/S1_ASC_20210817/115.tif,Post_event/S1_DESC_20210815/115.tif,Pre_event/S2_20210804/115.tif,Post_event/S2_20210814/115.tif,Annotations/115.tif
116,val,401,66.089,5556,10822,6,0,16.071,13751,695,1938,0,66.089,5556,10822,6,0,16.071,13751,695,1938,0,Pre_event/S1_ASC_20210805/116.tif,Pre_event/S1_DESC_20210803/116.tif,Post_event/S1_ASC_20210817/116.tif,Post_event/S1_DESC_20210815/116.tif,Pre_event/S2_20210804/116.tif,Post_event/S2_20210814/116.tif,Annotations/116.tif
117,train,483,52.759,7740,8644,0,0,6.72,15283,0,1101,0,52.759,7740,8644,0,0,6.72,15283,0,1101,0,Pre_event/S1_ASC_20210805/117.tif,Pre_event/S1_DESC_20210803/117.tif,Post_event/S1_ASC_20210817/117.tif,Post_event/S1_DESC_20210815/117.tif,Pre_event/S2_20210804/117.tif,Post_event/S2_20210814/117.tif,Annotations/117.tif
118,train,102,35.352,10592,5792,0,0,0.94,16230,0,154,0,35.352,10592,5792,0,0,0.94,16230,0,154,0,Pre_event/S1_ASC_20210805/118.tif,Pre_event/S1_DESC_20210803/118.tif,Post_event/S1_ASC_20210817/118.tif,Post_event/S1_DESC_20210815/118.tif,Pre_event/S2_20210804/118.tif,Post_event/S2_20210814/118.tif,Annotations/118.tif
119,train,306,7.379,15175,1209,0,0,0.0,16384,0,0,0,7.379,15175,1209,0,0,0.0,16384,0,0,0,Pre_event/S1_ASC_20210805/119.tif,Pre_event/S1_DESC_20210803/119.tif,Post_event/S1_ASC_20210817/119.tif,Post_event/S1_DESC_20210815/119.tif,Pre_event/S2_20210804/119.tif,Post_event/S2_20210814/119.tif,Annotations/119.tif
120,train,762,35.101,10633,5751,0,0,0.214,16349,0,35,0,35.101,10633,5751,0,0,0.214,16349,0,35,0,Pre_event/S1_ASC_20210805/120.tif,Pre_event/S1_DESC_20210803/120.tif,Post_event/S1_ASC_20210817/120.tif,Post_event/S1_DESC_20210815/120.tif,Pre_event/S2_20210804/120.tif,Post_event/S2_20210814/120.tif,Annotations/120.tif
121,val,778,59.094,6702,9682,0,0,1.904,16072,0,312,0,59.094,6702,9682,0,0,1.904,16072,0,312,0,Pre_event/S1_ASC_20210805/121.tif,Pre_event/S1_DESC_20210803/121.tif,Post_event/S1_ASC_20210817/121.tif,Post_event/S1_DESC_20210815/121.tif,Pre_event/S2_20210804/121.tif,Post_event/S2_20210814/121.tif,Annotations/121.tif
122,train,328,47.229,8646,7738,0,0,1.691,16107,0,277,0,47.229,8646,7738,0,0,1.691,16107,0,277,0,Pre_event/S1_ASC_20210805/122.tif,Pre_event/S1_DESC_20210803/122.tif,Post_event/S1_ASC_20210817/122.tif,Post_event/S1_DESC_20210815/122.tif,Pre_event/S2_20210804/122.tif,Post_event/S2_20210814/122.tif,Annotations/122.tif
123,test,367,56.281,7163,9198,23,0,11.096,14566,1724,94,0,56.281,7163,9198,23,0,11.096,14566,1724,94,0,Pre_event/S1_ASC_20210805/123.tif,Pre_event/S1_DESC_20210803/123.tif,Post_event/S1_ASC_20210817/123.tif,Post_event/S1_DESC_20210815/123.tif,Pre_event/S2_20210804/123.tif,Post_event/S2_20210814/123.tif,Annotations/123.tif
124,test,811,41.339,9611,6762,11,0,6.952,15245,1068,71,0,41.339,9611,6762,11,0,6.952,15245,1068,71,0,Pre_event/S1_ASC_20210805/124.tif,Pre_event/S1_DESC_20210803/124.tif,Post_event/S1_ASC_20210817/124.tif,Post_event/S1_DESC_20210815/124.tif,Pre_event/S2_20210804/124.tif,Post_event/S2_20210814/124.tif,Annotations/124.tif
125,train,1185,29.59,11536,4844,4,0,5.957,15408,764,212,0,29.59,11536,4844,4,0,5.957,15408,764,212,0,Pre_event/S1_ASC_20210805/125.tif,Pre_event/S1_DESC_20210803/125.tif,Post_event/S1_ASC_20210817/125.tif,Post_event/S1_DESC_20210815/125.tif,Pre_event/S2_20210804/125.tif,Post_event/S2_20210814/125.tif,Annotations/125.tif
126,train,889,27.93,11808,4576,0,0,3.9,15745,372,267,0,27.93,11808,4576,0,0,3.9,15745,372,267,0,Pre_event/S1_ASC_20210805/126.tif,Pre_event/S1_DESC_20210803/126.tif,Post_event/S1_ASC_20210817/126.tif,Post_event/S1_DESC_20210815/126.tif,Pre_event/S2_20210804/126.tif,Post_event/S2_20210814/126.tif,Annotations/126.tif
127,val,291,23.364,12556,3828,0,0,4.456,15654,218,512,0,23.364,12556,3828,0,0,4.456,15654,218,512,0,Pre_event/S1_ASC_20210805/127.tif,Pre_event/S1_DESC_20210803/127.tif,Post_event/S1_ASC_20210817/127.tif,Post_event/S1_DESC_20210815/127.tif,Pre_event/S2_20210804/127.tif,Post_event/S2_20210814/127.tif,Annotations/127.tif
128,train,516,39.703,9879,6505,0,0,11.81,14449,199,1736,0,39.703,9879,6505,0,0,11.81,14449,199,1736,0,Pre_event/S1_ASC_20210805/128.tif,Pre_event/S1_DESC_20210803/128.tif,Post_event/S1_ASC_20210817/128.tif,Post_event/S1_DESC_20210815/128.tif,Pre_event/S2_20210804/128.tif,Post_event/S2_20210814/128.tif,Annotations/128.tif
129,val,3081,70.422,4846,11538,0,0,18.036,13429,558,2384,13,70.422,4846,11538,0,0,18.036,13429,558,2384,13,Pre_event/S1_ASC_20210805/129.tif,Pre_event/S1_DESC_20210803/129.tif,Post_event/S1_ASC_20210817/129.tif,Post_event/S1_DESC_20210815/129.tif,Pre_event/S2_20210804/129.tif,Post_event/S2_20210814/129.tif,Annotations/129.tif
130,train,4503,60.529,6467,9917,0,0,10.651,14639,583,1149,13,60.529,6467,9917,0,0,10.651,14639,583,1149,13,Pre_event/S1_ASC_20210805/130.tif,Pre_event/S1_DESC_20210803/130.tif,Post_event/S1_ASC_20210817/130.tif,Post_event/S1_DESC_20210815/130.tif,Pre_event/S2_20210804/130.tif,Post_event/S2_20210814/130.tif,Annotations/130.tif
131,train,2851,47.687,8571,7813,0,0,5.243,15525,128,731,0,47.687,8571,7813,0,0,5.243,15525,128,731,0,Pre_event/S1_ASC_20210805/131.tif,Pre_event/S1_DESC_20210803/131.tif,Post_event/S1_ASC_20210817/131.tif,Post_event/S1_DESC_20210815/131.tif,Pre_event/S2_20210804/131.tif,Post_event/S2_20210814/131.tif,Annotations/131.tif
132,val,961,57.062,7035,9349,0,0,4.523,15643,0,741,0,57.062,7035,9349,0,0,4.523,15643,0,741,0,Pre_event/S1_ASC_20210805/132.tif,Pre_event/S1_DESC_20210803/132.tif,Post_event/S1_ASC_20210817/132.tif,Post_event/S1_DESC_20210815/132.tif,Pre_event/S2_20210804/132.tif,Post_event/S2_20210814/132.tif,Annotations/132.tif
133,train,230,10.913,14596,1788,0,0,0.653,16277,72,35,0,10.913,14596,1788,0,0,0.653,16277,72,35,0,Pre_event/S1_ASC_20210805/133.tif,Pre_event/S1_DESC_20210803/133.tif,Post_event/S1_ASC_20210817/133.tif,Post_event/S1_DESC_20210815/133.tif,Pre_event/S2_20210804/133.tif,Post_event/S2_20210814/133.tif,Annotations/133.tif
134,train,178,17.743,13477,2907,0,0,0.226,16347,0,37,0,17.743,13477,2907,0,0,0.226,16347,0,37,0,Pre_event/S1_ASC_20210805/134.tif,Pre_event/S1_DESC_20210803/134.tif,Post_event/S1_ASC_20210817/134.tif,Post_event/S1_DESC_20210815/134.tif,Pre_event/S2_20210804/134.tif,Post_event/S2_20210814/134.tif,Annotations/134.tif
135,test,159,17.67,13489,2895,0,0,7.245,15197,1137,50,0,17.67,13489,2895,0,0,7.245,15197,1137,50,0,Pre_event/S1_ASC_20210805/135.tif,Pre_event/S1_DESC_20210803/135.tif,Post_event/S1_ASC_20210817/135.tif,Post_event/S1_DESC_20210815/135.tif,Pre_event/S2_20210804/135.tif,Post_event/S2_20210814/135.tif,Annotations/135.tif
136,train,351,9.65,14803,1581,0,0,8.74,14952,1382,50,0,9.65,14803,1581,0,0,8.74,14952,1382,50,0,Pre_event/S1_ASC_20210805/136.tif,Pre_event/S1_DESC_20210803/136.tif,Post_event/S1_ASC_20210817/136.tif,Post_event/S1_DESC_20210815/136.tif,Pre_event/S2_20210804/136.tif,Post_event/S2_20210814/136.tif,Annotations/136.tif
137,train,192,0.372,16323,61,0,0,2.289,16009,375,0,0,0.372,16323,61,0,0,2.289,16009,375,0,0,Pre_event/S1_ASC_20210805/137.tif,Pre_event/S1_DESC_20210803/137.tif,Post_event/S1_ASC_20210817/137.tif,Post_event/S1_DESC_20210815/137.tif,Pre_event/S2_20210804/137.tif,Post_event/S2_20210814/137.tif,Annotations/137.tif
138,train,316,3.485,15813,549,22,0,10.101,14729,1606,49,0,3.485,15813,549,22,0,10.101,14729,1606,49,0,Pre_event/S1_ASC_20210805/138.tif,Pre_event/S1_DESC_20210803/138.tif,Post_event/S1_ASC_20210817/138.tif,Post_event/S1_DESC_20210815/138.tif,Pre_event/S2_20210804/138.tif,Post_event/S2_20210814/138.tif,Annotations/138.tif
139,train,370,31.165,11278,5078,22,6,18.079,13422,1879,1083,0,31.165,11278,5078,22,6,18.079,13422,1879,1083,0,Pre_event/S1_ASC_20210805/139.tif,Pre_event/S1_DESC_20210803/139.tif,Post_event/S1_ASC_20210817/139.tif,Post_event/S1_DESC_20210815/139.tif,Pre_event/S2_20210804/139.tif,Post_event/S2_20210814/139.tif,Annotations/139.tif
140,val,359,60.315,6502,9882,0,0,4.749,15606,0,778,0,60.315,6502,9882,0,0,4.749,15606,0,778,0,Pre_event/S1_ASC_20210805/140.tif,Pre_event/S1_DESC_20210803/140.tif,Post_event/S1_ASC_20210817/140.tif,Post_event/S1_DESC_20210815/140.tif,Pre_event/S2_20210804/140.tif,Post_event/S2_20210814/140.tif,Annotations/140.tif
141,test,774,67.731,5287,11097,0,0,2.637,15952,0,432,0,67.731,5287,11097,0,0,2.637,15952,0,432,0,Pre_event/S1_ASC_20210805/141.tif,Pre_event/S1_DESC_20210803/141.tif,Post_event/S1_ASC_20210817/141.tif,Post_event/S1_DESC_20210815/141.tif,Pre_event/S2_20210804/141.tif,Post_event/S2_20210814/141.tif,Annotations/141.tif
142,val,618,33.966,10819,5565,0,0,1.508,16137,0,247,0,33.966,10819,5565,0,0,1.508,16137,0,247,0,Pre_event/S1_ASC_20210805/142.tif,Pre_event/S1_DESC_20210803/142.tif,Post_event/S1_ASC_20210817/142.tif,Post_event/S1_DESC_20210815/142.tif,Pre_event/S2_20210804/142.tif,Post_event/S2_20210814/142.tif,Annotations/142.tif
143,train,203,4.547,15639,745,0,0,0.024,16380,0,4,0,4.547,15639,745,0,0,0.024,16380,0,4,0,Pre_event/S1_ASC_20210805/143.tif,Pre_event/S1_DESC_20210803/143.tif,Post_event/S1_ASC_20210817/143.tif,Post_event/S1_DESC_20210815/143.tif,Pre_event/S2_20210804/143.tif,Post_event/S2_20210814/143.tif,Annotations/143.tif
144,train,391,41.876,9523,6861,0,0,1.654,16113,0,271,0,41.876,9523,6861,0,0,1.654,16113,0,271,0,Pre_event/S1_ASC_20210805/144.tif,Pre_event/S1_DESC_20210803/144.tif,Post_event/S1_ASC_20210817/144.tif,Post_event/S1_DESC_20210815/144.tif,Pre_event/S2_20210804/144.tif,Post_event/S2_20210814/144.tif,Annotations/144.tif
145,train,538,57.69,6932,9452,0,0,1.666,16111,0,273,0,57.69,6932,9452,0,0,1.666,16111,0,273,0,Pre_event/S1_ASC_20210805/145.tif,Pre_event/S1_DESC_20210803/145.tif,Post_event/S1_ASC_20210817/145.tif,Post_event/S1_DESC_20210815/145.tif,Pre_event/S2_20210804/145.tif,Post_event/S2_20210814/145.tif,Annotations/145.tif
146,train,147,37.915,10172,6212,0,0,0.079,16371,0,13,0,37.915,10172,6212,0,0,0.079,16371,0,13,0,Pre_event/S1_ASC_20210805/146.tif,Pre_event/S1_DESC_20210803/146.tif,Post_event/S1_ASC_20210817/146.tif,Post_event/S1_DESC_20210815/146.tif,Pre_event/S2_20210804/146.tif,Post_event/S2_20210814/146.tif,Annotations/146.tif
147,train,633,47.723,8565,7819,0,0,0.342,16328,0,56,0,47.723,8565,7819,0,0,0.342,16328,0,56,0,Pre_event/S1_ASC_20210805/147.tif,Pre_event/S1_DESC_20210803/147.tif,Post_event/S1_ASC_20210817/147.tif,Post_event/S1_DESC_20210815/147.tif,Pre_event/S2_20210804/147.tif,Post_event/S2_20210814/147.tif,Annotations/147.tif
148,train,1675,70.575,4821,11563,0,0,5.066,15554,360,470,0,70.575,4821,11563,0,0,5.066,15554,360,470,0,Pre_event/S1_ASC_20210805/148.tif,Pre_event/S1_DESC_20210803/148.tif,Post_event/S1_ASC_20210817/148.tif,Post_event/S1_DESC_20210815/148.tif,Pre_event/S2_20210804/148.tif,Post_event/S2_20210814/148.tif,Annotations/148.tif
149,train,2240,52.704,7749,8631,4,0,7.611,15137,791,456,0,52.704,7749,8631,4,0,7.611,15137,791,456,0,Pre_event/S1_ASC_20210805/149.tif,Pre_event/S1_DESC_20210803/149.tif,Post_event/S1_ASC_20210817/149.tif,Post_event/S1_DESC_20210815/149.tif,Pre_event/S2_20210804/149.tif,Post_event/S2_20210814/149.tif,Annotations/149.tif
150,val,1600,26.935,11971,4409,4,0,4.962,15571,568,245,0,26.935,11971,4409,4,0,4.962,15571,568,245,0,Pre_event/S1_ASC_20210805/150.tif,Pre_event/S1_DESC_20210803/150.tif,Post_event/S1_ASC_20210817/150.tif,Post_event/S1_DESC_20210815/150.tif,Pre_event/S2_20210804/150.tif,Post_event/S2_20210814/150.tif,Annotations/150.tif
151,train,676,21.13,12922,3462,0,0,3.973,15733,393,258,0,21.13,12922,3462,0,0,3.973,15733,393,258,0,Pre_event/S1_ASC_20210805/151.tif,Pre_event/S1_DESC_20210803/151.tif,Post_event/S1_ASC_20210817/151.tif,Post_event/S1_DESC_20210815/151.tif,Pre_event/S2_20210804/151.tif,Post_event/S2_20210814/151.tif,Annotations/151.tif
152,train,561,19.086,13257,3127,0,0,4.346,15672,256,456,0,19.086,13257,3127,0,0,4.346,15672,256,456,0,Pre_event/S1_ASC_20210805/152.tif,Pre_event/S1_DESC_20210803/152.tif,Post_event/S1_ASC_20210817/152.tif,Post_event/S1_DESC_20210815/152.tif,Pre_event/S2_20210804/152.tif,Post_event/S2_20210814/152.tif,Annotations/152.tif
153,train,1823,32.983,10980,5389,0,15,11.932,14429,635,1319,1,32.983,10980,5389,0,15,11.932,14429,635,1319,1,Pre_event/S1_ASC_20210805/153.tif,Pre_event/S1_DESC_20210803/153.tif,Post_event/S1_ASC_20210817/153.tif,Post_event/S1_DESC_20210815/153.tif,Pre_event/S2_20210804/153.tif,Post_event/S2_20210814/153.tif,Annotations/153.tif
154,train,3547,43.054,9330,7039,0,15,18.878,13291,1744,1348,1,43.054,9330,7039,0,15,18.878,13291,1744,1348,1,Pre_event/S1_ASC_20210805/154.tif,Pre_event/S1_DESC_20210803/154.tif,Post_event/S1_ASC_20210817/154.tif,Post_event/S1_DESC_20210815/154.tif,Pre_event/S2_20210804/154.tif,Post_event/S2_20210814/154.tif,Annotations/154.tif
155,train,3590,33.484,10898,5486,0,0,10.419,14677,1245,462,0,33.484,10898,5486,0,0,10.419,14677,1245,462,0,Pre_event/S1_ASC_20210805/155.tif,Pre_event/S1_DESC_20210803/155.tif,Post_event/S1_ASC_20210817/155.tif,Post_event/S1_DESC_20210815/155.tif,Pre_event/S2_20210804/155.tif,Post_event/S2_20210814/155.tif,Annotations/155.tif
156,train,2033,19.0,13271,3113,0,0,1.764,16095,136,153,0,19.0,13271,3113,0,0,1.764,16095,136,153,0,Pre_event/S1_ASC_20210805/156.tif,Pre_event/S1_DESC_20210803/156.tif,Post_event/S1_ASC_20210817/156.tif,Post_event/S1_DESC_20210815/156.tif,Pre_event/S2_20210804/156.tif,Post_event/S2_20210814/156.tif,Annotations/156.tif
157,train,528,26.263,12081,4303,0,0,1.27,16176,0,208,0,26.263,12081,4303,0,0,1.27,16176,0,208,0,Pre_event/S1_ASC_20210805/157.tif,Pre_event/S1_DESC_20210803/157.tif,Post_event/S1_ASC_20210817/157.tif,Post_event/S1_DESC_20210815/157.tif,Pre_event/S2_20210804/157.tif,Post_event/S2_20210814/157.tif,Annotations/157.tif
158,train,527,28.076,11784,4600,0,0,0.549,16294,10,80,0,28.076,11784,4600,0,0,0.549,16294,10,80,0,Pre_event/S1_ASC_20210805/158.tif,Pre_event/S1_DESC_20210803/158.tif,Post_event/S1_ASC_20210817/158.tif,Post_event/S1_DESC_20210815/158.tif,Pre_event/S2_20210804/158.tif,Post_event/S2_20210814/158.tif,Annotations/158.tif
159,train,773,12.738,14297,2087,0,0,0.464,16308,72,4,0,12.738,14297,2087,0,0,0.464,16308,72,4,0,Pre_event/S1_ASC_20210805/159.tif,Pre_event/S1_DESC_20210803/159.tif,Post_event/S1_ASC_20210817/159.tif,Post_event/S1_DESC_20210815/159.tif,Pre_event/S2_20210804/159.tif,Post_event/S2_20210814/159.tif,Annotations/159.tif
160,train,459,6.042,15394,990,0,0,0.818,16250,134,0,0,6.042,15394,990,0,0,0.818,16250,134,0,0,Pre_event/S1_ASC_20210805/160.tif,Pre_event/S1_DESC_20210803/160.tif,Post_event/S1_ASC_20210817/160.tif,Post_event/S1_DESC_20210815/160.tif,Pre_event/S2_20210804/160.tif,Post_event/S2_20210814/160.tif,Annotations/160.tif
161,train,606,6.885,15256,1128,0,0,0.629,16281,72,31,0,6.885,15256,1128,0,0,0.629,16281,72,31,0,Pre_event/S1_ASC_20210805/161.tif,Pre_event/S1_DESC_20210803/161.tif,Post_event/S1_ASC_20210817/161.tif,Post_event/S1_DESC_20210815/161.tif,Pre_event/S2_20210804/161.tif,Post_event/S2_20210814/161.tif,Annotations/161.tif
162,test,608,10.986,14584,1800,0,0,0.287,16337,14,33,0,10.986,14584,1800,0,0,0.287,16337,14,33,0,Pre_event/S1_ASC_20210805/162.tif,Pre_event/S1_DESC_20210803/162.tif,Post_event/S1_ASC_20210817/162.tif,Post_event/S1_DESC_20210815/162.tif,Pre_event/S2_20210804/162.tif,Post_event/S2_20210814/162.tif,Annotations/162.tif
163,train,141,13.348,14197,2187,0,0,0.476,16306,76,2,0,13.348,14197,2187,0,0,0.476,16306,76,2,0,Pre_event/S1_ASC_20210805/163.tif,Pre_event/S1_DESC_20210803/163.tif,Post_event/S1_ASC_20210817/163.tif,Post_event/S1_DESC_20210815/163.tif,Pre_event/S2_20210804/163.tif,Post_event/S2_20210814/163.tif,Annotations/163.tif
164,val,367,5.609,15465,903,16,0,18.939,13281,3089,14,0,5.609,15465,903,16,0,18.939,13281,3089,14,0,Pre_event/S1_ASC_20210805/164.tif,Pre_event/S1_DESC_20210803/164.tif,Post_event/S1_ASC_20210817/164.tif,Post_event/S1_DESC_20210815/164.tif,Pre_event/S2_20210804/164.tif,Post_event/S2_20210814/164.tif,Annotations/164.tif
165,train,325,2.484,15977,407,0,0,10.645,14640,1730,14,0,2.484,15977,407,0,0,10.645,14640,1730,14,0,Pre_event/S1_ASC_20210805/165.tif,Pre_event/S1_DESC_20210803/165.tif,Post_event/S1_ASC_20210817/165.tif,Post_event/S1_DESC_20210815/165.tif,Pre_event/S2_20210804/165.tif,Post_event/S2_20210814/165.tif,Annotations/165.tif
166,train,120,0.519,16299,85,0,0,0.0,16384,0,0,0,0.519,16299,85,0,0,0.0,16384,0,0,0,Pre_event/S1_ASC_20210805/166.tif,Pre_event/S1_DESC_20210803/166.tif,Post_event/S1_ASC_20210817/166.tif,Post_event/S1_DESC_20210815/166.tif,Pre_event/S2_20210804/166.tif,Post_event/S2_20210814/166.tif,Annotations/166.tif
167,train,120,0.403,16318,66,0,0,0.0,16384,0,0,0,0.403,16318,66,0,0,0.0,16384,0,0,0,Pre_event/S1_ASC_20210805/167.tif,Pre_event/S1_DESC_20210803/167.tif,Post_event/S1_ASC_20210817/167.tif,Post_event/S1_DESC_20210815/167.tif,Pre_event/S2_20210804/167.tif,Post_event/S2_20210814/167.tif,Annotations/167.tif
168,test,501,16.779,13635,2713,31,5,18.225,13398,2136,846,4,16.779,13635,2713,31,5,18.225,13398,2136,846,4,Pre_event/S1_ASC_20210805/168.tif,Pre_event/S1_DESC_20210803/168.tif,Post_event/S1_ASC_20210817/168.tif,Post_event/S1_DESC_20210815/168.tif,Pre_event/S2_20210804/168.tif,Post_event/S2_20210814/168.tif,Annotations/168.tif
169,train,415,37.482,10243,6105,25,11,24.121,12432,1840,2108,4,37.482,10243,6105,25,11,24.121,12432,1840,2108,4,Pre_event/S1_ASC_20210805/169.tif,Pre_event/S1_DESC_20210803/169.tif,Post_event/S1_ASC_20210817/169.tif,Post_event/S1_DESC_20210815/169.tif,Pre_event/S2_20210804/169.tif,Post_event/S2_20210814/169.tif,Annotations/169.tif
170,train,277,50.006,8191,8193,0,0,0.464,16308,0,76,0,50.006,8191,8193,0,0,0.464,16308,0,76,0,Pre_event/S1_ASC_20210805/170.tif,Pre_event/S1_DESC_20210803/170.tif,Post_event/S1_ASC_20210817/170.tif,Post_event/S1_DESC_20210815/170.tif,Pre_event/S2_20210804/170.tif,Post_event/S2_20210814/170.tif,Annotations/170.tif
171,train,672,60.828,6418,9966,0,0,1.697,16106,0,278,0,60.828,6418,9966,0,0,1.697,16106,0,278,0,Pre_event/S1_ASC_20210805/171.tif,Pre_event/S1_DESC_20210803/171.tif,Post_event/S1_ASC_20210817/171.tif,Post_event/S1_DESC_20210815/171.tif,Pre_event/S2_20210804/171.tif,Post_event/S2_20210814/171.tif,Annotations/171.tif
172,train,673,36.06,10476,5908,0,0,2.13,16035,0,349,0,36.06,10476,5908,0,0,2.13,16035,0,349,0,Pre_event/S1_ASC_20210805/172.tif,Pre_event/S1_DESC_20210803/172.tif,Post_event/S1_ASC_20210817/172.tif,Post_event/S1_DESC_20210815/172.tif,Pre_event/S2_20210804/172.tif,Post_event/S2_20210814/172.tif,Annotations/172.tif
173,test,377,25.024,12284,4100,0,0,2.527,15970,0,414,0,25.024,12284,4100,0,0,2.527,15970,0,414,0,Pre_event/S1_ASC_20210805/173.tif,Pre_event/S1_DESC_20210803/173.tif,Post_event/S1_ASC_20210817/173.tif,Post_event/S1_DESC_20210815/173.tif,Pre_event/S2_20210804/173.tif,Post_event/S2_20210814/173.tif,Annotations/173.tif
174,val,588,46.429,8777,7607,0,0,1.398,16155,0,229,0,46.429,8777,7607,0,0,1.398,16155,0,229,0,Pre_event/S1_ASC_20210805/174.tif,Pre_event/S1_DESC_20210803/174.tif,Post_event/S1_ASC_20210817/174.tif,Post_event/S1_DESC_20210815/174.tif,Pre_event/S2_20210804/174.tif,Post_event/S2_20210814/174.tif,Annotations/174.tif
175,train,1135,56.378,7147,9237,0,0,1.093,16205,0,179,0,56.378,7147,9237,0,0,1.093,16205,0,179,0,Pre_event/S1_ASC_20210805/175.tif,Pre_event/S1_DESC_20210803/175.tif,Post_event/S1_ASC_20210817/175.tif,Post_event/S1_DESC_20210815/175.tif,Pre_event/S2_20210804/175.tif,Post_event/S2_20210814/175.tif,Annotations/175.tif
176,train,1328,40.381,9768,6616,0,0,0.507,16301,15,68,0,40.381,9768,6616,0,0,0.507,16301,15,68,0,Pre_event/S1_ASC_20210805/176.tif,Pre_event/S1_DESC_20210803/176.tif,Post_event/S1_ASC_20210817/176.tif,Post_event/S1_DESC_20210815/176.tif,Pre_event/S2_20210804/176.tif,Post_event/S2_20210814/176.tif,Annotations/176.tif
177,train,2512,48.419,8451,7933,0,0,5.066,15554,332,498,0,48.419,8451,7933,0,0,5.066,15554,332,498,0,Pre_event/S1_ASC_20210805/177.tif,Pre_event/S1_DESC_20210803/177.tif,Post_event/S1_ASC_20210817/177.tif,Post_event/S1_DESC_20210815/177.tif,Pre_event/S2_20210804/177.tif,Post_event/S2_20210814/177.tif,Annotations/177.tif
178,train,2567,47.974,8524,7860,0,0,5.231,15527,386,471,0,47.974,8524,7860,0,0,5.231,15527,386,471,0,Pre_event/S1_ASC_20210805/178.tif,Pre_event/S1_DESC_20210803/178.tif,Post_event/S1_ASC_20210817/178.tif,Post_event/S1_DESC_20210815/178.tif,Pre_event/S2_20210804/178.tif,Post_event/S2_20210814/178.tif,Annotations/178.tif
179,val,1541,38.385,10095,6286,3,0,4.999,15565,318,501,0,38.385,10095,6286,3,0,4.999,15565,318,501,0,Pre_event/S1_ASC_20210805/179.tif,Pre_event/S1_DESC_20210803/179.tif,Post_event/S1_ASC_20210817/179.tif,Post_event/S1_DESC_20210815/179.tif,Pre_event/S2_20210804/179.tif,Post_event/S2_20210814/179.tif,Annotations/179.tif
180,train,1271,37.115,10303,6078,3,0,5.621,15463,397,524,0,37.115,10303,6078,3,0,5.621,15463,397,524,0,Pre_event/S1_ASC_20210805/180.tif,Pre_event/S1_DESC_20210803/180.tif,Post_event/S1_ASC_20210817/180.tif,Post_event/S1_DESC_20210815/180.tif,Pre_event/S2_20210804/180.tif,Post_event/S2_20210814/180.tif,Annotations/180.tif
181,train,784,25.964,12130,4254,0,0,1.611,16120,148,116,0,25.964,12130,4254,0,0,1.611,16120,148,116,0,Pre_event/S1_ASC_20210805/181.tif,Pre_event/S1_DESC_20210803/181.tif,Post_event/S1_ASC_20210817/181.tif,Post_event/S1_DESC_20210815/181.tif,Pre_event/S2_20210804/181.tif,Post_event/S2_20210814/181.tif,Annotations/181.tif
182,train,1660,32.794,11011,5358,0,15,6.989,15239,652,492,1,32.794,11011,5358,0,15,6.989,15239,652,492,1,Pre_event/S1_ASC_20210805/182.tif,Pre_event/S1_DESC_20210803/182.tif,Post_event/S1_ASC_20210817/182.tif,Post_event/S1_DESC_20210815/182.tif,Pre_event/S2_20210804/182.tif,Post_event/S2_20210814/182.tif,Annotations/182.tif
183,train,2162,37.872,10179,6190,0,15,12.457,14343,1588,452,1,37.872,10179,6190,0,15,12.457,14343,1588,452,1,Pre_event/S1_ASC_20210805/183.tif,Pre_event/S1_DESC_20210803/183.tif,Post_event/S1_ASC_20210817/183.tif,Post_event/S1_DESC_20210815/183.tif,Pre_event/S2_20210804/183.tif,Post_event/S2_20210814/183.tif,Annotations/183.tif
184,train,1276,32.794,11011,5373,0,0,7.703,15122,1043,219,0,32.794,11011,5373,0,0,7.703,15122,1043,219,0,Pre_event/S1_ASC_20210805/184.tif,Pre_event/S1_DESC_20210803/184.tif,Post_event/S1_ASC_20210817/184.tif,Post_event/S1_DESC_20210815/184.tif,Pre_event/S2_20210804/184.tif,Post_event/S2_20210814/184.tif,Annotations/184.tif
185,test,487,21.008,12942,3442,0,0,5.457,15490,619,275,0,21.008,12942,3442,0,0,5.457,15490,619,275,0,Pre_event/S1_ASC_20210805/185.tif,Pre_event/S1_DESC_20210803/185.tif,Post_event/S1_ASC_20210817/185.tif,Post_event/S1_DESC_20210815/185.tif,Pre_event/S2_20210804/185.tif,Post_event/S2_20210814/185.tif,Annotations/185.tif
186,train,153,12.97,14259,2125,0,0,7.91,15088,1225,71,0,12.97,14259,2125,0,0,7.91,15088,1225,71,0,Pre_event/S1_ASC_20210805/186.tif,Pre_event/S1_DESC_20210803/186.tif,Post_event/S1_ASC_20210817/186.tif,Post_event/S1_DESC_20210815/186.tif,Pre_event/S2_20210804/186.tif,Post_event/S2_20210814/186.tif,Annotations/186.tif
187,train,990,13.861,14113,2271,0,0,5.371,15504,873,7,0,13.861,14113,2271,0,0,5.371,15504,873,7,0,Pre_event/S1_ASC_20210805/187.tif,Pre_event/S1_DESC_20210803/187.tif,Post_event/S1_ASC_20210817/187.tif,Post_event/S1_DESC_20210815/187.tif,Pre_event/S2_20210804/187.tif,Post_event/S2_20210814/187.tif,Annotations/187.tif
188,test,1266,10.15,14721,1663,0,0,2.38,15994,386,4,0,10.15,14721,1663,0,0,2.38,15994,386,4,0,Pre_event/S1_ASC_20210805/188.tif,Pre_event/S1_DESC_20210803/188.tif,Post_event/S1_ASC_20210817/188.tif,Post_event/S1_DESC_20210815/188.tif,Pre_event/S2_20210804/188.tif,Post_event/S2_20210814/188.tif,Annotations/188.tif
189,train,991,7.153,15212,1172,0,0,1.532,16133,239,12,0,7.153,15212,1172,0,0,1.532,16133,239,12,0,Pre_event/S1_ASC_20210805/189.tif,Pre_event/S1_DESC_20210803/189.tif,Post_event/S1_ASC_20210817/189.tif,Post_event/S1_DESC_20210815/189.tif,Pre_event/S2_20210804/189.tif,Post_event/S2_20210814/189.tif,Annotations/189.tif
190,train,985,13.837,14117,2267,0,0,0.238,16345,13,26,0,13.837,14117,2267,0,0,0.238,16345,13,26,0,Pre_event/S1_ASC_20210805/190.tif,Pre_event/S1_DESC_20210803/190.tif,Post_event/S1_ASC_20210817/190.tif,Post_event/S1_DESC_20210815/190.tif,Pre_event/S2_20210804/190.tif,Post_event/S2_20210814/190.tif,Annotations/190.tif
191,train,548,12.622,14316,2068,0,0,0.171,16356,14,14,0,12.622,14316,2068,0,0,0.171,16356,14,14,0,Pre_event/S1_ASC_20210805/191.tif,Pre_event/S1_DESC_20210803/191.tif,Post_event/S1_ASC_20210817/191.tif,Post_event/S1_DESC_20210815/191.tif,Pre_event/S2_20210804/191.tif,Post_event/S2_20210814/191.tif,Annotations/191.tif
192,train,125,4.7,15614,770,0,0,0.604,16285,99,0,0,4.7,15614,770,0,0,0.604,16285,99,0,0,Pre_event/S1_ASC_20210805/192.tif,Pre_event/S1_DESC_20210803/192.tif,Post_event/S1_ASC_20210817/192.tif,Post_event/S1_DESC_20210815/192.tif,Pre_event/S2_20210804/192.tif,Post_event/S2_20210814/192.tif,Annotations/192.tif
193,val,208,1.19,16189,179,16,0,14.417,14022,2362,0,0,1.19,16189,179,16,0,14.417,14022,2362,0,0,Pre_event/S1_ASC_20210805/193.tif,Pre_event/S1_DESC_20210803/193.tif,Post_event/S1_ASC_20210817/193.tif,Post_event/S1_DESC_20210815/193.tif,Pre_event/S2_20210804/193.tif,Post_event/S2_20210814/193.tif,Annotations/193.tif
194,train,166,1.135,16198,186,0,0,5.548,15475,909,0,0,1.135,16198,186,0,0,5.548,15475,909,0,0,Pre_event/S1_ASC_20210805/194.tif,Pre_event/S1_DESC_20210803/194.tif,Post_event/S1_ASC_20210817/194.tif,Post_event/S1_DESC_20210815/194.tif,Pre_event/S2_20210804/194.tif,Post_event/S2_20210814/194.tif,Annotations/194.tif
195,val,195,1.233,16182,202,0,0,2.643,15951,433,0,0,1.233,16182,202,0,0,2.643,15951,433,0,0,Pre_event/S1_ASC_20210805/195.tif,Pre_event/S1_DESC_20210803/195.tif,Post_event/S1_ASC_20210817/195.tif,Post_event/S1_DESC_20210815/195.tif,Pre_event/S2_20210804/195.tif,Post_event/S2_20210814/195.tif,Annotations/195.tif
196,train,384,1.086,16206,178,0,0,0.0,16384,0,0,0,1.086,16206,178,0,0,0.0,16384,0,0,0,Pre_event/S1_ASC_20210805/196.tif,Pre_event/S1_DESC_20210803/196.tif,Post_event/S1_ASC_20210817/196.tif,Post_event/S1_DESC_20210815/196.tif,Pre_event/S2_20210804/196.tif,Post_event/S2_20210814/196.tif,Annotations/196.tif
197,train,189,0.452,16310,74,0,0,0.0,16384,0,0,0,0.452,16310,74,0,0,0.0,16384,0,0,0,Pre_event/S1_ASC_20210805/197.tif,Pre_event/S1_DESC_20210803/197.tif,Post_event/S1_ASC_20210817/197.tif,Post_event/S1_DESC_20210815/197.tif,Pre_event/S2_20210804/197.tif,Post_event/S2_20210814/197.tif,Annotations/197.tif
198,val,197,14.331,14036,2325,9,14,10.382,14683,900,797,4,14.331,14036,2325,9,14,10.382,14683,900,797,4,Pre_event/S1_ASC_20210805/198.tif,Pre_event/S1_DESC_20210803/198.tif,Post_event/S1_ASC_20210817/198.tif,Post_event/S1_DESC_20210815/198.tif,Pre_event/S2_20210804/198.tif,Post_event/S2_20210814/198.tif,Annotations/198.tif
199,train,111,21.252,12902,3465,3,14,12.476,14340,608,1432,4,21.252,12902,3465,3,14,12.476,14340,608,1432,4,Pre_event/S1_ASC_20210805/199.tif,Pre_event/S1_DESC_20210803/199.tif,Post_event/S1_ASC_20210817/199.tif,Post_event/S1_DESC_20210815/199.tif,Pre_event/S2_20210804/199.tif,Post_event/S2_20210814/199.tif,Annotations/199.tif
200,train,174,22.729,12660,3724,0,0,2.618,15955,0,429,0,22.729,12660,3724,0,0,2.618,15955,0,429,0,Pre_event/S1_ASC_20210805/200.tif,Pre_event/S1_DESC_20210803/200.tif,Post_event/S1_ASC_20210817/200.tif,Post_event/S1_DESC_20210815/200.tif,Pre_event/S2_20210804/200.tif,Post_event/S2_20210814/200.tif,Annotations/200.tif
201,train,378,16.071,13751,2633,0,0,1.08,16207,0,177,0,16.071,13751,2633,0,0,1.08,16207,0,177,0,Pre_event/S1_ASC_20210805/201.tif,Pre_event/S1_DESC_20210803/201.tif,Post_event/S1_ASC_20210817/201.tif,Post_event/S1_DESC_20210815/201.tif,Pre_event/S2_20210804/201.tif,Post_event/S2_20210814/201.tif,Annotations/201.tif
202,val,1194,42.065,9492,6892,0,0,1.16,16194,13,177,0,42.065,9492,6892,0,0,1.16,16194,13,177,0,Pre_event/S1_ASC_20210805/202.tif,Pre_event/S1_DESC_20210803/202.tif,Post_event/S1_ASC_20210817/202.tif,Post_event/S1_DESC_20210815/202.tif,Pre_event/S2_20210804/202.tif,Post_event/S2_20210814/202.tif,Annotations/202.tif
203,test,1421,46.252,8806,7578,0,0,1.141,16197,44,143,0,46.252,8806,7578,0,0,1.141,16197,44,143,0,Pre_event/S1_ASC_20210805/203.tif,Pre_event/S1_DESC_20210803/203.tif,Post_event/S1_ASC_20210817/203.tif,Post_event/S1_DESC_20210815/203.tif,Pre_event/S2_20210804/203.tif,Post_event/S2_20210814/203.tif,Annotations/203.tif
204,train,2296,51.013,8026,8358,0,0,3.589,15796,167,421,0,51.013,8026,8358,0,0,3.589,15796,167,421,0,Pre_event/S1_ASC_20210805/204.tif,Pre_event/S1_DESC_20210803/204.tif,Post_event/S1_ASC_20210817/204.tif,Post_event/S1_DESC_20210815/204.tif,Pre_event/S2_20210804/204.tif,Post_event/S2_20210814/204.tif,Annotations/204.tif
205,train,1793,61.005,6389,9995,0,0,3.796,15762,147,475,0,61.005,6389,9995,0,0,3.796,15762,147,475,0,Pre_event/S1_ASC_20210805/205.tif,Pre_event/S1_DESC_20210803/205.tif,Post_event/S1_ASC_20210817/205.tif,Post_event/S1_DESC_20210815/205.tif,Pre_event/S2_20210804/205.tif,Post_event/S2_20210814/205.tif,Annotations/205.tif
206,train,917,56.854,7069,9312,3,0,5.927,15413,375,596,0,56.854,7069,9312,3,0,5.927,15413,375,596,0,Pre_event/S1_ASC_20210805/206.tif,Pre_event/S1_DESC_20210803/206.tif,Post_event/S1_ASC_20210817/206.tif,Post_event/S1_DESC_20210815/206.tif,Pre_event/S2_20210804/206.tif,Post_event/S2_20210814/206.tif,Annotations/206.tif
207,train,1688,40.265,9787,6594,3,0,5.17,15537,364,483,0,40.265,9787,6594,3,0,5.17,15537,364,483,0,Pre_event/S1_ASC_20210805/207.tif,Pre_event/S1_DESC_20210803/207.tif,Post_event/S1_ASC_20210817/207.tif,Post_event/S1_DESC_20210815/207.tif,Pre_event/S2_20210804/207.tif,Post_event/S2_20210814/207.tif,Annotations/207.tif
208,train,1376,28.571,11703,4681,0,0,0.671,16274,0,110,0,28.571,11703,4681,0,0,0.671,16274,0,110,0,Pre_event/S1_ASC_20210805/208.tif,Pre_event/S1_DESC_20210803/208.tif,Post_event/S1_ASC_20210817/208.tif,Post_event/S1_DESC_20210815/208.tif,Pre_event/S2_20210804/208.tif,Post_event/S2_20210814/208.tif,Annotations/208.tif
209,val,786,30.06,11459,4925,0,0,0.47,16307,17,60,0,30.06,11459,4925,0,0,0.47,16307,17,60,0,Pre_event/S1_ASC_20210805/209.tif,Pre_event/S1_DESC_20210803/209.tif,Post_event/S1_ASC_20210817/209.tif,Post_event/S1_DESC_20210815/209.tif,Pre_event/S2_20210804/209.tif,Post_event/S2_20210814/209.tif,Annotations/209.tif
210,test,1145,42.969,9344,7040,0,0,2.307,16006,39,339,0,42.969,9344,7040,0,0,2.307,16006,39,339,0,Pre_event/S1_ASC_20210805/210.tif,Pre_event/S1_DESC_20210803/210.tif,Post_event/S1_ASC_20210817/210.tif,Post_event/S1_DESC_20210815/210.tif,Pre_event/S2_20210804/210.tif,Post_event/S2_20210814/210.tif,Annotations/210.tif
211,train,978,52.557,7773,8611,0,0,7.635,15133,368,883,0,52.557,7773,8611,0,0,7.635,15133,368,883,0,Pre_event/S1_ASC_20210805/211.tif,Pre_event/S1_DESC_20210803/211.tif,Post_event/S1_ASC_20210817/211.tif,Post_event/S1_DESC_20210815/211.tif,Pre_event/S2_20210804/211.tif,Post_event/S2_20210814/211.tif,Annotations/211.tif
212,test,423,32.184,11111,5273,0,0,21.631,12840,2949,595,0,32.184,11111,5273,0,0,21.631,12840,2949,595,0,Pre_event/S1_ASC_20210805/212.tif,Pre_event/S1_DESC_20210803/212.tif,Post_event/S1_ASC_20210817/212.tif,Post_event/S1_DESC_20210815/212.tif,Pre_event/S2_20210804/212.tif,Post_event/S2_20210814/212.tif,Annotations/212.tif
213,val,1191,16.443,13690,2681,13,0,35.059,10640,5716,28,0,16.443,13690,2681,13,0,35.059,10640,5716,28,0,Pre_event/S1_ASC_20210805/213.tif,Pre_event/S1_DESC_20210803/213.tif,Post_event/S1_ASC_20210817/213.tif,Post_event/S1_DESC_20210815/213.tif,Pre_event/S2_20210804/213.tif,Post_event/S2_20210814/213.tif,Annotations/213.tif
214,train,1776,15.698,13812,2559,13,0,23.254,12574,3799,11,0,15.698,13812,2559,13,0,23.254,12574,3799,11,0,Pre_event/S1_ASC_20210805/214.tif,Pre_event/S1_DESC_20210803/214.tif,Post_event/S1_ASC_20210817/214.tif,Post_event/S1_DESC_20210815/214.tif,Pre_event/S2_20210804/214.tif,Post_event/S2_20210814/214.tif,Annotations/214.tif
215,val,1108,9.131,14888,1496,0,0,5.621,15463,921,0,0,9.131,14888,1496,0,0,5.621,15463,921,0,0,Pre_event/S1_ASC_20210805/215.tif,Pre_event/S1_DESC_20210803/215.tif,Post_event/S1_ASC_20210817/215.tif,Post_event/S1_DESC_20210815/215.tif,Pre_event/S2_20210804/215.tif,Post_event/S2_20210814/215.tif,Annotations/215.tif
216,train,871,3.778,15765,619,0,0,1.587,16124,248,12,0,3.778,15765,619,0,0,1.587,16124,248,12,0,Pre_event/S1_ASC_20210805/216.tif,Pre_event/S1_DESC_20210803/216.tif,Post_event/S1_ASC_20210817/216.tif,Post_event/S1_DESC_20210815/216.tif,Pre_event/S2_20210804/216.tif,Post_event/S2_20210814/216.tif,Annotations/216.tif
217,train,773,9.924,14758,1626,0,0,0.238,16345,13,26,0,9.924,14758,1626,0,0,0.238,16345,13,26,0,Pre_event/S1_ASC_20210805/217.tif,Pre_event/S1_DESC_20210803/217.tif,Post_event/S1_ASC_20210817/217.tif,Post_event/S1_DESC_20210815/217.tif,Pre_event/S2_20210804/217.tif,Post_event/S2_20210814/217.tif,Annotations/217.tif
218,train,118,9.821,14775,1609,0,0,0.085,16370,0,14,0,9.821,14775,1609,0,0,0.085,16370,0,14,0,Pre_event/S1_ASC_20210805/218.tif,Pre_event/S1_DESC_20210803/218.tif,Post_event/S1_ASC_20210817/218.tif,Post_event/S1_DESC_20210815/218.tif,Pre_event/S2_20210804/218.tif,Post_event/S2_20210814/218.tif,Annotations/218.tif
219,train,504,2.136,16034,350,0,0,2.643,15951,433,0,0,2.136,16034,350,0,0,2.643,15951,433,0,0,Pre_event/S1_ASC_20210805/219.tif,Pre_event/S1_DESC_20210803/219.tif,Post_event/S1_ASC_20210817/219.tif,Post_event/S1_DESC_20210815/219.tif,Pre_event/S2_20210804/219.tif,Post_event/S2_20210814/219.tif,Annotations/219.tif
220,test,510,0.836,16247,137,0,0,0.0,16384,0,0,0,0.836,16247,137,0,0,0.0,16384,0,0,0,Pre_event/S1_ASC_20210805/220.tif,Pre_event/S1_DESC_20210803/220.tif,Post_event/S1_ASC_20210817/220.tif,Post_event/S1_DESC_20210815/220.tif,Pre_event/S2_20210804/220.tif,Post_event/S2_20210814/220.tif,Annotations/220.tif
221,train,327,1.953,16064,320,0,0,0.403,16318,47,19,0,1.953,16064,320,0,0,0.403,16318,47,19,0,Pre_event/S1_ASC_20210805/221.tif,Pre_event/S1_DESC_20210803/221.tif,Post_event/S1_ASC_20210817/221.tif,Post_event/S1_DESC_20210815/221.tif,Pre_event/S2_20210804/221.tif,Post_event/S2_20210814/221.tif,Annotations/221.tif
222,train,250,0.0,16384,0,0,0,0.287,16337,47,0,0,0.0,16384,0,0,0,0.287,16337,47,0,0,Pre_event/S1_ASC_20210805/222.tif,Pre_event/S1_DESC_20210803/222.tif,Post_event/S1_ASC_20210817/222.tif,Post_event/S1_DESC_20210815/222.tif,Pre_event/S2_20210804/222.tif,Post_event/S2_20210814/222.tif,Annotations/222.tif
223,val,200,8.765,14948,1436,0,0,0.61,16284,100,0,0,8.765,14948,1436,0,0,0.61,16284,100,0,0,Pre_event/S1_ASC_20210805/223.tif,Pre_event/S1_DESC_20210803/223.tif,Post_event/S1_ASC_20210817/223.tif,Post_event/S1_DESC_20210815/223.tif,Pre_event/S2_20210804/223.tif,Post_event/S2_20210814/223.tif,Annotations/223.tif
224,train,882,23.425,12546,3833,5,0,8.942,14919,1372,93,0,23.425,12546,3833,5,0,8.942,14919,1372,93,0,Pre_event/S1_ASC_20210805/224.tif,Pre_event/S1_DESC_20210803/224.tif,Post_event/S1_ASC_20210817/224.tif,Post_event/S1_DESC_20210815/224.tif,Pre_event/S2_20210804/224.tif,Post_event/S2_20210814/224.tif,Annotations/224.tif
225,train,1674,41.638,9562,6817,5,0,13.409,14187,1796,401,0,41.638,9562,6817,5,0,13.409,14187,1796,401,0,Pre_event/S1_ASC_20210805/225.tif,Pre_event/S1_DESC_20210803/225.tif,Post_event/S1_ASC_20210817/225.tif,Post_event/S1_DESC_20210815/225.tif,Pre_event/S2_20210804/225.tif,Post_event/S2_20210814/225.tif,Annotations/225.tif
226,train,992,72.272,4543,11841,0,0,7.617,15136,528,720,0,72.272,4543,11841,0,0,7.617,15136,528,720,0,Pre_event/S1_ASC_20210805/226.tif,Pre_event/S1_DESC_20210803/226.tif,Post_event/S1_ASC_20210817/226.tif,Post_event/S1_DESC_20210815/226.tif,Pre_event/S2_20210804/226.tif,Post_event/S2_20210814/226.tif,Annotations/226.tif
227,train,794,69.446,5006,11378,0,0,4.626,15626,241,517,0,69.446,5006,11378,0,0,4.626,15626,241,517,0,Pre_event/S1_ASC_20210805/227.tif,Pre_event/S1_DESC_20210803/227.tif,Post_event/S1_ASC_20210817/227.tif,Post_event/S1_DESC_20210815/227.tif,Pre_event/S2_20210804/227.tif,Post_event/S2_20210814/227.tif,Annotations/227.tif
228,train,2547,41.187,9636,6748,0,0,4.504,15646,237,501,0,41.187,9636,6748,0,0,4.504,15646,237,501,0,Pre_event/S1_ASC_20210805/228.tif,Pre_event/S1_DESC_20210803/228.tif,Post_event/S1_ASC_20210817/228.tif,Post_event/S1_DESC_20210815/228.tif,Pre_event/S2_20210804/228.tif,Post_event/S2_20210814/228.tif,Annotations/228.tif
229,train,2341,27.759,11836,4548,0,0,2.521,15971,0,413,0,27.759,11836,4548,0,0,2.521,15971,0,413,0,Pre_event/S1_ASC_20210805/229.tif,Pre_event/S1_DESC_20210803/229.tif,Post_event/S1_ASC_20210817/229.tif,Post_event/S1_DESC_20210815/229.tif,Pre_event/S2_20210804/229.tif,Post_event/S2_20210814/229.tif,Annotations/229.tif
230,train,673,15.546,13837,2547,0,0,1.483,16141,226,17,0,15.546,13837,2547,0,0,1.483,16141,226,17,0,Pre_event/S1_ASC_20210805/230.tif,Pre_event/S1_DESC_20210803/230.tif,Post_event/S1_ASC_20210817/230.tif,Post_event/S1_DESC_20210815/230.tif,Pre_event/S2_20210804/230.tif,Post_event/S2_20210814/230.tif,Annotations/230.tif
231,train,549,29.706,11517,4867,0,0,4.041,15722,237,425,0,29.706,11517,4867,0,0,4.041,15722,237,425,0,Pre_event/S1_ASC_20210805/231.tif,Pre_event/S1_DESC_20210803/231.tif,Post_event/S1_ASC_20210817/231.tif,Post_event/S1_DESC_20210815/231.tif,Pre_event/S2_20210804/231.tif,Post_event/S2_20210814/231.tif,Annotations/231.tif
232,train,855,55.725,7254,9130,0,0,11.414,14514,747,1123,0,55.725,7254,9130,0,0,11.414,14514,747,1123,0,Pre_event/S1_ASC_20210805/232.tif,Pre_event/S1_DESC_20210803/232.tif,Post_event/S1_ASC_20210817/232.tif,Post_event/S1_DESC_20210815/232.tif,Pre_event/S2_20210804/232.tif,Post_event/S2_20210814/232.tif,Annotations/232.tif
233,val,1198,58.832,6745,9639,0,0,23.254,12574,2827,983,0,58.832,6745,9639,0,0,23.254,12574,2827,983,0,Pre_event/S1_ASC_20210805/233.tif,Pre_event/S1_DESC_20210803/233.tif,Post_event/S1_ASC_20210817/233.tif,Post_event/S1_DESC_20210815/233.tif,Pre_event/S2_20210804/233.tif,Post_event/S2_20210814/233.tif,Annotations/233.tif
234,val,1719,43.64,9234,7137,13,0,29.272,11588,4491,305,0,43.64,9234,7137,13,0,29.272,11588,4491,305,0,Pre_event/S1_ASC_20210805/234.tif,Pre_event/S1_DESC_20210803/234.tif,Post_event/S1_ASC_20210817/234.tif,Post_event/S1_DESC_20210815/234.tif,Pre_event/S2_20210804/234.tif,Post_event/S2_20210814/234.tif,Annotations/234.tif
235,train,1640,25.366,12228,4143,13,0,20.435,13036,3328,20,0,25.366,12228,4143,13,0,20.435,13036,3328,20,0,Pre_event/S1_ASC_20210805/235.tif,Pre_event/S1_DESC_20210803/235.tif,Post_event/S1_ASC_20210817/235.tif,Post_event/S1_DESC_20210815/235.tif,Pre_event/S2_20210804/235.tif,Post_event/S2_20210814/235.tif,Annotations/235.tif
236,train,1150,13.141,14231,2149,4,0,7.697,15123,1261,0,0,13.141,14231,2149,4,0,7.697,15123,1261,0,0,Pre_event/S1_ASC_20210805/236.tif,Pre_event/S1_DESC_20210803/236.tif,Post_event/S1_ASC_20210817/236.tif,Post_event/S1_DESC_20210815/236.tif,Pre_event/S2_20210804/236.tif,Post_event/S2_20210814/236.tif,Annotations/236.tif
237,test,921,4.266,15685,695,4,0,2.032,16051,333,0,0,4.266,15685,695,4,0,2.032,16051,333,0,0,Pre_event/S1_ASC_20210805/237.tif,Pre_event/S1_DESC_20210803/237.tif,Post_event/S1_ASC_20210817/237.tif,Post_event/S1_DESC_20210815/237.tif,Pre_event/S2_20210804/237.tif,Post_event/S2_20210814/237.tif,Annotations/237.tif
238,train,503,0.244,16344,40,0,0,0.0,16384,0,0,0,0.244,16344,40,0,0,0.0,16384,0,0,0,Pre_event/S1_ASC_20210805/238.tif,Pre_event/S1_DESC_20210803/238.tif,Post_event/S1_ASC_20210817/238.tif,Post_event/S1_DESC_20210815/238.tif,Pre_event/S2_20210804/238.tif,Post_event/S2_20210814/238.tif,Annotations/238.tif
239,test,113,3.687,15780,604,0,0,0.653,16277,107,0,0,3.687,15780,604,0,0,0.653,16277,107,0,0,Pre_event/S1_ASC_20210805/239.tif,Pre_event/S1_DESC_20210803/239.tif,Post_event/S1_ASC_20210817/239.tif,Post_event/S1_DESC_20210815/239.tif,Pre_event/S2_20210804/239.tif,Post_event/S2_20210814/239.tif,Annotations/239.tif
240,test,163,15.851,13787,2597,0,0,1.154,16195,185,4,0,15.851,13787,2597,0,0,1.154,16195,185,4,0,Pre_event/S1_ASC_20210805/240.tif,Pre_event/S1_DESC_20210803/240.tif,Post_event/S1_ASC_20210817/240.tif,Post_event/S1_DESC_20210815/240.tif,Pre_event/S2_20210804/240.tif,Post_event/S2_20210814/240.tif,Annotations/240.tif
241,train,309,1.66,16112,272,0,0,0.0,16384,0,0,0,1.66,16112,272,0,0,0.0,16384,0,0,0,Pre_event/S1_ASC_20210805/241.tif,Pre_event/S1_DESC_20210803/241.tif,Post_event/S1_ASC_20210817/241.tif,Post_event/S1_DESC_20210815/241.tif,Pre_event/S2_20210804/241.tif,Post_event/S2_20210814/241.tif,Annotations/241.tif
242,train,246,0.317,16332,52,0,0,0.0,16384,0,0,0,0.317,16332,52,0,0,0.0,16384,0,0,0,Pre_event/S1_ASC_20210805/242.tif,Pre_event/S1_DESC_20210803/242.tif,Post_event/S1_ASC_20210817/242.tif,Post_event/S1_DESC_20210815/242.tif,Pre_event/S2_20210804/242.tif,Post_event/S2_20210814/242.tif,Annotations/242.tif
243,train,118,3.143,15869,515,0,0,7.678,15126,1167,91,0,3.143,15869,515,0,0,7.678,15126,1167,91,0,Pre_event/S1_ASC_20210805/243.tif,Pre_event/S1_DESC_20210803/243.tif,Post_event/S1_ASC_20210817/243.tif,Post_event/S1_DESC_20210815/243.tif,Pre_event/S2_20210804/243.tif,Post_event/S2_20210814/243.tif,Annotations/243.tif
244,train,327,3.119,15873,511,0,0,2.783,15928,365,91,0,3.119,15873,511,0,0,2.783,15928,365,91,0,Pre_event/S1_ASC_20210805/244.tif,Pre_event/S1_DESC_20210803/244.tif,Post_event/S1_ASC_20210817/244.tif,Post_event/S1_DESC_20210815/244.tif,Pre_event/S2_20210804/244.tif,Post_event/S2_20210814/244.tif,Annotations/244.tif
245,val,250,0.11,16366,18,0,0,0.403,16318,66,0,0,0.11,16366,18,0,0,0.403,16318,66,0,0,Pre_event/S1_ASC_20210805/245.tif,Pre_event/S1_DESC_20210803/245.tif,Post_event/S1_ASC_20210817/245.tif,Post_event/S1_DESC_20210815/245.tif,Pre_event/S2_20210804/245.tif,Post_event/S2_20210814/245.tif,Annotations/245.tif
246,train,532,4.004,15728,656,0,0,2.692,15943,441,0,0,4.004,15728,656,0,0,2.692,15943,441,0,0,Pre_event/S1_ASC_20210805/246.tif,Pre_event/S1_DESC_20210803/246.tif,Post_event/S1_ASC_20210817/246.tif,Post_event/S1_DESC_20210815/246.tif,Pre_event/S2_20210804/246.tif,Post_event/S2_20210814/246.tif,Annotations/246.tif
247,test,783,5.597,15467,912,5,0,11.584,14486,1833,65,0,5.597,15467,912,5,0,11.584,14486,1833,65,0,Pre_event/S1_ASC_20210805/247.tif,Pre_event/S1_DESC_20210803/247.tif,Post_event/S1_ASC_20210817/247.tif,Post_event/S1_DESC_20210815/247.tif,Pre_event/S2_20210804/247.tif,Post_event/S2_20210814/247.tif,Annotations/247.tif
248,val,382,12.854,14278,2101,5,0,12.653,14311,1951,122,0,12.854,14278,2101,5,0,12.653,14311,1951,122,0,Pre_event/S1_ASC_20210805/248.tif,Pre_event/S1_DESC_20210803/248.tif,Post_event/S1_ASC_20210817/248.tif,Post_event/S1_DESC_20210815/248.tif,Pre_event/S2_20210804/248.tif,Post_event/S2_20210814/248.tif,Annotations/248.tif
249,val,131,38.788,10029,6355,0,0,6.415,15333,769,282,0,38.788,10029,6355,0,0,6.415,15333,769,282,0,Pre_event/S1_ASC_20210805/249.tif,Pre_event/S1_DESC_20210803/249.tif,Post_event/S1_ASC_20210817/249.tif,Post_event/S1_DESC_20210815/249.tif,Pre_event/S2_20210804/249.tif,Post_event/S2_20210814/249.tif,Annotations/249.tif
250,train,972,59.375,6656,9728,0,0,5.072,15553,491,340,0,59.375,6656,9728,0,0,5.072,15553,491,340,0,Pre_event/S1_ASC_20210805/250.tif,Pre_event/S1_DESC_20210803/250.tif,Post_event/S1_ASC_20210817/250.tif,Post_event/S1_DESC_20210815/250.tif,Pre_event/S2_20210804/250.tif,Post_event/S2_20210814/250.tif,Annotations/250.tif
251,test,2861,54.211,7502,8882,0,0,6.714,15284,425,675,0,54.211,7502,8882,0,0,6.714,15284,425,675,0,Pre_event/S1_ASC_20210805/251.tif,Pre_event/S1_DESC_20210803/251.tif,Post_event/S1_ASC_20210817/251.tif,Post_event/S1_DESC_20210815/251.tif,Pre_event/S2_20210804/251.tif,Post_event/S2_20210814/251.tif,Annotations/251.tif
252,train,1986,25.439,12216,4168,0,0,4.346,15672,152,560,0,25.439,12216,4168,0,0,4.346,15672,152,560,0,Pre_event/S1_ASC_20210805/252.tif,Pre_event/S1_DESC_20210803/252.tif,Post_event/S1_ASC_20210817/252.tif,Post_event/S1_DESC_20210815/252.tif,Pre_event/S2_20210804/252.tif,Post_event/S2_20210814/252.tif,Annotations/252.tif
253,train,110,3.29,15845,539,0,0,1.727,16101,283,0,0,3.29,15845,539,0,0,1.727,16101,283,0,0,Pre_event/S1_ASC_20210805/253.tif,Pre_event/S1_DESC_20210803/253.tif,Post_event/S1_ASC_20210817/253.tif,Post_event/S1_DESC_20210815/253.tif,Pre_event/S2_20210804/253.tif,Post_event/S2_20210814/253.tif,Annotations/253.tif
254,test,411,34.174,10785,5599,0,0,6.781,15273,652,459,0,34.174,10785,5599,0,0,6.781,15273,652,459,0,Pre_event/S1_ASC_20210805/254.tif,Pre_event/S1_DESC_20210803/254.tif,Post_event/S1_ASC_20210817/254.tif,Post_event/S1_DESC_20210815/254.tif,Pre_event/S2_20210804/254.tif,Post_event/S2_20210814/254.tif,Annotations/254.tif
255,train,1357,49.072,8344,8040,0,0,10.858,14605,1167,612,0,49.072,8344,8040,0,0,10.858,14605,1167,612,0,Pre_event/S1_ASC_20210805/255.tif,Pre_event/S1_DESC_20210803/255.tif,Post_event/S1_ASC_20210817/255.tif,Post_event/S1_DESC_20210815/255.tif,Pre_event/S2_20210804/255.tif,Post_event/S2_20210814/255.tif,Annotations/255.tif
256,train,1687,34.808,10681,5703,0,0,7.581,15142,943,299,0,34.808,10681,5703,0,0,7.581,15142,943,299,0,Pre_event/S1_ASC_20210805/256.tif,Pre_event/S1_DESC_20210803/256.tif,Post_event/S1_ASC_20210817/256.tif,Post_event/S1_DESC_20210815/256.tif,Pre_event/S2_20210804/256.tif,Post_event/S2_20210814/256.tif,Annotations/256.tif
257,val,1413,22.382,12717,3667,0,0,6.311,15350,931,103,0,22.382,12717,3667,0,0,6.311,15350,931,103,0,Pre_event/S1_ASC_20210805/257.tif,Pre_event/S1_DESC_20210803/257.tif,Post_event/S1_ASC_20210817/257.tif,Post_event/S1_DESC_20210815/257.tif,Pre_event/S2_20210804/257.tif,Post_event/S2_20210814/257.tif,Annotations/257.tif
258,train,1386,18.079,13422,2958,4,0,5.426,15495,800,89,0,18.079,13422,2958,4,0,5.426,15495,800,89,0,Pre_event/S1_ASC_20210805/258.tif,Pre_event/S1_DESC_20210803/258.tif,Post_event/S1_ASC_20210817/258.tif,Post_event/S1_DESC_20210815/258.tif,Pre_event/S2_20210804/258.tif,Post_event/S2_20210814/258.tif,Annotations/258.tif
259,train,1182,7.318,15185,1195,4,0,2.014,16054,330,0,0,7.318,15185,1195,4,0,2.014,16054,330,0,0,Pre_event/S1_ASC_20210805/259.tif,Pre_event/S1_DESC_20210803/259.tif,Post_event/S1_ASC_20210817/259.tif,Post_event/S1_DESC_20210815/259.tif,Pre_event/S2_20210804/259.tif,Post_event/S2_20210814/259.tif,Annotations/259.tif
260,val,557,2.472,15979,405,0,0,0.269,16340,44,0,0,2.472,15979,405,0,0,0.269,16340,44,0,0,Pre_event/S1_ASC_20210805/260.tif,Pre_event/S1_DESC_20210803/260.tif,Post_event/S1_ASC_20210817/260.tif,Post_event/S1_DESC_20210815/260.tif,Pre_event/S2_20210804/260.tif,Post_event/S2_20210814/260.tif,Annotations/260.tif
261,test,99,3.424,15823,561,0,0,0.391,16320,64,0,0,3.424,15823,561,0,0,0.391,16320,64,0,0,Pre_event/S1_ASC_20210805/261.tif,Pre_event/S1_DESC_20210803/261.tif,Post_event/S1_ASC_20210817/261.tif,Post_event/S1_DESC_20210815/261.tif,Pre_event/S2_20210804/261.tif,Post_event/S2_20210814/261.tif,Annotations/261.tif
262,train,306,18.292,13387,2997,0,0,0.415,16316,64,4,0,18.292,13387,2997,0,0,0.415,16316,64,4,0,Pre_event/S1_ASC_20210805/262.tif,Pre_event/S1_DESC_20210803/262.tif,Post_event/S1_ASC_20210817/262.tif,Post_event/S1_DESC_20210815/262.tif,Pre_event/S2_20210804/262.tif,Post_event/S2_20210814/262.tif,Annotations/262.tif
263,val,251,19.562,13179,3205,0,0,0.024,16380,0,4,0,19.562,13179,3205,0,0,0.024,16380,0,4,0,Pre_event/S1_ASC_20210805/263.tif,Pre_event/S1_DESC_20210803/263.tif,Post_event/S1_ASC_20210817/263.tif,Post_event/S1_DESC_20210815/263.tif,Pre_event/S2_20210804/263.tif,Post_event/S2_20210814/263.tif,Annotations/263.tif
264,train,153,0.323,16331,41,12,0,17.059,13589,2795,0,0,0.323,16331,41,12,0,17.059,13589,2795,0,0,Pre_event/S1_ASC_20210805/264.tif,Pre_event/S1_DESC_20210803/264.tif,Post_event/S1_ASC_20210817/264.tif,Post_event/S1_DESC_20210815/264.tif,Pre_event/S2_20210804/264.tif,Post_event/S2_20210814/264.tif,Annotations/264.tif
265,train,302,0.598,16286,41,57,0,30.56,11377,5007,0,0,0.598,16286,41,57,0,30.56,11377,5007,0,0,Pre_event/S1_ASC_20210805/265.tif,Pre_event/S1_DESC_20210803/265.tif,Post_event/S1_ASC_20210817/265.tif,Post_event/S1_DESC_20210815/265.tif,Pre_event/S2_20210804/265.tif,Post_event/S2_20210814/265.tif,Annotations/265.tif
266,train,196,0.525,16298,41,45,0,20.563,13015,3369,0,0,0.525,16298,41,45,0,20.563,13015,3369,0,0,Pre_event/S1_ASC_20210805/266.tif,Pre_event/S1_DESC_20210803/266.tif,Post_event/S1_ASC_20210817/266.tif,Post_event/S1_DESC_20210815/266.tif,Pre_event/S2_20210804/266.tif,Post_event/S2_20210814/266.tif,Annotations/266.tif
267,train,241,1.105,16203,144,37,0,13.733,14134,2250,0,0,1.105,16203,144,37,0,13.733,14134,2250,0,0,Pre_event/S1_ASC_20210805/267.tif,Pre_event/S1_DESC_20210803/267.tif,Post_event/S1_ASC_20210817/267.tif,Post_event/S1_DESC_20210815/267.tif,Pre_event/S2_20210804/267.tif,Post_event/S2_20210814/267.tif,Annotations/267.tif
268,train,1714,2.258,16014,333,37,0,20.874,12964,3420,0,0,2.258,16014,333,37,0,20.874,12964,3420,0,0,Pre_event/S1_ASC_20210805/268.tif,Pre_event/S1_DESC_20210803/268.tif,Post_event/S1_ASC_20210817/268.tif,Post_event/S1_DESC_20210815/268.tif,Pre_event/S2_20210804/268.tif,Post_event/S2_20210814/268.tif,Annotations/268.tif
269,train,1473,3.577,15798,586,0,0,9.259,14867,1452,65,0,3.577,15798,586,0,0,9.259,14867,1452,65,0,Pre_event/S1_ASC_20210805/269.tif,Pre_event/S1_DESC_20210803/269.tif,Post_event/S1_ASC_20210817/269.tif,Post_event/S1_DESC_20210815/269.tif,Pre_event/S2_20210804/269.tif,Post_event/S2_20210814/269.tif,Annotations/269.tif
270,train,118,9.888,14764,1620,0,0,2.026,16052,214,118,0,9.888,14764,1620,0,0,2.026,16052,214,118,0,Pre_event/S1_ASC_20210805/270.tif,Pre_event/S1_DESC_20210803/270.tif,Post_event/S1_ASC_20210817/270.tif,Post_event/S1_DESC_20210815/270.tif,Pre_event/S2_20210804/270.tif,Post_event/S2_20210814/270.tif,Annotations/270.tif
271,test,458,13.422,14185,2161,38,0,13.086,14240,2091,53,0,13.422,14185,2161,38,0,13.086,14240,2091,53,0,Pre_event/S1_ASC_20210805/271.tif,Pre_event/S1_DESC_20210803/271.tif,Post_event/S1_ASC_20210817/271.tif,Post_event/S1_DESC_20210815/271.tif,Pre_event/S2_20210804/271.tif,Post_event/S2_20210814/271.tif,Annotations/271.tif
272,train,1445,21.594,12846,3500,38,0,22.266,12736,3622,26,0,21.594,12846,3500,38,0,22.266,12736,3622,26,0,Pre_event/S1_ASC_20210805/272.tif,Pre_event/S1_DESC_20210803/272.tif,Post_event/S1_ASC_20210817/272.tif,Post_event/S1_DESC_20210815/272.tif,Pre_event/S2_20210804/272.tif,Post_event/S2_20210814/272.tif,Annotations/272.tif
273,train,1786,24.512,12368,4016,0,0,14.252,14049,2118,217,0,24.512,12368,4016,0,0,14.252,14049,2118,217,0,Pre_event/S1_ASC_20210805/273.tif,Pre_event/S1_DESC_20210803/273.tif,Post_event/S1_ASC_20210817/273.tif,Post_event/S1_DESC_20210815/273.tif,Pre_event/S2_20210804/273.tif,Post_event/S2_20210814/273.tif,Annotations/273.tif
274,train,743,9.43,14839,1545,0,0,6.427,15331,862,191,0,9.43,14839,1545,0,0,6.427,15331,862,191,0,Pre_event/S1_ASC_20210805/274.tif,Pre_event/S1_DESC_20210803/274.tif,Post_event/S1_ASC_20210817/274.tif,Post_event/S1_DESC_20210815/274.tif,Pre_event/S2_20210804/274.tif,Post_event/S2_20210814/274.tif,Annotations/274.tif
275,test,318,3.088,15878,506,0,0,3.857,15752,632,0,0,3.088,15878,506,0,0,3.857,15752,632,0,0,Pre_event/S1_ASC_20210805/275.tif,Pre_event/S1_DESC_20210803/275.tif,Post_event/S1_ASC_20210817/275.tif,Post_event/S1_DESC_20210815/275.tif,Pre_event/S2_20210804/275.tif,Post_event/S2_20210814/275.tif,Annotations/275.tif
276,train,273,1.733,16100,284,0,0,1.721,16102,282,0,0,1.733,16100,284,0,0,1.721,16102,282,0,0,Pre_event/S1_ASC_20210805/276.tif,Pre_event/S1_DESC_20210803/276.tif,Post_event/S1_ASC_20210817/276.tif,Post_event/S1_DESC_20210815/276.tif,Pre_event/S2_20210804/276.tif,Post_event/S2_20210814/276.tif,Annotations/276.tif
277,train,655,12.762,14293,2084,7,0,6.396,15336,1038,10,0,12.762,14293,2084,7,0,6.396,15336,1038,10,0,Pre_event/S1_ASC_20210805/277.tif,Pre_event/S1_DESC_20210803/277.tif,Post_event/S1_ASC_20210817/277.tif,Post_event/S1_DESC_20210815/277.tif,Pre_event/S2_20210804/277.tif,Post_event/S2_20210814/277.tif,Annotations/277.tif
278,val,2622,21.619,12842,3535,7,0,15.759,13802,2556,26,0,21.619,12842,3535,7,0,15.759,13802,2556,26,0,Pre_event/S1_ASC_20210805/278.tif,Pre_event/S1_DESC_20210803/278.tif,Post_event/S1_ASC_20210817/278.tif,Post_event/S1_DESC_20210815/278.tif,Pre_event/S2_20210804/278.tif,Post_event/S2_20210814/278.tif,Annotations/278.tif
279,train,3570,20.386,13044,3340,0,0,12.646,14312,2032,40,0,20.386,13044,3340,0,0,12.646,14312,2032,40,0,Pre_event/S1_ASC_20210805/279.tif,Pre_event/S1_DESC_20210803/279.tif,Post_event/S1_ASC_20210817/279.tif,Post_event/S1_DESC_20210815/279.tif,Pre_event/S2_20210804/279.tif,Post_event/S2_20210814/279.tif,Annotations/279.tif
280,train,2140,27.234,11922,4462,0,0,6.775,15274,997,113,0,27.234,11922,4462,0,0,6.775,15274,997,113,0,Pre_event/S1_ASC_20210805/280.tif,Pre_event/S1_DESC_20210803/280.tif,Post_event/S1_ASC_20210817/280.tif,Post_event/S1_DESC_20210815/280.tif,Pre_event/S2_20210804/280.tif,Post_event/S2_20210814/280.tif,Annotations/280.tif
281,train,1413,19.409,13204,3180,0,0,5.377,15503,792,89,0,19.409,13204,3180,0,0,5.377,15503,792,89,0,Pre_event/S1_ASC_20210805/281.tif,Pre_event/S1_DESC_20210803/281.tif,Post_event/S1_ASC_20210817/281.tif,Post_event/S1_DESC_20210815/281.tif,Pre_event/S2_20210804/281.tif,Post_event/S2_20210814/281.tif,Annotations/281.tif
282,train,1186,6.042,15394,990,0,0,2.155,16031,353,0,0,6.042,15394,990,0,0,2.155,16031,353,0,0,Pre_event/S1_ASC_20210805/282.tif,Pre_event/S1_DESC_20210803/282.tif,Post_event/S1_ASC_20210817/282.tif,Post_event/S1_DESC_20210815/282.tif,Pre_event/S2_20210804/282.tif,Post_event/S2_20210814/282.tif,Annotations/282.tif
283,val,358,3.705,15777,607,0,0,0.269,16340,44,0,0,3.705,15777,607,0,0,0.269,16340,44,0,0,Pre_event/S1_ASC_20210805/283.tif,Pre_event/S1_DESC_20210803/283.tif,Post_event/S1_ASC_20210817/283.tif,Post_event/S1_DESC_20210815/283.tif,Pre_event/S2_20210804/283.tif,Post_event/S2_20210814/283.tif,Annotations/283.tif
284,train,279,3.101,15876,508,0,0,0.708,16268,116,0,0,3.101,15876,508,0,0,0.708,16268,116,0,0,Pre_event/S1_ASC_20210805/284.tif,Pre_event/S1_DESC_20210803/284.tif,Post_event/S1_ASC_20210817/284.tif,Post_event/S1_DESC_20210815/284.tif,Pre_event/S2_20210804/284.tif,Post_event/S2_20210814/284.tif,Annotations/284.tif
285,train,538,5.231,15527,857,0,0,1.794,16090,294,0,0,5.231,15527,857,0,0,1.794,16090,294,0,0,Pre_event/S1_ASC_20210805/285.tif,Pre_event/S1_DESC_20210803/285.tif,Post_event/S1_ASC_20210817/285.tif,Post_event/S1_DESC_20210815/285.tif,Pre_event/S2_20210804/285.tif,Post_event/S2_20210814/285.tif,Annotations/285.tif
286,train,312,7.629,15134,1250,0,0,3.638,15788,596,0,0,7.629,15134,1250,0,0,3.638,15788,596,0,0,Pre_event/S1_ASC_20210805/286.tif,Pre_event/S1_DESC_20210803/286.tif,Post_event/S1_ASC_20210817/286.tif,Post_event/S1_DESC_20210815/286.tif,Pre_event/S2_20210804/286.tif,Post_event/S2_20210814/286.tif,Annotations/286.tif
287,train,194,0.916,16234,138,12,0,19.702,13156,3223,5,0,0.916,16234,138,12,0,19.702,13156,3223,5,0,Pre_event/S1_ASC_20210805/287.tif,Pre_event/S1_DESC_20210803/287.tif,Post_event/S1_ASC_20210817/287.tif,Post_event/S1_DESC_20210815/287.tif,Pre_event/S2_20210804/287.tif,Post_event/S2_20210814/287.tif,Annotations/287.tif
288,train,355,16.742,13641,2686,57,0,31.409,11238,5039,107,0,16.742,13641,2686,57,0,31.409,11238,5039,107,0,Pre_event/S1_ASC_20210805/288.tif,Pre_event/S1_DESC_20210803/288.tif,Post_event/S1_ASC_20210817/288.tif,Post_event/S1_DESC_20210815/288.tif,Pre_event/S2_20210804/288.tif,Post_event/S2_20210814/288.tif,Annotations/288.tif
289,test,208,34.888,10668,5671,45,0,22.144,12756,3404,224,0,34.888,10668,5671,45,0,22.144,12756,3404,224,0,Pre_event/S1_ASC_20210805/289.tif,Pre_event/S1_DESC_20210803/289.tif,Post_event/S1_ASC_20210817/289.tif,Post_event/S1_DESC_20210815/289.tif,Pre_event/S2_20210804/289.tif,Post_event/S2_20210814/289.tif,Annotations/289.tif
290,train,271,48.914,8370,8014,0,0,4.767,15603,163,618,0,48.914,8370,8014,0,0,4.767,15603,163,618,0,Pre_event/S1_ASC_20210805/290.tif,Pre_event/S1_DESC_20210803/290.tif,Post_event/S1_ASC_20210817/290.tif,Post_event/S1_DESC_20210815/290.tif,Pre_event/S2_20210804/290.tif,Post_event/S2_20210814/290.tif,Annotations/290.tif
291,train,271,29.681,11521,4863,0,0,7.312,15186,575,623,0,29.681,11521,4863,0,0,7.312,15186,575,623,0,Pre_event/S1_ASC_20210805/291.tif,Pre_event/S1_DESC_20210803/291.tif,Post_event/S1_ASC_20210817/291.tif,Post_event/S1_DESC_20210815/291.tif,Pre_event/S2_20210804/291.tif,Post_event/S2_20210814/291.tif,Annotations/291.tif
292,train,326,2.209,16022,325,37,0,22.449,12706,3678,0,0,2.209,16022,325,37,0,22.449,12706,3678,0,0,Pre_event/S1_ASC_20210805/292.tif,Pre_event/S1_DESC_20210803/292.tif,Post_event/S1_ASC_20210817/292.tif,Post_event/S1_DESC_20210815/292.tif,Pre_event/S2_20210804/292.tif,Post_event/S2_20210814/292.tif,Annotations/292.tif
293,train,1251,0.482,16305,42,37,0,26.215,12089,4295,0,0,0.482,16305,42,37,0,26.215,12089,4295,0,0,Pre_event/S1_ASC_20210805/293.tif,Pre_event/S1_DESC_20210803/293.tif,Post_event/S1_ASC_20210817/293.tif,Post_event/S1_DESC_20210815/293.tif,Pre_event/S2_20210804/293.tif,Post_event/S2_20210814/293.tif,Annotations/293.tif
294,train,941,4.315,15677,707,0,0,8.069,15062,1288,34,0,4.315,15677,707,0,0,8.069,15062,1288,34,0,Pre_event/S1_ASC_20210805/294.tif,Pre_event/S1_DESC_20210803/294.tif,Post_event/S1_ASC_20210817/294.tif,Post_event/S1_DESC_20210815/294.tif,Pre_event/S2_20210804/294.tif,Post_event/S2_20210814/294.tif,Annotations/294.tif
295,train,623,5.328,15511,835,38,0,13.855,14114,2228,42,0,5.328,15511,835,38,0,13.855,14114,2228,42,0,Pre_event/S1_ASC_20210805/295.tif,Pre_event/S1_DESC_20210803/295.tif,Post_event/S1_ASC_20210817/295.tif,Post_event/S1_DESC_20210815/295.tif,Pre_event/S2_20210804/295.tif,Post_event/S2_20210814/295.tif,Annotations/295.tif
296,train,2090,0.854,16244,102,38,0,23.822,12481,3863,40,0,0.854,16244,102,38,0,23.822,12481,3863,40,0,Pre_event/S1_ASC_20210805/296.tif,Pre_event/S1_DESC_20210803/296.tif,Post_event/S1_ASC_20210817/296.tif,Post_event/S1_DESC_20210815/296.tif,Pre_event/S2_20210804/296.tif,Post_event/S2_20210814/296.tif,Annotations/296.tif
297,test,1999,0.848,16245,102,37,0,24.457,12377,3967,40,0,0.848,16245,102,37,0,24.457,12377,3967,40,0,Pre_event/S1_ASC_20210805/297.tif,Pre_event/S1_DESC_20210803/297.tif,Post_event/S1_ASC_20210817/297.tif,Post_event/S1_DESC_20210815/297.tif,Pre_event/S2_20210804/297.tif,Post_event/S2_20210814/297.tif,Annotations/297.tif
298,test,891,0.665,16275,72,37,0,18.811,13302,3082,0,0,0.665,16275,72,37,0,18.811,13302,3082,0,0,Pre_event/S1_ASC_20210805/298.tif,Pre_event/S1_DESC_20210803/298.tif,Post_event/S1_ASC_20210817/298.tif,Post_event/S1_DESC_20210815/298.tif,Pre_event/S2_20210804/298.tif,Post_event/S2_20210814/298.tif,Annotations/298.tif
299,train,675,3.296,15844,540,0,0,9.93,14757,1600,27,0,3.296,15844,540,0,0,9.93,14757,1600,27,0,Pre_event/S1_ASC_20210805/299.tif,Pre_event/S1_DESC_20210803/299.tif,Post_event/S1_ASC_20210817/299.tif,Post_event/S1_DESC_20210815/299.tif,Pre_event/S2_20210804/299.tif,Post_event/S2_20210814/299.tif,Annotations/299.tif
300,test,1372,2.856,15916,468,0,0,12.518,14333,2024,27,0,2.856,15916,468,0,0,12.518,14333,2024,27,0,Pre_event/S1_ASC_20210805/300.tif,Pre_event/S1_DESC_20210803/300.tif,Post_event/S1_ASC_20210817/300.tif,Post_event/S1_DESC_20210815/300.tif,Pre_event/S2_20210804/300.tif,Post_event/S2_20210814/300.tif,Annotations/300.tif
301,val,2694,13.544,14165,2212,7,0,19.598,13173,3132,79,0,13.544,14165,2212,7,0,19.598,13173,3132,79,0,Pre_event/S1_ASC_20210805/301.tif,Pre_event/S1_DESC_20210803/301.tif,Post_event/S1_ASC_20210817/301.tif,Post_event/S1_DESC_20210815/301.tif,Pre_event/S2_20210804/301.tif,Post_event/S2_20210814/301.tif,Annotations/301.tif
302,train,4281,38.446,10085,6292,7,0,19.818,13137,2959,288,0,38.446,10085,6292,7,0,19.818,13137,2959,288,0,Pre_event/S1_ASC_20210805/302.tif,Pre_event/S1_DESC_20210803/302.tif,Post_event/S1_ASC_20210817/302.tif,Post_event/S1_DESC_20210815/302.tif,Pre_event/S2_20210804/302.tif,Post_event/S2_20210814/302.tif,Annotations/302.tif
303,test,3973,41.119,9647,6737,0,0,8.35,15016,1129,239,0,41.119,9647,6737,0,0,8.35,15016,1129,239,0,Pre_event/S1_ASC_20210805/303.tif,Pre_event/S1_DESC_20210803/303.tif,Post_event/S1_ASC_20210817/303.tif,Post_event/S1_DESC_20210815/303.tif,Pre_event/S2_20210804/303.tif,Post_event/S2_20210814/303.tif,Annotations/303.tif
304,val,1931,28.51,11713,4671,0,0,5.078,15552,793,39,0,28.51,11713,4671,0,0,5.078,15552,793,39,0,Pre_event/S1_ASC_20210805/304.tif,Pre_event/S1_DESC_20210803/304.tif,Post_event/S1_ASC_20210817/304.tif,Post_event/S1_DESC_20210815/304.tif,Pre_event/S2_20210804/304.tif,Post_event/S2_20210814/304.tif,Annotations/304.tif
305,train,1402,20.111,13089,3295,0,0,6.232,15363,997,24,0,20.111,13089,3295,0,0,6.232,15363,997,24,0,Pre_event/S1_ASC_20210805/305.tif,Pre_event/S1_DESC_20210803/305.tif,Post_event/S1_ASC_20210817/305.tif,Post_event/S1_DESC_20210815/305.tif,Pre_event/S2_20210804/305.tif,Post_event/S2_20210814/305.tif,Annotations/305.tif
306,val,1357,11.487,14502,1882,0,0,2.362,15997,372,15,0,11.487,14502,1882,0,0,2.362,15997,372,15,0,Pre_event/S1_ASC_20210805/306.tif,Pre_event/S1_DESC_20210803/306.tif,Post_event/S1_ASC_20210817/306.tif,Post_event/S1_DESC_20210815/306.tif,Pre_event/S2_20210804/306.tif,Post_event/S2_20210814/306.tif,Annotations/306.tif
307,train,637,4.755,15605,779,0,0,0.287,16337,47,0,0,4.755,15605,779,0,0,0.287,16337,47,0,0,Pre_event/S1_ASC_20210805/307.tif,Pre_event/S1_DESC_20210803/307.tif,Post_event/S1_ASC_20210817/307.tif,Post_event/S1_DESC_20210815/307.tif,Pre_event/S2_20210804/307.tif,Post_event/S2_20210814/307.tif,Annotations/307.tif
308,train,148,4.907,15580,804,0,0,0.421,16315,69,0,0,4.907,15580,804,0,0,0.421,16315,69,0,0,Pre_event/S1_ASC_20210805/308.tif,Pre_event/S1_DESC_20210803/308.tif,Post_event/S1_ASC_20210817/308.tif,Post_event/S1_DESC_20210815/308.tif,Pre_event/S2_20210804/308.tif,Post_event/S2_20210814/308.tif,Annotations/308.tif
309,train,503,5.2,15532,852,0,0,1.825,16085,299,0,0,5.2,15532,852,0,0,1.825,16085,299,0,0,Pre_event/S1_ASC_20210805/309.tif,Pre_event/S1_DESC_20210803/309.tif,Post_event/S1_ASC_20210817/309.tif,Post_event/S1_DESC_20210815/309.tif,Pre_event/S2_20210804/309.tif,Post_event/S2_20210814/309.tif,Annotations/309.tif
310,val,700,1.379,16158,226,0,0,4.089,15714,670,0,0,1.379,16158,226,0,0,4.089,15714,670,0,0,Pre_event/S1_ASC_20210805/310.tif,Pre_event/S1_DESC_20210803/310.tif,Post_event/S1_ASC_20210817/310.tif,Post_event/S1_DESC_20210815/310.tif,Pre_event/S2_20210804/310.tif,Post_event/S2_20210814/310.tif,Annotations/310.tif
311,val,320,1.428,16150,234,0,0,5.627,15462,922,0,0,1.428,16150,234,0,0,5.627,15462,922,0,0,Pre_event/S1_ASC_20210805/311.tif,Pre_event/S1_DESC_20210803/311.tif,Post_event/S1_ASC_20210817/311.tif,Post_event/S1_DESC_20210815/311.tif,Pre_event/S2_20210804/311.tif,Post_event/S2_20210814/311.tif,Annotations/311.tif
312,val,138,19.781,13143,3241,0,0,6.403,15335,884,165,0,19.781,13143,3241,0,0,6.403,15335,884,165,0,Pre_event/S1_ASC_20210805/312.tif,Pre_event/S1_DESC_20210803/312.tif,Post_event/S1_ASC_20210817/312.tif,Post_event/S1_DESC_20210815/312.tif,Pre_event/S2_20210804/312.tif,Post_event/S2_20210814/312.tif,Annotations/312.tif
313,train,103,33.813,10844,5540,0,0,3.461,15817,432,135,0,33.813,10844,5540,0,0,3.461,15817,432,135,0,Pre_event/S1_ASC_20210805/313.tif,Pre_event/S1_DESC_20210803/313.tif,Post_event/S1_ASC_20210817/313.tif,Post_event/S1_DESC_20210815/313.tif,Pre_event/S2_20210804/313.tif,Post_event/S2_20210814/313.tif,Annotations/313.tif
314,val,271,37.439,10250,6134,0,0,4.333,15674,92,618,0,37.439,10250,6134,0,0,4.333,15674,92,618,0,Pre_event/S1_ASC_20210805/314.tif,Pre_event/S1_DESC_20210803/314.tif,Post_event/S1_ASC_20210817/314.tif,Post_event/S1_DESC_20210815/314.tif,Pre_event/S2_20210804/314.tif,Post_event/S2_20210814/314.tif,Annotations/314.tif
315,val,271,39.807,9862,6522,0,0,3.851,15753,0,631,0,39.807,9862,6522,0,0,3.851,15753,0,631,0,Pre_event/S1_ASC_20210805/315.tif,Pre_event/S1_DESC_20210803/315.tif,Post_event/S1_ASC_20210817/315.tif,Post_event/S1_DESC_20210815/315.tif,Pre_event/S2_20210804/315.tif,Post_event/S2_20210814/315.tif,Annotations/315.tif
316,test,348,15.942,13772,2612,0,0,4.028,15724,647,13,0,15.942,13772,2612,0,0,4.028,15724,647,13,0,Pre_event/S1_ASC_20210805/316.tif,Pre_event/S1_DESC_20210803/316.tif,Post_event/S1_ASC_20210817/316.tif,Post_event/S1_DESC_20210815/316.tif,Pre_event/S2_20210804/316.tif,Post_event/S2_20210814/316.tif,Annotations/316.tif
317,train,468,1.501,16138,246,0,0,9.46,14834,1550,0,0,1.501,16138,246,0,0,9.46,14834,1550,0,0,Pre_event/S1_ASC_20210805/317.tif,Pre_event/S1_DESC_20210803/317.tif,Post_event/S1_ASC_20210817/317.tif,Post_event/S1_DESC_20210815/317.tif,Pre_event/S2_20210804/317.tif,Post_event/S2_20210814/317.tif,Annotations/317.tif
318,train,304,5.835,15428,956,0,0,7.587,15141,1230,13,0,5.835,15428,956,0,0,7.587,15141,1230,13,0,Pre_event/S1_ASC_20210805/318.tif,Pre_event/S1_DESC_20210803/318.tif,Post_event/S1_ASC_20210817/318.tif,Post_event/S1_DESC_20210815/318.tif,Pre_event/S2_20210804/318.tif,Post_event/S2_20210814/318.tif,Annotations/318.tif
319,train,188,27.441,11888,4496,0,0,2.692,15943,389,52,0,27.441,11888,4496,0,0,2.692,15943,389,52,0,Pre_event/S1_ASC_20210805/319.tif,Pre_event/S1_DESC_20210803/319.tif,Post_event/S1_ASC_20210817/319.tif,Post_event/S1_DESC_20210815/319.tif,Pre_event/S2_20210804/319.tif,Post_event/S2_20210814/319.tif,Annotations/319.tif
320,val,336,10.632,14642,1742,0,0,6.104,15384,942,58,0,10.632,14642,1742,0,0,6.104,15384,942,58,0,Pre_event/S1_ASC_20210805/320.tif,Pre_event/S1_DESC_20210803/320.tif,Post_event/S1_ASC_20210817/320.tif,Post_event/S1_DESC_20210815/320.tif,Pre_event/S2_20210804/320.tif,Post_event/S2_20210814/320.tif,Annotations/320.tif
321,train,2419,2.161,16030,345,9,0,14.386,14027,2317,40,0,2.161,16030,345,9,0,14.386,14027,2317,40,0,Pre_event/S1_ASC_20210805/321.tif,Pre_event/S1_DESC_20210803/321.tif,Post_event/S1_ASC_20210817/321.tif,Post_event/S1_DESC_20210815/321.tif,Pre_event/S2_20210804/321.tif,Post_event/S2_20210814/321.tif,Annotations/321.tif
322,test,3617,0.867,16242,96,46,0,27.301,11911,4433,40,0,0.867,16242,96,46,0,27.301,11911,4433,40,0,Pre_event/S1_ASC_20210805/322.tif,Pre_event/S1_DESC_20210803/322.tif,Post_event/S1_ASC_20210817/322.tif,Post_event/S1_DESC_20210815/322.tif,Pre_event/S2_20210804/322.tif,Post_event/S2_20210814/322.tif,Annotations/322.tif
323,train,2108,2.338,16001,346,37,0,24.329,12398,3986,0,0,2.338,16001,346,37,0,24.329,12398,3986,0,0,Pre_event/S1_ASC_20210805/323.tif,Pre_event/S1_DESC_20210803/323.tif,Post_event/S1_ASC_20210817/323.tif,Post_event/S1_DESC_20210815/323.tif,Pre_event/S2_20210804/323.tif,Post_event/S2_20210814/323.tif,Annotations/323.tif
324,test,975,3.79,15763,621,0,0,21.759,12819,3526,39,0,3.79,15763,621,0,0,21.759,12819,3526,39,0,Pre_event/S1_ASC_20210805/324.tif,Pre_event/S1_DESC_20210803/324.tif,Post_event/S1_ASC_20210817/324.tif,Post_event/S1_DESC_20210815/324.tif,Pre_event/S2_20210804/324.tif,Post_event/S2_20210814/324.tif,Annotations/324.tif
325,train,2262,1.678,16109,275,0,0,29.004,11632,4713,39,0,1.678,16109,275,0,0,29.004,11632,4713,39,0,Pre_event/S1_ASC_20210805/325.tif,Pre_event/S1_DESC_20210803/325.tif,Post_event/S1_ASC_20210817/325.tif,Post_event/S1_DESC_20210815/325.tif,Pre_event/S2_20210804/325.tif,Post_event/S2_20210814/325.tif,Annotations/325.tif
326,train,2874,7.202,15204,1180,0,0,25.781,12160,4155,69,0,7.202,15204,1180,0,0,25.781,12160,4155,69,0,Pre_event/S1_ASC_20210805/326.tif,Pre_event/S1_DESC_20210803/326.tif,Post_event/S1_ASC_20210817/326.tif,Post_event/S1_DESC_20210815/326.tif,Pre_event/S2_20210804/326.tif,Post_event/S2_20210814/326.tif,Annotations/326.tif
327,train,2654,28.137,11774,4610,0,0,14.606,13991,2131,262,0,28.137,11774,4610,0,0,14.606,13991,2131,262,0,Pre_event/S1_ASC_20210805/327.tif,Pre_event/S1_DESC_20210803/327.tif,Post_event/S1_ASC_20210817/327.tif,Post_event/S1_DESC_20210815/327.tif,Pre_event/S2_20210804/327.tif,Post_event/S2_20210814/327.tif,Annotations/327.tif
328,train,2451,36.023,10482,5902,0,0,3.888,15747,433,204,0,36.023,10482,5902,0,0,3.888,15747,433,204,0,Pre_event/S1_ASC_20210805/328.tif,Pre_event/S1_DESC_20210803/328.tif,Post_event/S1_ASC_20210817/328.tif,Post_event/S1_DESC_20210815/328.tif,Pre_event/S2_20210804/328.tif,Post_event/S2_20210814/328.tif,Annotations/328.tif
329,train,2040,26.447,12051,4333,0,0,3.558,15801,561,22,0,26.447,12051,4333,0,0,3.558,15801,561,22,0,Pre_event/S1_ASC_20210805/329.tif,Pre_event/S1_DESC_20210803/329.tif,Post_event/S1_ASC_20210817/329.tif,Post_event/S1_DESC_20210815/329.tif,Pre_event/S2_20210804/329.tif,Post_event/S2_20210814/329.tif,Annotations/329.tif
330,train,1559,20.667,12998,3386,0,0,3.162,15866,492,26,0,20.667,12998,3386,0,0,3.162,15866,492,26,0,Pre_event/S1_ASC_20210805/330.tif,Pre_event/S1_DESC_20210803/330.tif,Post_event/S1_ASC_20210817/330.tif,Post_event/S1_DESC_20210815/330.tif,Pre_event/S2_20210804/330.tif,Post_event/S2_20210814/330.tif,Annotations/330.tif
331,test,1249,16.113,13744,2640,0,0,0.623,16282,87,15,0,16.113,13744,2640,0,0,0.623,16282,87,15,0,Pre_event/S1_ASC_20210805/331.tif,Pre_event/S1_DESC_20210803/331.tif,Post_event/S1_ASC_20210817/331.tif,Post_event/S1_DESC_20210815/331.tif,Pre_event/S2_20210804/331.tif,Post_event/S2_20210814/331.tif,Annotations/331.tif
332,train,989,6.866,15259,1125,0,0,0.287,16337,47,0,0,6.866,15259,1125,0,0,0.287,16337,47,0,0,Pre_event/S1_ASC_20210805/332.tif,Pre_event/S1_DESC_20210803/332.tif,Post_event/S1_ASC_20210817/332.tif,Post_event/S1_DESC_20210815/332.tif,Pre_event/S2_20210804/332.tif,Post_event/S2_20210814/332.tif,Annotations/332.tif
333,train,192,1.874,16077,307,0,0,0.238,16345,39,0,0,1.874,16077,307,0,0,0.238,16345,39,0,0,Pre_event/S1_ASC_20210805/333.tif,Pre_event/S1_DESC_20210803/333.tif,Post_event/S1_ASC_20210817/333.tif,Post_event/S1_DESC_20210815/333.tif,Pre_event/S2_20210804/333.tif,Post_event/S2_20210814/333.tif,Annotations/333.tif
334,train,410,3.394,15828,556,0,0,1.117,16201,183,0,0,3.394,15828,556,0,0,1.117,16201,183,0,0,Pre_event/S1_ASC_20210805/334.tif,Pre_event/S1_DESC_20210803/334.tif,Post_event/S1_ASC_20210817/334.tif,Post_event/S1_DESC_20210815/334.tif,Pre_event/S2_20210804/334.tif,Post_event/S2_20210814/334.tif,Annotations/334.tif
335,train,503,1.581,16125,259,0,0,2.686,15944,440,0,0,1.581,16125,259,0,0,2.686,15944,440,0,0,Pre_event/S1_ASC_20210805/335.tif,Pre_event/S1_DESC_20210803/335.tif,Post_event/S1_ASC_20210817/335.tif,Post_event/S1_DESC_20210815/335.tif,Pre_event/S2_20210804/335.tif,Post_event/S2_20210814/335.tif,Annotations/335.tif
336,train,222,6.873,15258,1126,0,0,2.46,15981,403,0,0,6.873,15258,1126,0,0,2.46,15981,403,0,0,Pre_event/S1_ASC_20210805/336.tif,Pre_event/S1_DESC_20210803/336.tif,Post_event/S1_ASC_20210817/336.tif,Post_event/S1_DESC_20210815/336.tif,Pre_event/S2_20210804/336.tif,Post_event/S2_20210814/336.tif,Annotations/336.tif
337,train,115,31.781,11177,5207,0,0,3.027,15888,329,167,0,31.781,11177,5207,0,0,3.027,15888,329,167,0,Pre_event/S1_ASC_20210805/337.tif,Pre_event/S1_DESC_20210803/337.tif,Post_event/S1_ASC_20210817/337.tif,Post_event/S1_DESC_20210815/337.tif,Pre_event/S2_20210804/337.tif,Post_event/S2_20210814/337.tif,Annotations/337.tif
338,train,437,13.879,14110,2274,0,0,0.659,16276,95,13,0,13.879,14110,2274,0,0,0.659,16276,95,13,0,Pre_event/S1_ASC_20210805/338.tif,Pre_event/S1_DESC_20210803/338.tif,Post_event/S1_ASC_20210817/338.tif,Post_event/S1_DESC_20210815/338.tif,Pre_event/S2_20210804/338.tif,Post_event/S2_20210814/338.tif,Annotations/338.tif
339,test,450,0.659,16276,108,0,0,0.671,16274,110,0,0,0.659,16276,108,0,0,0.671,16274,110,0,0,Pre_event/S1_ASC_20210805/339.tif,Pre_event/S1_DESC_20210803/339.tif,Post_event/S1_ASC_20210817/339.tif,Post_event/S1_DESC_20210815/339.tif,Pre_event/S2_20210804/339.tif,Post_event/S2_20210814/339.tif,Annotations/339.tif
340,train,743,8.246,15033,1351,0,0,9.253,14868,1463,53,0,8.246,15033,1351,0,0,9.253,14868,1463,53,0,Pre_event/S1_ASC_20210805/340.tif,Pre_event/S1_DESC_20210803/340.tif,Post_event/S1_ASC_20210817/340.tif,Post_event/S1_DESC_20210815/340.tif,Pre_event/S2_20210804/340.tif,Post_event/S2_20210814/340.tif,Annotations/340.tif
341,val,1462,28.009,11795,4570,19,0,19.922,13120,3206,58,0,28.009,11795,4570,19,0,19.922,13120,3206,58,0,Pre_event/S1_ASC_20210805/341.tif,Pre_event/S1_DESC_20210803/341.tif,Post_event/S1_ASC_20210817/341.tif,Post_event/S1_DESC_20210815/341.tif,Pre_event/S2_20210804/341.tif,Post_event/S2_20210814/341.tif,Annotations/341.tif
342,test,977,35.004,10649,5708,27,0,14.978,13930,2288,166,0,35.004,10649,5708,27,0,14.978,13930,2288,166,0,Pre_event/S1_ASC_20210805/342.tif,Pre_event/S1_DESC_20210803/342.tif,Post_event/S1_ASC_20210817/342.tif,Post_event/S1_DESC_20210815/342.tif,Pre_event/S2_20210804/342.tif,Post_event/S2_20210814/342.tif,Annotations/342.tif
343,train,396,20.764,12982,3394,8,0,6.238,15362,821,201,0,20.764,12982,3394,8,0,6.238,15362,821,201,0,Pre_event/S1_ASC_20210805/343.tif,Pre_event/S1_DESC_20210803/343.tif,Post_event/S1_ASC_20210817/343.tif,Post_event/S1_DESC_20210815/343.tif,Pre_event/S2_20210804/343.tif,Post_event/S2_20210814/343.tif,Annotations/343.tif
344,test,2360,10.559,14654,1721,9,0,13.507,14171,2172,41,0,10.559,14654,1721,9,0,13.507,14171,2172,41,0,Pre_event/S1_ASC_20210805/344.tif,Pre_event/S1_DESC_20210803/344.tif,Post_event/S1_ASC_20210817/344.tif,Post_event/S1_DESC_20210815/344.tif,Pre_event/S2_20210804/344.tif,Post_event/S2_20210814/344.tif,Annotations/344.tif
345,train,3945,4.987,15567,808,9,0,22.296,12731,3652,1,0,4.987,15567,808,9,0,22.296,12731,3652,1,0,Pre_event/S1_ASC_20210805/345.tif,Pre_event/S1_DESC_20210803/345.tif,Post_event/S1_ASC_20210817/345.tif,Post_event/S1_DESC_20210815/345.tif,Pre_event/S2_20210804/345.tif,Post_event/S2_20210814/345.tif,Annotations/345.tif
346,train,2269,4.657,15621,745,18,0,20.831,12971,3413,0,0,4.657,15621,745,18,0,20.831,12971,3413,0,0,Pre_event/S1_ASC_20210805/346.tif,Pre_event/S1_DESC_20210803/346.tif,Post_event/S1_ASC_20210817/346.tif,Post_event/S1_DESC_20210815/346.tif,Pre_event/S2_20210804/346.tif,Post_event/S2_20210814/346.tif,Annotations/346.tif
347,train,1302,6.177,15372,970,42,0,33.594,10880,5486,18,0,6.177,15372,970,42,0,33.594,10880,5486,18,0,Pre_event/S1_ASC_20210805/347.tif,Pre_event/S1_DESC_20210803/347.tif,Post_event/S1_ASC_20210817/347.tif,Post_event/S1_DESC_20210815/347.tif,Pre_event/S2_20210804/347.tif,Post_event/S2_20210814/347.tif,Annotations/347.tif
348,train,2085,2.49,15976,384,24,0,35.675,10539,5823,22,0,2.49,15976,384,24,0,35.675,10539,5823,22,0,Pre_event/S1_ASC_20210805/348.tif,Pre_event/S1_DESC_20210803/348.tif,Post_event/S1_ASC_20210817/348.tif,Post_event/S1_DESC_20210815/348.tif,Pre_event/S2_20210804/348.tif,Post_event/S2_20210814/348.tif,Annotations/348.tif
349,train,1322,0.946,16229,155,0,0,25.177,12259,4121,4,0,0.946,16229,155,0,0,25.177,12259,4121,4,0,Pre_event/S1_ASC_20210805/349.tif,Pre_event/S1_DESC_20210803/349.tif,Post_event/S1_ASC_20210817/349.tif,Post_event/S1_DESC_20210815/349.tif,Pre_event/S2_20210804/349.tif,Post_event/S2_20210814/349.tif,Annotations/349.tif
350,test,471,3.192,15861,523,0,0,16.895,13616,2768,0,0,3.192,15861,523,0,0,16.895,13616,2768,0,0,Pre_event/S1_ASC_20210805/350.tif,Pre_event/S1_DESC_20210803/350.tif,Post_event/S1_ASC_20210817/350.tif,Post_event/S1_DESC_20210815/350.tif,Pre_event/S2_20210804/350.tif,Post_event/S2_20210814/350.tif,Annotations/350.tif
351,train,1317,15.93,13774,2610,0,0,5.011,15563,821,0,0,15.93,13774,2610,0,0,5.011,15563,821,0,0,Pre_event/S1_ASC_20210805/351.tif,Pre_event/S1_DESC_20210803/351.tif,Post_event/S1_ASC_20210817/351.tif,Post_event/S1_DESC_20210815/351.tif,Pre_event/S2_20210804/351.tif,Post_event/S2_20210814/351.tif,Annotations/351.tif
352,test,2207,20.789,12978,3406,0,0,2.069,16045,336,3,0,20.789,12978,3406,0,0,2.069,16045,336,3,0,Pre_event/S1_ASC_20210805/352.tif,Pre_event/S1_DESC_20210803/352.tif,Post_event/S1_ASC_20210817/352.tif,Post_event/S1_DESC_20210815/352.tif,Pre_event/S2_20210804/352.tif,Post_event/S2_20210814/352.tif,Annotations/352.tif
353,test,1472,13.47,14177,2207,0,0,0.879,16240,141,3,0,13.47,14177,2207,0,0,0.879,16240,141,3,0,Pre_event/S1_ASC_20210805/353.tif,Pre_event/S1_DESC_20210803/353.tif,Post_event/S1_ASC_20210817/353.tif,Post_event/S1_DESC_20210815/353.tif,Pre_event/S2_20210804/353.tif,Post_event/S2_20210814/353.tif,Annotations/353.tif
354,train,1093,14.471,14013,2371,0,0,0.0,16384,0,0,0,14.471,14013,2371,0,0,0.0,16384,0,0,0,Pre_event/S1_ASC_20210805/354.tif,Pre_event/S1_DESC_20210803/354.tif,Post_event/S1_ASC_20210817/354.tif,Post_event/S1_DESC_20210815/354.tif,Pre_event/S2_20210804/354.tif,Post_event/S2_20210814/354.tif,Annotations/354.tif
355,train,1013,10.284,14699,1685,0,0,0.0,16384,0,0,0,10.284,14699,1685,0,0,0.0,16384,0,0,0,Pre_event/S1_ASC_20210805/355.tif,Pre_event/S1_DESC_20210803/355.tif,Post_event/S1_ASC_20210817/355.tif,Post_event/S1_DESC_20210815/355.tif,Pre_event/S2_20210804/355.tif,Post_event/S2_20210814/355.tif,Annotations/355.tif
356,val,147,1.892,16074,310,0,0,0.049,16376,8,0,0,1.892,16074,310,0,0,0.049,16376,8,0,0,Pre_event/S1_ASC_20210805/356.tif,Pre_event/S1_DESC_20210803/356.tif,Post_event/S1_ASC_20210817/356.tif,Post_event/S1_DESC_20210815/356.tif,Pre_event/S2_20210804/356.tif,Post_event/S2_20210814/356.tif,Annotations/356.tif
357,train,287,1.276,16175,209,0,0,0.22,16348,36,0,0,1.276,16175,209,0,0,0.22,16348,36,0,0,Pre_event/S1_ASC_20210805/357.tif,Pre_event/S1_DESC_20210803/357.tif,Post_event/S1_ASC_20210817/357.tif,Post_event/S1_DESC_20210815/357.tif,Pre_event/S2_20210804/357.tif,Post_event/S2_20210814/357.tif,Annotations/357.tif
358,train,271,2.527,15970,414,0,0,0.562,16292,92,0,0,2.527,15970,414,0,0,0.562,16292,92,0,0,Pre_event/S1_ASC_20210805/358.tif,Pre_event/S1_DESC_20210803/358.tif,Post_event/S1_ASC_20210817/358.tif,Post_event/S1_DESC_20210815/358.tif,Pre_event/S2_20210804/358.tif,Post_event/S2_20210814/358.tif,Annotations/358.tif
359,train,1135,10.046,14738,1646,0,0,0.47,16307,77,0,0,10.046,14738,1646,0,0,0.47,16307,77,0,0,Pre_event/S1_ASC_20210805/359.tif,Pre_event/S1_DESC_20210803/359.tif,Post_event/S1_ASC_20210817/359.tif,Post_event/S1_DESC_20210815/359.tif,Pre_event/S2_20210804/359.tif,Post_event/S2_20210814/359.tif,Annotations/359.tif
360,train,1089,22.296,12731,3653,0,0,0.214,16349,35,0,0,22.296,12731,3653,0,0,0.214,16349,35,0,0,Pre_event/S1_ASC_20210805/360.tif,Pre_event/S1_DESC_20210803/360.tif,Post_event/S1_ASC_20210817/360.tif,Post_event/S1_DESC_20210815/360.tif,Pre_event/S2_20210804/360.tif,Post_event/S2_20210814/360.tif,Annotations/360.tif
361,train,254,20.032,13102,3282,0,0,1.141,16197,166,21,0,20.032,13102,3282,0,0,1.141,16197,166,21,0,Pre_event/S1_ASC_20210805/361.tif,Pre_event/S1_DESC_20210803/361.tif,Post_event/S1_ASC_20210817/361.tif,Post_event/S1_DESC_20210815/361.tif,Pre_event/S2_20210804/361.tif,Post_event/S2_20210814/361.tif,Annotations/361.tif
362,train,250,16.382,13700,2684,0,0,1.007,16219,144,21,0,16.382,13700,2684,0,0,1.007,16219,144,21,0,Pre_event/S1_ASC_20210805/362.tif,Pre_event/S1_DESC_20210803/362.tif,Post_event/S1_ASC_20210817/362.tif,Post_event/S1_DESC_20210815/362.tif,Pre_event/S2_20210804/362.tif,Post_event/S2_20210814/362.tif,Annotations/362.tif
363,train,223,6.702,15286,1098,0,0,2.271,16012,372,0,0,6.702,15286,1098,0,0,2.271,16012,372,0,0,Pre_event/S1_ASC_20210805/363.tif,Pre_event/S1_DESC_20210803/363.tif,Post_event/S1_ASC_20210817/363.tif,Post_event/S1_DESC_20210815/363.tif,Pre_event/S2_20210804/363.tif,Post_event/S2_20210814/363.tif,Annotations/363.tif
364,train,268,10.083,14732,1652,0,0,2.301,16007,306,71,0,10.083,14732,1652,0,0,2.301,16007,306,71,0,Pre_event/S1_ASC_20210805/364.tif,Pre_event/S1_DESC_20210803/364.tif,Post_event/S1_ASC_20210817/364.tif,Post_event/S1_DESC_20210815/364.tif,Pre_event/S2_20210804/364.tif,Post_event/S2_20210814/364.tif,Annotations/364.tif
365,train,187,19.305,13221,3163,0,0,2.167,16029,355,0,0,19.305,13221,3163,0,0,2.167,16029,355,0,0,Pre_event/S1_ASC_20210805/365.tif,Pre_event/S1_DESC_20210803/365.tif,Post_event/S1_ASC_20210817/365.tif,Post_event/S1_DESC_20210815/365.tif,Pre_event/S2_20210804/365.tif,Post_event/S2_20210814/365.tif,Annotations/365.tif
366,test,278,4.962,15571,813,0,0,7.697,15123,1261,0,0,4.962,15571,813,0,0,7.697,15123,1261,0,0,Pre_event/S1_ASC_20210805/366.tif,Pre_event/S1_DESC_20210803/366.tif,Post_event/S1_ASC_20210817/366.tif,Post_event/S1_DESC_20210815/366.tif,Pre_event/S2_20210804/366.tif,Post_event/S2_20210814/366.tif,Annotations/366.tif
367,test,415,0.867,16242,142,0,0,5.847,15426,958,0,0,0.867,16242,142,0,0,5.847,15426,958,0,0,Pre_event/S1_ASC_20210805/367.tif,Pre_event/S1_DESC_20210803/367.tif,Post_event/S1_ASC_20210817/367.tif,Post_event/S1_DESC_20210815/367.tif,Pre_event/S2_20210804/367.tif,Post_event/S2_20210814/367.tif,Annotations/367.tif
368,train,1259,9.381,14847,1537,0,0,10.956,14589,1518,277,0,9.381,14847,1537,0,0,10.956,14589,1518,277,0,Pre_event/S1_ASC_20210805/368.tif,Pre_event/S1_DESC_20210803/368.tif,Post_event/S1_ASC_20210817/368.tif,Post_event/S1_DESC_20210815/368.tif,Pre_event/S2_20210804/368.tif,Post_event/S2_20210814/368.tif,Annotations/368.tif
369,train,2466,22.894,12633,3732,19,0,23.511,12532,3497,355,0,22.894,12633,3732,19,0,23.511,12532,3497,355,0,Pre_event/S1_ASC_20210805/369.tif,Pre_event/S1_DESC_20210803/369.tif,Post_event/S1_ASC_20210817/369.tif,Post_event/S1_DESC_20210815/369.tif,Pre_event/S2_20210804/369.tif,Post_event/S2_20210814/369.tif,Annotations/369.tif
370,train,2187,24.011,12450,3907,27,0,18.762,13310,2753,321,0,24.011,12450,3907,27,0,18.762,13310,2753,321,0,Pre_event/S1_ASC_20210805/370.tif,Pre_event/S1_DESC_20210803/370.tif,Post_event/S1_ASC_20210817/370.tif,Post_event/S1_DESC_20210815/370.tif,Pre_event/S2_20210804/370.tif,Post_event/S2_20210814/370.tif,Annotations/370.tif
371,test,741,17.938,13445,2931,8,0,8.417,15005,1096,283,0,17.938,13445,2931,8,0,8.417,15005,1096,283,0,Pre_event/S1_ASC_20210805/371.tif,Pre_event/S1_DESC_20210803/371.tif,Post_event/S1_ASC_20210817/371.tif,Post_event/S1_DESC_20210815/371.tif,Pre_event/S2_20210804/371.tif,Post_event/S2_20210814/371.tif,Annotations/371.tif
372,train,1164,14.862,13949,2435,0,0,7.44,15165,1174,45,0,14.862,13949,2435,0,0,7.44,15165,1174,45,0,Pre_event/S1_ASC_20210805/372.tif,Pre_event/S1_DESC_20210803/372.tif,Post_event/S1_ASC_20210817/372.tif,Post_event/S1_DESC_20210815/372.tif,Pre_event/S2_20210804/372.tif,Post_event/S2_20210814/372.tif,Annotations/372.tif
373,train,2371,7.343,15181,1191,12,0,17.224,13562,2817,5,0,7.343,15181,1191,12,0,17.224,13562,2817,5,0,Pre_event/S1_ASC_20210805/373.tif,Pre_event/S1_DESC_20210803/373.tif,Post_event/S1_ASC_20210817/373.tif,Post_event/S1_DESC_20210815/373.tif,Pre_event/S2_20210804/373.tif,Post_event/S2_20210814/373.tif,Annotations/373.tif
374,val,3014,3.235,15854,500,30,0,31.116,11286,5098,0,0,3.235,15854,500,30,0,31.116,11286,5098,0,0,Pre_event/S1_ASC_20210805/374.tif,Pre_event/S1_DESC_20210803/374.tif,Post_event/S1_ASC_20210817/374.tif,Post_event/S1_DESC_20210815/374.tif,Pre_event/S2_20210804/374.tif,Post_event/S2_20210814/374.tif,Annotations/374.tif
375,train,2948,8.533,14986,1339,59,0,34.637,10709,5614,61,0,8.533,14986,1339,59,0,34.637,10709,5614,61,0,Pre_event/S1_ASC_20210805/375.tif,Pre_event/S1_DESC_20210803/375.tif,Post_event/S1_ASC_20210817/375.tif,Post_event/S1_DESC_20210815/375.tif,Pre_event/S2_20210804/375.tif,Post_event/S2_20210814/375.tif,Annotations/375.tif
376,train,2111,23.145,12592,3751,41,0,23.285,12569,3363,452,0,23.145,12592,3751,41,0,23.285,12569,3363,452,0,Pre_event/S1_ASC_20210805/376.tif,Pre_event/S1_DESC_20210803/376.tif,Post_event/S1_ASC_20210817/376.tif,Post_event/S1_DESC_20210815/376.tif,Pre_event/S2_20210804/376.tif,Post_event/S2_20210814/376.tif,Annotations/376.tif
377,train,973,24.036,12446,3938,0,0,16.736,13642,2349,393,0,24.036,12446,3938,0,0,16.736,13642,2349,393,0,Pre_event/S1_ASC_20210805/377.tif,Pre_event/S1_DESC_20210803/377.tif,Post_event/S1_ASC_20210817/377.tif,Post_event/S1_DESC_20210815/377.tif,Pre_event/S2_20210804/377.tif,Post_event/S2_20210814/377.tif,Annotations/377.tif
378,train,539,24.353,12394,3988,2,0,3.595,15795,589,0,0,24.353,12394,3988,2,0,3.595,15795,589,0,0,Pre_event/S1_ASC_20210805/378.tif,Pre_event/S1_DESC_20210803/378.tif,Post_event/S1_ASC_20210817/378.tif,Post_event/S1_DESC_20210815/378.tif,Pre_event/S2_20210804/378.tif,Post_event/S2_20210814/378.tif,Annotations/378.tif
379,train,1311,20.239,13068,3316,0,0,0.83,16248,115,21,0,20.239,13068,3316,0,0,0.83,16248,115,21,0,Pre_event/S1_ASC_20210805/379.tif,Pre_event/S1_DESC_20210803/379.tif,Post_event/S1_ASC_20210817/379.tif,Post_event/S1_DESC_20210815/379.tif,Pre_event/S2_20210804/379.tif,Post_event/S2_20210814/379.tif,Annotations/379.tif
380,val,909,17.841,13461,2923,0,0,0.128,16363,0,21,0,17.841,13461,2923,0,0,0.128,16363,0,21,0,Pre_event/S1_ASC_20210805/380.tif,Pre_event/S1_DESC_20210803/380.tif,Post_event/S1_ASC_20210817/380.tif,Post_event/S1_DESC_20210815/380.tif,Pre_event/S2_20210804/380.tif,Post_event/S2_20210814/380.tif,Annotations/380.tif
381,test,1062,16.431,13692,2692,0,0,0.0,16384,0,0,0,16.431,13692,2692,0,0,0.0,16384,0,0,0,Pre_event/S1_ASC_20210805/381.tif,Pre_event/S1_DESC_20210803/381.tif,Post_event/S1_ASC_20210817/381.tif,Post_event/S1_DESC_20210815/381.tif,Pre_event/S2_20210804/381.tif,Post_event/S2_20210814/381.tif,Annotations/381.tif
382,test,957,12.408,14351,2033,0,0,0.909,16235,149,0,0,12.408,14351,2033,0,0,0.909,16235,149,0,0,Pre_event/S1_ASC_20210805/382.tif,Pre_event/S1_DESC_20210803/382.tif,Post_event/S1_ASC_20210817/382.tif,Post_event/S1_DESC_20210815/382.tif,Pre_event/S2_20210804/382.tif,Post_event/S2_20210814/382.tif,Annotations/382.tif
383,val,612,1.074,16208,176,0,0,2.429,15986,398,0,0,1.074,16208,176,0,0,2.429,15986,398,0,0,Pre_event/S1_ASC_20210805/383.tif,Pre_event/S1_DESC_20210803/383.tif,Post_event/S1_ASC_20210817/383.tif,Post_event/S1_DESC_20210815/383.tif,Pre_event/S2_20210804/383.tif,Post_event/S2_20210814/383.tif,Annotations/383.tif
384,train,1163,8.032,15068,1316,0,0,4.816,15595,573,216,0,8.032,15068,1316,0,0,4.816,15595,573,216,0,Pre_event/S1_ASC_20210805/384.tif,Pre_event/S1_DESC_20210803/384.tif,Post_event/S1_ASC_20210817/384.tif,Post_event/S1_DESC_20210815/384.tif,Pre_event/S2_20210804/384.tif,Post_event/S2_20210814/384.tif,Annotations/384.tif
385,train,2289,12.0,14418,1966,0,0,3.589,15796,329,259,0,12.0,14418,1966,0,0,3.589,15796,329,259,0,Pre_event/S1_ASC_20210805/385.tif,Pre_event/S1_DESC_20210803/385.tif,Post_event/S1_ASC_20210817/385.tif,Post_event/S1_DESC_20210815/385.tif,Pre_event/S2_20210804/385.tif,Post_event/S2_20210814/385.tif,Annotations/385.tif
386,train,1763,10.059,14736,1648,0,0,0.47,16307,34,43,0,10.059,14736,1648,0,0,0.47,16307,34,43,0,Pre_event/S1_ASC_20210805/386.tif,Pre_event/S1_DESC_20210803/386.tif,Post_event/S1_ASC_20210817/386.tif,Post_event/S1_DESC_20210815/386.tif,Pre_event/S2_20210804/386.tif,Post_event/S2_20210814/386.tif,Annotations/386.tif
387,val,583,13.849,14115,2269,0,0,1.172,16192,163,29,0,13.849,14115,2269,0,0,1.172,16192,163,29,0,Pre_event/S1_ASC_20210805/387.tif,Pre_event/S1_DESC_20210803/387.tif,Post_event/S1_ASC_20210817/387.tif,Post_event/S1_DESC_20210815/387.tif,Pre_event/S2_20210804/387.tif,Post_event/S2_20210814/387.tif,Annotations/387.tif
388,train,536,22.345,12723,3661,0,0,0.964,16226,129,29,0,22.345,12723,3661,0,0,0.964,16226,129,29,0,Pre_event/S1_ASC_20210805/388.tif,Pre_event/S1_DESC_20210803/388.tif,Post_event/S1_ASC_20210817/388.tif,Post_event/S1_DESC_20210815/388.tif,Pre_event/S2_20210804/388.tif,Post_event/S2_20210814/388.tif,Annotations/388.tif
389,train,231,11.627,14479,1905,0,0,2.185,16026,358,0,0,11.627,14479,1905,0,0,2.185,16026,358,0,0,Pre_event/S1_ASC_20210805/389.tif,Pre_event/S1_DESC_20210803/389.tif,Post_event/S1_ASC_20210817/389.tif,Post_event/S1_DESC_20210815/389.tif,Pre_event/S2_20210804/389.tif,Post_event/S2_20210814/389.tif,Annotations/389.tif
390,train,248,3.906,15744,640,0,0,1.666,16111,273,0,0,3.906,15744,640,0,0,1.666,16111,273,0,0,Pre_event/S1_ASC_20210805/390.tif,Pre_event/S1_DESC_20210803/390.tif,Post_event/S1_ASC_20210817/390.tif,Post_event/S1_DESC_20210815/390.tif,Pre_event/S2_20210804/390.tif,Post_event/S2_20210814/390.tif,Annotations/390.tif
391,val,436,0.726,16265,119,0,0,0.0,16384,0,0,0,0.726,16265,119,0,0,0.0,16384,0,0,0,Pre_event/S1_ASC_20210805/391.tif,Pre_event/S1_DESC_20210803/391.tif,Post_event/S1_ASC_20210817/391.tif,Post_event/S1_DESC_20210815/391.tif,Pre_event/S2_20210804/391.tif,Post_event/S2_20210814/391.tif,Annotations/391.tif
392,train,436,1.697,16106,278,0,0,0.006,16383,0,1,0,1.697,16106,278,0,0,0.006,16383,0,1,0,Pre_event/S1_ASC_20210805/392.tif,Pre_event/S1_DESC_20210803/392.tif,Post_event/S1_ASC_20210817/392.tif,Post_event/S1_DESC_20210815/392.tif,Pre_event/S2_20210804/392.tif,Post_event/S2_20210814/392.tif,Annotations/392.tif
393,train,107,2.399,15991,393,0,0,0.0,16384,0,0,0,2.399,15991,393,0,0,0.0,16384,0,0,0,Pre_event/S1_ASC_20210805/393.tif,Pre_event/S1_DESC_20210803/393.tif,Post_event/S1_ASC_20210817/393.tif,Post_event/S1_DESC_20210815/393.tif,Pre_event/S2_20210804/393.tif,Post_event/S2_20210814/393.tif,Annotations/393.tif
394,test,107,3.711,15776,608,0,0,0.0,16384,0,0,0,3.711,15776,608,0,0,0.0,16384,0,0,0,Pre_event/S1_ASC_20210805/394.tif,Pre_event/S1_DESC_20210803/394.tif,Post_event/S1_ASC_20210817/394.tif,Post_event/S1_DESC_20210815/394.tif,Pre_event/S2_20210804/394.tif,Post_event/S2_20210814/394.tif,Annotations/394.tif
395,train,326,15.9,13779,2605,0,0,4.584,15633,725,26,0,15.9,13779,2605,0,0,4.584,15633,725,26,0,Pre_event/S1_ASC_20210805/395.tif,Pre_event/S1_DESC_20210803/395.tif,Post_event/S1_ASC_20210817/395.tif,Post_event/S1_DESC_20210815/395.tif,Pre_event/S2_20210804/395.tif,Post_event/S2_20210814/395.tif,Annotations/395.tif
396,train,282,20.337,13052,3332,0,0,4.321,15676,682,26,0,20.337,13052,3332,0,0,4.321,15676,682,26,0,Pre_event/S1_ASC_20210805/396.tif,Pre_event/S1_DESC_20210803/396.tif,Post_event/S1_ASC_20210817/396.tif,Post_event/S1_DESC_20210815/396.tif,Pre_event/S2_20210804/396.tif,Post_event/S2_20210814/396.tif,Annotations/396.tif
397,train,149,6.219,15365,1019,0,0,9.802,14778,1606,0,0,6.219,15365,1019,0,0,9.802,14778,1606,0,0,Pre_event/S1_ASC_20210805/397.tif,Pre_event/S1_DESC_20210803/397.tif,Post_event/S1_ASC_20210817/397.tif,Post_event/S1_DESC_20210815/397.tif,Pre_event/S2_20210804/397.tif,Post_event/S2_20210814/397.tif,Annotations/397.tif
398,test,173,1.196,16188,196,0,0,14.374,14029,2355,0,0,1.196,16188,196,0,0,14.374,14029,2355,0,0,Pre_event/S1_ASC_20210805/398.tif,Pre_event/S1_DESC_20210803/398.tif,Post_event/S1_ASC_20210817/398.tif,Post_event/S1_DESC_20210815/398.tif,Pre_event/S2_20210804/398.tif,Post_event/S2_20210814/398.tif,Annotations/398.tif
399,train,488,1.678,16109,275,0,0,8.856,14933,1451,0,0,1.678,16109,275,0,0,8.856,14933,1451,0,0,Pre_event/S1_ASC_20210805/399.tif,Pre_event/S1_DESC_20210803/399.tif,Post_event/S1_ASC_20210817/399.tif,Post_event/S1_DESC_20210815/399.tif,Pre_event/S2_20210804/399.tif,Post_event/S2_20210814/399.tif,Annotations/399.tif
400,train,970,6.897,15254,1130,0,0,6.726,15282,865,237,0,6.897,15254,1130,0,0,6.726,15282,865,237,0,Pre_event/S1_ASC_20210805/400.tif,Pre_event/S1_DESC_20210803/400.tif,Post_event/S1_ASC_20210817/400.tif,Post_event/S1_DESC_20210815/400.tif,Pre_event/S2_20210804/400.tif,Post_event/S2_20210814/400.tif,Annotations/400.tif
401,train,1585,18.011,13433,2951,0,0,17.133,13577,2492,315,0,18.011,13433,2951,0,0,17.133,13577,2492,315,0,Pre_event/S1_ASC_20210805/401.tif,Pre_event/S1_DESC_20210803/401.tif,Post_event/S1_ASC_20210817/401.tif,Post_event/S1_DESC_20210815/401.tif,Pre_event/S2_20210804/401.tif,Post_event/S2_20210814/401.tif,Annotations/401.tif
402,train,1590,13.721,14136,2248,0,0,20.844,12969,3206,209,0,13.721,14136,2248,0,0,20.844,12969,3206,209,0,Pre_event/S1_ASC_20210805/402.tif,Pre_event/S1_DESC_20210803/402.tif,Post_event/S1_ASC_20210817/402.tif,Post_event/S1_DESC_20210815/402.tif,Pre_event/S2_20210804/402.tif,Post_event/S2_20210814/402.tif,Annotations/402.tif
403,train,593,8.453,14999,1385,0,0,17.084,13585,2668,131,0,8.453,14999,1385,0,0,17.084,13585,2668,131,0,Pre_event/S1_ASC_20210805/403.tif,Pre_event/S1_DESC_20210803/403.tif,Post_event/S1_ASC_20210817/403.tif,Post_event/S1_DESC_20210815/403.tif,Pre_event/S2_20210804/403.tif,Post_event/S2_20210814/403.tif,Annotations/403.tif
404,train,1543,14.844,13952,2432,0,0,12.14,14395,1958,31,0,14.844,13952,2432,0,0,12.14,14395,1958,31,0,Pre_event/S1_ASC_20210805/404.tif,Pre_event/S1_DESC_20210803/404.tif,Post_event/S1_ASC_20210817/404.tif,Post_event/S1_DESC_20210815/404.tif,Pre_event/S2_20210804/404.tif,Post_event/S2_20210814/404.tif,Annotations/404.tif
405,test,2807,9.644,14804,1563,17,0,15.71,13810,2529,45,0,9.644,14804,1563,17,0,15.71,13810,2529,45,0,Pre_event/S1_ASC_20210805/405.tif,Pre_event/S1_DESC_20210803/405.tif,Post_event/S1_ASC_20210817/405.tif,Post_event/S1_DESC_20210815/405.tif,Pre_event/S2_20210804/405.tif,Post_event/S2_20210814/405.tif,Annotations/405.tif
406,train,3792,2.899,15909,458,17,0,29.016,11630,4740,14,0,2.899,15909,458,17,0,29.016,11630,4740,14,0,Pre_event/S1_ASC_20210805/406.tif,Pre_event/S1_DESC_20210803/406.tif,Post_event/S1_ASC_20210817/406.tif,Post_event/S1_DESC_20210815/406.tif,Pre_event/S2_20210804/406.tif,Post_event/S2_20210814/406.tif,Annotations/406.tif
407,train,4054,10.419,14677,1690,17,0,24.042,12445,3845,94,0,10.419,14677,1690,17,0,24.042,12445,3845,94,0,Pre_event/S1_ASC_20210805/407.tif,Pre_event/S1_DESC_20210803/407.tif,Post_event/S1_ASC_20210817/407.tif,Post_event/S1_DESC_20210815/407.tif,Pre_event/S2_20210804/407.tif,Post_event/S2_20210814/407.tif,Annotations/407.tif
408,train,2097,34.406,10747,5620,17,0,8.295,15025,878,481,0,34.406,10747,5620,17,0,8.295,15025,878,481,0,Pre_event/S1_ASC_20210805/408.tif,Pre_event/S1_DESC_20210803/408.tif,Post_event/S1_ASC_20210817/408.tif,Post_event/S1_DESC_20210815/408.tif,Pre_event/S2_20210804/408.tif,Post_event/S2_20210814/408.tif,Annotations/408.tif
409,val,797,44.08,9162,7222,0,0,4.138,15706,256,422,0,44.08,9162,7222,0,0,4.138,15706,256,422,0,Pre_event/S1_ASC_20210805/409.tif,Pre_event/S1_DESC_20210803/409.tif,Post_event/S1_ASC_20210817/409.tif,Post_event/S1_DESC_20210815/409.tif,Pre_event/S2_20210804/409.tif,Post_event/S2_20210814/409.tif,Annotations/409.tif
410,train,308,33.783,10849,5533,2,0,8.002,15073,1276,35,0,33.783,10849,5533,2,0,8.002,15073,1276,35,0,Pre_event/S1_ASC_20210805/410.tif,Pre_event/S1_DESC_20210803/410.tif,Post_event/S1_ASC_20210817/410.tif,Post_event/S1_DESC_20210815/410.tif,Pre_event/S2_20210804/410.tif,Post_event/S2_20210814/410.tif,Annotations/410.tif
411,train,190,28.278,11751,4631,2,0,6.775,15274,1110,0,0,28.278,11751,4631,2,0,6.775,15274,1110,0,0,Pre_event/S1_ASC_20210805/411.tif,Pre_event/S1_DESC_20210803/411.tif,Post_event/S1_ASC_20210817/411.tif,Post_event/S1_DESC_20210815/411.tif,Pre_event/S2_20210804/411.tif,Post_event/S2_20210814/411.tif,Annotations/411.tif
412,train,362,23.694,12502,3882,0,0,0.366,16324,40,20,0,23.694,12502,3882,0,0,0.366,16324,40,20,0,Pre_event/S1_ASC_20210805/412.tif,Pre_event/S1_DESC_20210803/412.tif,Post_event/S1_ASC_20210817/412.tif,Post_event/S1_DESC_20210815/412.tif,Pre_event/S2_20210804/412.tif,Post_event/S2_20210814/412.tif,Annotations/412.tif
413,test,581,15.045,13919,2465,0,0,2.008,16055,309,20,0,15.045,13919,2465,0,0,2.008,16055,309,20,0,Pre_event/S1_ASC_20210805/413.tif,Pre_event/S1_DESC_20210803/413.tif,Post_event/S1_ASC_20210817/413.tif,Post_event/S1_DESC_20210815/413.tif,Pre_event/S2_20210804/413.tif,Post_event/S2_20210814/413.tif,Annotations/413.tif
414,test,1051,8.96,14916,1468,0,0,2.563,15964,420,0,0,8.96,14916,1468,0,0,2.563,15964,420,0,0,Pre_event/S1_ASC_20210805/414.tif,Pre_event/S1_DESC_20210803/414.tif,Post_event/S1_ASC_20210817/414.tif,Post_event/S1_DESC_20210815/414.tif,Pre_event/S2_20210804/414.tif,Post_event/S2_20210814/414.tif,Annotations/414.tif
415,test,894,6.537,15313,1071,0,0,2.148,16032,352,0,0,6.537,15313,1071,0,0,2.148,16032,352,0,0,Pre_event/S1_ASC_20210805/415.tif,Pre_event/S1_DESC_20210803/415.tif,Post_event/S1_ASC_20210817/415.tif,Post_event/S1_DESC_20210815/415.tif,Pre_event/S2_20210804/415.tif,Post_event/S2_20210814/415.tif,Annotations/415.tif
416,test,282,2.063,16046,338,0,0,3.918,15742,642,0,0,2.063,16046,338,0,0,3.918,15742,642,0,0,Pre_event/S1_ASC_20210805/416.tif,Pre_event/S1_DESC_20210803/416.tif,Post_event/S1_ASC_20210817/416.tif,Post_event/S1_DESC_20210815/416.tif,Pre_event/S2_20210804/416.tif,Post_event/S2_20210814/416.tif,Annotations/416.tif
417,train,945,3.546,15803,581,0,0,3.882,15748,617,19,0,3.546,15803,581,0,0,3.882,15748,617,19,0,Pre_event/S1_ASC_20210805/417.tif,Pre_event/S1_DESC_20210803/417.tif,Post_event/S1_ASC_20210817/417.tif,Post_event/S1_DESC_20210815/417.tif,Pre_event/S2_20210804/417.tif,Post_event/S2_20210814/417.tif,Annotations/417.tif
418,train,2120,14.178,14061,2323,0,0,5.457,15490,613,281,0,14.178,14061,2323,0,0,5.457,15490,613,281,0,Pre_event/S1_ASC_20210805/418.tif,Pre_event/S1_DESC_20210803/418.tif,Post_event/S1_ASC_20210817/418.tif,Post_event/S1_DESC_20210815/418.tif,Pre_event/S2_20210804/418.tif,Post_event/S2_20210814/418.tif,Annotations/418.tif
419,train,2054,14.502,14008,2376,0,0,4.285,15682,397,305,0,14.502,14008,2376,0,0,4.285,15682,397,305,0,Pre_event/S1_ASC_20210805/419.tif,Pre_event/S1_DESC_20210803/419.tif,Post_event/S1_ASC_20210817/419.tif,Post_event/S1_DESC_20210815/419.tif,Pre_event/S2_20210804/419.tif,Post_event/S2_20210814/419.tif,Annotations/419.tif
420,train,981,4.169,15701,683,0,0,0.336,16329,12,43,0,4.169,15701,683,0,0,0.336,16329,12,43,0,Pre_event/S1_ASC_20210805/420.tif,Pre_event/S1_DESC_20210803/420.tif,Post_event/S1_ASC_20210817/420.tif,Post_event/S1_DESC_20210815/420.tif,Pre_event/S2_20210804/420.tif,Post_event/S2_20210814/420.tif,Annotations/420.tif
421,val,387,4.956,15572,812,0,0,0.122,16364,12,8,0,4.956,15572,812,0,0,0.122,16364,12,8,0,Pre_event/S1_ASC_20210805/421.tif,Pre_event/S1_DESC_20210803/421.tif,Post_event/S1_ASC_20210817/421.tif,Post_event/S1_DESC_20210815/421.tif,Pre_event/S2_20210804/421.tif,Post_event/S2_20210814/421.tif,Annotations/421.tif
422,train,286,10.907,14597,1787,0,0,0.049,16376,0,8,0,10.907,14597,1787,0,0,0.049,16376,0,8,0,Pre_event/S1_ASC_20210805/422.tif,Pre_event/S1_DESC_20210803/422.tif,Post_event/S1_ASC_20210817/422.tif,Post_event/S1_DESC_20210815/422.tif,Pre_event/S2_20210804/422.tif,Post_event/S2_20210814/422.tif,Annotations/422.tif
423,train,131,13.904,14106,2278,0,0,3.107,15875,509,0,0,13.904,14106,2278,0,0,3.107,15875,509,0,0,Pre_event/S1_ASC_20210805/423.tif,Pre_event/S1_DESC_20210803/423.tif,Post_event/S1_ASC_20210817/423.tif,Post_event/S1_DESC_20210815/423.tif,Pre_event/S2_20210804/423.tif,Post_event/S2_20210814/423.tif,Annotations/423.tif
424,val,102,6.476,15323,1061,0,0,2.222,16020,364,0,0,6.476,15323,1061,0,0,2.222,16020,364,0,0,Pre_event/S1_ASC_20210805/424.tif,Pre_event/S1_DESC_20210803/424.tif,Post_event/S1_ASC_20210817/424.tif,Post_event/S1_DESC_20210815/424.tif,Pre_event/S2_20210804/424.tif,Post_event/S2_20210814/424.tif,Annotations/424.tif
425,test,436,11.145,14558,1826,0,0,0.049,16376,0,8,0,11.145,14558,1826,0,0,0.049,16376,0,8,0,Pre_event/S1_ASC_20210805/425.tif,Pre_event/S1_DESC_20210803/425.tif,Post_event/S1_ASC_20210817/425.tif,Post_event/S1_DESC_20210815/425.tif,Pre_event/S2_20210804/425.tif,Post_event/S2_20210814/425.tif,Annotations/425.tif
426,train,436,3.302,15843,541,0,0,0.006,16383,0,1,0,3.302,15843,541,0,0,0.006,16383,0,1,0,Pre_event/S1_ASC_20210805/426.tif,Pre_event/S1_DESC_20210803/426.tif,Post_event/S1_ASC_20210817/426.tif,Post_event/S1_DESC_20210815/426.tif,Pre_event/S2_20210804/426.tif,Post_event/S2_20210814/426.tif,Annotations/426.tif
427,train,109,9.668,14800,1358,226,0,10.4,14680,1496,16,192,9.668,14800,1358,226,0,10.4,14680,1496,16,192,Pre_event/S1_ASC_20210805/427.tif,Pre_event/S1_DESC_20210803/427.tif,Post_event/S1_ASC_20210817/427.tif,Post_event/S1_DESC_20210815/427.tif,Pre_event/S2_20210804/427.tif,Post_event/S2_20210814/427.tif,Annotations/427.tif
428,train,534,24.847,12313,3845,226,0,13.586,14158,1813,221,192,24.847,12313,3845,226,0,13.586,14158,1813,221,192,Pre_event/S1_ASC_20210805/428.tif,Pre_event/S1_DESC_20210803/428.tif,Post_event/S1_ASC_20210817/428.tif,Post_event/S1_DESC_20210815/428.tif,Pre_event/S2_20210804/428.tif,Post_event/S2_20210814/428.tif,Annotations/428.tif
429,test,455,19.44,13199,3185,0,0,3.265,15849,330,205,0,19.44,13199,3185,0,0,3.265,15849,330,205,0,Pre_event/S1_ASC_20210805/429.tif,Pre_event/S1_DESC_20210803/429.tif,Post_event/S1_ASC_20210817/429.tif,Post_event/S1_DESC_20210815/429.tif,Pre_event/S2_20210804/429.tif,Post_event/S2_20210814/429.tif,Annotations/429.tif
430,train,140,2.466,15980,404,0,0,5.194,15533,851,0,0,2.466,15980,404,0,0,5.194,15533,851,0,0,Pre_event/S1_ASC_20210805/430.tif,Pre_event/S1_DESC_20210803/430.tif,Post_event/S1_ASC_20210817/430.tif,Post_event/S1_DESC_20210815/430.tif,Pre_event/S2_20210804/430.tif,Post_event/S2_20210814/430.tif,Annotations/430.tif
431,train,289,0.36,16325,59,0,0,5.377,15503,874,7,0,0.36,16325,59,0,0,5.377,15503,874,7,0,Pre_event/S1_ASC_20210805/431.tif,Pre_event/S1_DESC_20210803/431.tif,Post_event/S1_ASC_20210817/431.tif,Post_event/S1_DESC_20210815/431.tif,Pre_event/S2_20210804/431.tif,Post_event/S2_20210814/431.tif,Annotations/431.tif
432,test,499,0.256,16342,42,0,0,16.772,13636,2741,7,0,0.256,16342,42,0,0,16.772,13636,2741,7,0,Pre_event/S1_ASC_20210805/432.tif,Pre_event/S1_DESC_20210803/432.tif,Post_event/S1_ASC_20210817/432.tif,Post_event/S1_DESC_20210815/432.tif,Pre_event/S2_20210804/432.tif,Post_event/S2_20210814/432.tif,Annotations/432.tif
433,test,732,0.0,16384,0,0,0,24.146,12428,3956,0,0,0.0,16384,0,0,0,24.146,12428,3956,0,0,Pre_event/S1_ASC_20210805/433.tif,Pre_event/S1_DESC_20210803/433.tif,Post_event/S1_ASC_20210817/433.tif,Post_event/S1_DESC_20210815/433.tif,Pre_event/S2_20210804/433.tif,Post_event/S2_20210814/433.tif,Annotations/433.tif
434,train,668,6.439,15329,1055,0,0,17.34,13543,2841,0,0,6.439,15329,1055,0,0,17.34,13543,2841,0,0,Pre_event/S1_ASC_20210805/434.tif,Pre_event/S1_DESC_20210803/434.tif,Post_event/S1_ASC_20210817/434.tif,Post_event/S1_DESC_20210815/434.tif,Pre_event/S2_20210804/434.tif,Post_event/S2_20210814/434.tif,Annotations/434.tif
435,train,1989,18.286,13388,2996,0,0,12.885,14273,2082,29,0,18.286,13388,2996,0,0,12.885,14273,2082,29,0,Pre_event/S1_ASC_20210805/435.tif,Pre_event/S1_DESC_20210803/435.tif,Post_event/S1_ASC_20210817/435.tif,Post_event/S1_DESC_20210815/435.tif,Pre_event/S2_20210804/435.tif,Post_event/S2_20210814/435.tif,Annotations/435.tif
436,train,3260,23.639,12511,3868,5,0,17.01,13597,2153,634,0,23.639,12511,3868,5,0,17.01,13597,2153,634,0,Pre_event/S1_ASC_20210805/436.tif,Pre_event/S1_DESC_20210803/436.tif,Post_event/S1_ASC_20210817/436.tif,Post_event/S1_DESC_20210815/436.tif,Pre_event/S2_20210804/436.tif,Post_event/S2_20210814/436.tif,Annotations/436.tif
437,train,3861,29.81,11500,4871,11,2,19.958,13114,2568,702,0,29.81,11500,4871,11,2,19.958,13114,2568,702,0,Pre_event/S1_ASC_20210805/437.tif,Pre_event/S1_DESC_20210803/437.tif,Post_event/S1_ASC_20210817/437.tif,Post_event/S1_DESC_20210815/437.tif,Pre_event/S2_20210804/437.tif,Post_event/S2_20210814/437.tif,Annotations/437.tif
438,train,3503,28.961,11639,4737,6,2,13.782,14126,2106,152,0,28.961,11639,4737,6,2,13.782,14126,2106,152,0,Pre_event/S1_ASC_20210805/438.tif,Pre_event/S1_DESC_20210803/438.tif,Post_event/S1_ASC_20210817/438.tif,Post_event/S1_DESC_20210815/438.tif,Pre_event/S2_20210804/438.tif,Post_event/S2_20210814/438.tif,Annotations/438.tif
439,test,1729,24.548,12362,4014,8,0,3.528,15806,504,74,0,24.548,12362,4014,8,0,3.528,15806,504,74,0,Pre_event/S1_ASC_20210805/439.tif,Pre_event/S1_DESC_20210803/439.tif,Post_event/S1_ASC_20210817/439.tif,Post_event/S1_DESC_20210815/439.tif,Pre_event/S2_20210804/439.tif,Post_event/S2_20210814/439.tif,Annotations/439.tif
440,train,899,43.756,9215,7149,14,6,6.006,15400,761,164,59,43.756,9215,7149,14,6,6.006,15400,761,164,59,Pre_event/S1_ASC_20210805/440.tif,Pre_event/S1_DESC_20210803/440.tif,Post_event/S1_ASC_20210817/440.tif,Post_event/S1_DESC_20210815/440.tif,Pre_event/S2_20210804/440.tif,Post_event/S2_20210814/440.tif,Annotations/440.tif
441,train,423,36.786,10357,6015,6,6,11.487,14502,1640,183,59,36.786,10357,6015,6,6,11.487,14502,1640,183,59,Pre_event/S1_ASC_20210805/441.tif,Pre_event/S1_DESC_20210803/441.tif,Post_event/S1_ASC_20210817/441.tif,Post_event/S1_DESC_20210815/441.tif,Pre_event/S2_20210804/441.tif,Post_event/S2_20210814/441.tif,Annotations/441.tif
442,val,1094,7.635,15133,1251,0,0,2.124,16036,348,0,0,7.635,15133,1251,0,0,2.124,16036,348,0,0,Pre_event/S1_ASC_20210805/442.tif,Pre_event/S1_DESC_20210803/442.tif,Post_event/S1_ASC_20210817/442.tif,Post_event/S1_DESC_20210815/442.tif,Pre_event/S2_20210804/442.tif,Post_event/S2_20210814/442.tif,Annotations/442.tif
443,val,2881,10.248,14705,1679,0,0,5.237,15526,858,0,0,10.248,14705,1679,0,0,5.237,15526,858,0,0,Pre_event/S1_ASC_20210805/443.tif,Pre_event/S1_DESC_20210803/443.tif,Post_event/S1_ASC_20210817/443.tif,Post_event/S1_DESC_20210815/443.tif,Pre_event/S2_20210804/443.tif,Post_event/S2_20210814/443.tif,Annotations/443.tif
444,train,2311,6.055,15392,983,9,0,6.891,15255,1129,0,0,6.055,15392,983,9,0,6.891,15255,1129,0,0,Pre_event/S1_ASC_20210805/444.tif,Pre_event/S1_DESC_20210803/444.tif,Post_event/S1_ASC_20210817/444.tif,Post_event/S1_DESC_20210815/444.tif,Pre_event/S2_20210804/444.tif,Post_event/S2_20210814/444.tif,Annotations/444.tif
445,val,631,2.887,15911,464,9,0,5.664,15456,928,0,0,2.887,15911,464,9,0,5.664,15456,928,0,0,Pre_event/S1_ASC_20210805/445.tif,Pre_event/S1_DESC_20210803/445.tif,Post_event/S1_ASC_20210817/445.tif,Post_event/S1_DESC_20210815/445.tif,Pre_event/S2_20210804/445.tif,Post_event/S2_20210814/445.tif,Annotations/445.tif
446,val,583,5.56,15473,911,0,0,2.002,16056,309,19,0,5.56,15473,911,0,0,2.002,16056,309,19,0,Pre_event/S1_ASC_20210805/446.tif,Pre_event/S1_DESC_20210803/446.tif,Post_event/S1_ASC_20210817/446.tif,Post_event/S1_DESC_20210815/446.tif,Pre_event/S2_20210804/446.tif,Post_event/S2_20210814/446.tif,Annotations/446.tif
447,train,1136,8.966,14915,1469,0,0,0.812,16251,68,65,0,8.966,14915,1469,0,0,0.812,16251,68,65,0,Pre_event/S1_ASC_20210805/447.tif,Pre_event/S1_DESC_20210803/447.tif,Post_event/S1_ASC_20210817/447.tif,Post_event/S1_DESC_20210815/447.tif,Pre_event/S2_20210804/447.tif,Post_event/S2_20210814/447.tif,Annotations/447.tif
448,train,1134,5.884,15420,964,0,0,0.696,16270,68,46,0,5.884,15420,964,0,0,0.696,16270,68,46,0,Pre_event/S1_ASC_20210805/448.tif,Pre_event/S1_DESC_20210803/448.tif,Post_event/S1_ASC_20210817/448.tif,Post_event/S1_DESC_20210815/448.tif,Pre_event/S2_20210804/448.tif,Post_event/S2_20210814/448.tif,Annotations/448.tif
449,train,561,0.684,16272,112,0,0,0.0,16384,0,0,0,0.684,16272,112,0,0,0.0,16384,0,0,0,Pre_event/S1_ASC_20210805/449.tif,Pre_event/S1_DESC_20210803/449.tif,Post_event/S1_ASC_20210817/449.tif,Post_event/S1_DESC_20210815/449.tif,Pre_event/S2_20210804/449.tif,Post_event/S2_20210814/449.tif,Annotations/449.tif
450,test,150,9.283,14863,1521,0,0,1.642,16115,269,0,0,9.283,14863,1521,0,0,1.642,16115,269,0,0,Pre_event/S1_ASC_20210805/450.tif,Pre_event/S1_DESC_20210803/450.tif,Post_event/S1_ASC_20210817/450.tif,Post_event/S1_DESC_20210815/450.tif,Pre_event/S2_20210804/450.tif,Post_event/S2_20210814/450.tif,Annotations/450.tif
451,val,532,16.333,13708,2676,0,0,3.369,15832,552,0,0,16.333,13708,2676,0,0,3.369,15832,552,0,0,Pre_event/S1_ASC_20210805/451.tif,Pre_event/S1_DESC_20210803/451.tif,Post_event/S1_ASC_20210817/451.tif,Post_event/S1_DESC_20210815/451.tif,Pre_event/S2_20210804/451.tif,Post_event/S2_20210814/451.tif,Annotations/451.tif
452,train,423,10.4,14680,1704,0,0,2.325,16003,381,0,0,10.4,14680,1704,0,0,2.325,16003,381,0,0,Pre_event/S1_ASC_20210805/452.tif,Pre_event/S1_DESC_20210803/452.tif,Post_event/S1_ASC_20210817/452.tif,Post_event/S1_DESC_20210815/452.tif,Pre_event/S2_20210804/452.tif,Post_event/S2_20210814/452.tif,Annotations/452.tif
453,test,404,17.95,13443,2622,319,0,17.548,13509,2450,233,192,17.95,13443,2622,319,0,17.548,13509,2450,233,192,Pre_event/S1_ASC_20210805/453.tif,Pre_event/S1_DESC_20210803/453.tif,Post_event/S1_ASC_20210817/453.tif,Post_event/S1_DESC_20210815/453.tif,Pre_event/S2_20210804/453.tif,Post_event/S2_20210814/453.tif,Annotations/453.tif
454,train,365,7.355,15179,1120,85,0,4.242,15689,482,213,0,7.355,15179,1120,85,0,4.242,15689,482,213,0,Pre_event/S1_ASC_20210805/454.tif,Pre_event/S1_DESC_20210803/454.tif,Post_event/S1_ASC_20210817/454.tif,Post_event/S1_DESC_20210815/454.tif,Pre_event/S2_20210804/454.tif,Post_event/S2_20210814/454.tif,Annotations/454.tif
455,val,139,2.014,16054,330,0,0,7.983,15076,1239,69,0,2.014,16054,330,0,0,7.983,15076,1239,69,0,Pre_event/S1_ASC_20210805/455.tif,Pre_event/S1_DESC_20210803/455.tif,Post_event/S1_ASC_20210817/455.tif,Post_event/S1_DESC_20210815/455.tif,Pre_event/S2_20210804/455.tif,Post_event/S2_20210814/455.tif,Annotations/455.tif
456,train,249,2.124,16036,330,18,0,24.622,12350,3965,69,0,2.124,16036,330,18,0,24.622,12350,3965,69,0,Pre_event/S1_ASC_20210805/456.tif,Pre_event/S1_DESC_20210803/456.tif,Post_event/S1_ASC_20210817/456.tif,Post_event/S1_DESC_20210815/456.tif,Pre_event/S2_20210804/456.tif,Post_event/S2_20210814/456.tif,Annotations/456.tif
457,val,110,0.702,16269,73,42,0,25.958,12131,4253,0,0,0.702,16269,73,42,0,25.958,12131,4253,0,0,Pre_event/S1_ASC_20210805/457.tif,Pre_event/S1_DESC_20210803/457.tif,Post_event/S1_ASC_20210817/457.tif,Post_event/S1_DESC_20210815/457.tif,Pre_event/S2_20210804/457.tif,Post_event/S2_20210814/457.tif,Annotations/457.tif
458,train,115,0.922,16233,151,0,0,3.931,15740,637,7,0,0.922,16233,151,0,0,3.931,15740,637,7,0,Pre_event/S1_ASC_20210805/458.tif,Pre_event/S1_DESC_20210803/458.tif,Post_event/S1_ASC_20210817/458.tif,Post_event/S1_DESC_20210815/458.tif,Pre_event/S2_20210804/458.tif,Post_event/S2_20210814/458.tif,Annotations/458.tif
459,val,489,0.281,16338,46,0,0,15.472,13849,2528,7,0,0.281,16338,46,0,0,15.472,13849,2528,7,0,Pre_event/S1_ASC_20210805/459.tif,Pre_event/S1_DESC_20210803/459.tif,Post_event/S1_ASC_20210817/459.tif,Post_event/S1_DESC_20210815/459.tif,Pre_event/S2_20210804/459.tif,Post_event/S2_20210814/459.tif,Annotations/459.tif
460,val,1926,6.952,15245,1139,0,0,17.78,13471,2856,57,0,6.952,15245,1139,0,0,17.78,13471,2856,57,0,Pre_event/S1_ASC_20210805/460.tif,Pre_event/S1_DESC_20210803/460.tif,Post_event/S1_ASC_20210817/460.tif,Post_event/S1_DESC_20210815/460.tif,Pre_event/S2_20210804/460.tif,Post_event/S2_20210814/460.tif,Annotations/460.tif
461,train,2865,10.638,14641,1743,0,0,10.175,14717,1610,57,0,10.638,14641,1743,0,0,10.175,14717,1610,57,0,Pre_event/S1_ASC_20210805/461.tif,Pre_event/S1_DESC_20210803/461.tif,Post_event/S1_ASC_20210817/461.tif,Post_event/S1_DESC_20210815/461.tif,Pre_event/S2_20210804/461.tif,Post_event/S2_20210814/461.tif,Annotations/461.tif
462,test,2887,9.888,14764,1620,0,0,8.813,14940,1441,3,0,9.888,14764,1620,0,0,8.813,14940,1441,3,0,Pre_event/S1_ASC_20210805/462.tif,Pre_event/S1_DESC_20210803/462.tif,Post_event/S1_ASC_20210817/462.tif,Post_event/S1_DESC_20210815/462.tif,Pre_event/S2_20210804/462.tif,Post_event/S2_20210814/462.tif,Annotations/462.tif
463,train,2542,21.57,12850,3534,0,0,9.979,14749,1033,602,0,21.57,12850,3534,0,0,9.979,14749,1033,602,0,Pre_event/S1_ASC_20210805/463.tif,Pre_event/S1_DESC_20210803/463.tif,Post_event/S1_ASC_20210817/463.tif,Post_event/S1_DESC_20210815/463.tif,Pre_event/S2_20210804/463.tif,Post_event/S2_20210814/463.tif,Annotations/463.tif
464,test,2443,49.164,8329,8047,6,2,12.109,14400,1127,857,0,49.164,8329,8047,6,2,12.109,14400,1127,857,0,Pre_event/S1_ASC_20210805/464.tif,Pre_event/S1_DESC_20210803/464.tif,Post_event/S1_ASC_20210817/464.tif,Post_event/S1_DESC_20210815/464.tif,Pre_event/S2_20210804/464.tif,Post_event/S2_20210814/464.tif,Annotations/464.tif
465,train,2748,59.497,6636,9740,6,2,9.979,14749,890,745,0,59.497,6636,9740,6,2,9.979,14749,890,745,0,Pre_event/S1_ASC_20210805/465.tif,Pre_event/S1_DESC_20210803/465.tif,Post_event/S1_ASC_20210817/465.tif,Post_event/S1_DESC_20210815/465.tif,Pre_event/S2_20210804/465.tif,Post_event/S2_20210814/465.tif,Annotations/465.tif
466,val,1920,36.115,10467,5909,8,0,3.717,15775,85,524,0,36.115,10467,5909,8,0,3.717,15775,85,524,0,Pre_event/S1_ASC_20210805/466.tif,Pre_event/S1_DESC_20210803/466.tif,Post_event/S1_ASC_20210817/466.tif,Post_event/S1_DESC_20210815/466.tif,Pre_event/S2_20210804/466.tif,Post_event/S2_20210814/466.tif,Annotations/466.tif
467,train,1087,42.297,9454,6796,14,120,9.18,14880,1172,228,104,42.297,9454,6796,14,120,9.18,14880,1172,228,104,Pre_event/S1_ASC_20210805/467.tif,Pre_event/S1_DESC_20210803/467.tif,Post_event/S1_ASC_20210817/467.tif,Post_event/S1_DESC_20210815/467.tif,Pre_event/S2_20210804/467.tif,Post_event/S2_20210814/467.tif,Annotations/467.tif
468,train,551,41.022,9663,6595,6,120,9.21,14875,1176,229,104,41.022,9663,6595,6,120,9.21,14875,1176,229,104,Pre_event/S1_ASC_20210805/468.tif,Pre_event/S1_DESC_20210803/468.tif,Post_event/S1_ASC_20210817/468.tif,Post_event/S1_DESC_20210815/468.tif,Pre_event/S2_20210804/468.tif,Post_event/S2_20210814/468.tif,Annotations/468.tif
469,train,334,20.526,13021,3363,0,0,1.862,16079,230,75,0,20.526,13021,3363,0,0,1.862,16079,230,75,0,Pre_event/S1_ASC_20210805/469.tif,Pre_event/S1_DESC_20210803/469.tif,Post_event/S1_ASC_20210817/469.tif,Post_event/S1_DESC_20210815/469.tif,Pre_event/S2_20210804/469.tif,Post_event/S2_20210814/469.tif,Annotations/469.tif
470,train,238,12.701,14303,2081,0,0,1.086,16206,141,37,0,12.701,14303,2081,0,0,1.086,16206,141,37,0,Pre_event/S1_ASC_20210805/470.tif,Pre_event/S1_DESC_20210803/470.tif,Post_event/S1_ASC_20210817/470.tif,Post_event/S1_DESC_20210815/470.tif,Pre_event/S2_20210804/470.tif,Post_event/S2_20210814/470.tif,Annotations/470.tif
471,test,2168,14.734,13970,2414,0,0,2.991,15894,482,8,0,14.734,13970,2414,0,0,2.991,15894,482,8,0,Pre_event/S1_ASC_20210805/471.tif,Pre_event/S1_DESC_20210803/471.tif,Post_event/S1_ASC_20210817/471.tif,Post_event/S1_DESC_20210815/471.tif,Pre_event/S2_20210804/471.tif,Post_event/S2_20210814/471.tif,Annotations/471.tif
472,train,4430,22.498,12698,3686,0,0,5.481,15486,890,8,0,22.498,12698,3686,0,0,5.481,15486,890,8,0,Pre_event/S1_ASC_20210805/472.tif,Pre_event/S1_DESC_20210803/472.tif,Post_event/S1_ASC_20210817/472.tif,Post_event/S1_DESC_20210815/472.tif,Pre_event/S2_20210804/472.tif,Post_event/S2_20210814/472.tif,Annotations/472.tif
473,train,2964,9.418,14841,1534,9,0,5.707,15449,935,0,0,9.418,14841,1534,9,0,5.707,15449,935,0,0,Pre_event/S1_ASC_20210805/473.tif,Pre_event/S1_DESC_20210803/473.tif,Post_event/S1_ASC_20210817/473.tif,Post_event/S1_DESC_20210815/473.tif,Pre_event/S2_20210804/473.tif,Post_event/S2_20210814/473.tif,Annotations/473.tif
474,train,765,3.473,15815,560,9,0,3.546,15803,581,0,0,3.473,15815,560,9,0,3.546,15803,581,0,0,Pre_event/S1_ASC_20210805/474.tif,Pre_event/S1_DESC_20210803/474.tif,Post_event/S1_ASC_20210817/474.tif,Post_event/S1_DESC_20210815/474.tif,Pre_event/S2_20210804/474.tif,Post_event/S2_20210814/474.tif,Annotations/474.tif
475,train,334,1.978,16060,324,0,0,0.0,16384,0,0,0,1.978,16060,324,0,0,0.0,16384,0,0,0,Pre_event/S1_ASC_20210805/475.tif,Pre_event/S1_DESC_20210803/475.tif,Post_event/S1_ASC_20210817/475.tif,Post_event/S1_DESC_20210815/475.tif,Pre_event/S2_20210804/475.tif,Post_event/S2_20210814/475.tif,Annotations/475.tif
476,val,381,2.673,15946,438,0,0,1.599,16122,262,0,0,2.673,15946,438,0,0,1.599,16122,262,0,0,Pre_event/S1_ASC_20210805/476.tif,Pre_event/S1_DESC_20210803/476.tif,Post_event/S1_ASC_20210817/476.tif,Post_event/S1_DESC_20210815/476.tif,Pre_event/S2_20210804/476.tif,Post_event/S2_20210814/476.tif,Annotations/476.tif
477,train,105,3.21,15858,526,0,0,4.419,15660,724,0,0,3.21,15858,526,0,0,4.419,15660,724,0,0,Pre_event/S1_ASC_20210805/477.tif,Pre_event/S1_DESC_20210803/477.tif,Post_event/S1_ASC_20210817/477.tif,Post_event/S1_DESC_20210815/477.tif,Pre_event/S2_20210804/477.tif,Post_event/S2_20210814/477.tif,Annotations/477.tif
478,test,157,1.416,16152,232,0,0,3.021,15889,495,0,0,1.416,16152,232,0,0,3.021,15889,495,0,0,Pre_event/S1_ASC_20210805/478.tif,Pre_event/S1_DESC_20210803/478.tif,Post_event/S1_ASC_20210817/478.tif,Post_event/S1_DESC_20210815/478.tif,Pre_event/S2_20210804/478.tif,Post_event/S2_20210814/478.tif,Annotations/478.tif
479,test,261,5.951,15409,975,0,0,0.476,16306,78,0,0,5.951,15409,975,0,0,0.476,16306,78,0,0,Pre_event/S1_ASC_20210805/479.tif,Pre_event/S1_DESC_20210803/479.tif,Post_event/S1_ASC_20210817/479.tif,Post_event/S1_DESC_20210815/479.tif,Pre_event/S2_20210804/479.tif,Post_event/S2_20210814/479.tif,Annotations/479.tif
480,train,525,17.92,13448,2936,0,0,0.452,16310,74,0,0,17.92,13448,2936,0,0,0.452,16310,74,0,0,Pre_event/S1_ASC_20210805/480.tif,Pre_event/S1_DESC_20210803/480.tif,Post_event/S1_ASC_20210817/480.tif,Post_event/S1_DESC_20210815/480.tif,Pre_event/S2_20210804/480.tif,Post_event/S2_20210814/480.tif,Annotations/480.tif
481,test,800,17.633,13495,2889,0,0,0.177,16355,29,0,0,17.633,13495,2889,0,0,0.177,16355,29,0,0,Pre_event/S1_ASC_20210805/481.tif,Pre_event/S1_DESC_20210803/481.tif,Post_event/S1_ASC_20210817/481.tif,Post_event/S1_DESC_20210815/481.tif,Pre_event/S2_20210804/481.tif,Post_event/S2_20210814/481.tif,Annotations/481.tif
482,train,443,8.502,14991,1393,0,0,0.0,16384,0,0,0,8.502,14991,1393,0,0,0.0,16384,0,0,0,Pre_event/S1_ASC_20210805/482.tif,Pre_event/S1_DESC_20210803/482.tif,Post_event/S1_ASC_20210817/482.tif,Post_event/S1_DESC_20210815/482.tif,Pre_event/S2_20210804/482.tif,Post_event/S2_20210814/482.tif,Annotations/482.tif
483,test,322,9.039,14903,1457,24,0,11.566,14489,1821,74,0,9.039,14903,1457,24,0,11.566,14489,1821,74,0,Pre_event/S1_ASC_20210805/483.tif,Pre_event/S1_DESC_20210803/483.tif,Post_event/S1_ASC_20210817/483.tif,Post_event/S1_DESC_20210815/483.tif,Pre_event/S2_20210804/483.tif,Post_event/S2_20210814/483.tif,Annotations/483.tif
484,train,496,9.082,14896,1387,101,0,10.754,14622,1675,87,0,9.082,14896,1387,101,0,10.754,14622,1675,87,0,Pre_event/S1_ASC_20210805/484.tif,Pre_event/S1_DESC_20210803/484.tif,Post_event/S1_ASC_20210817/484.tif,Post_event/S1_DESC_20210815/484.tif,Pre_event/S2_20210804/484.tif,Post_event/S2_20210814/484.tif,Annotations/484.tif
485,train,205,1.129,16199,100,85,0,1.196,16188,183,13,0,1.129,16199,100,85,0,1.196,16188,183,13,0,Pre_event/S1_ASC_20210805/485.tif,Pre_event/S1_DESC_20210803/485.tif,Post_event/S1_ASC_20210817/485.tif,Post_event/S1_DESC_20210815/485.tif,Pre_event/S2_20210804/485.tif,Post_event/S2_20210814/485.tif,Annotations/485.tif
486,test,1190,0.983,16223,161,0,0,11.377,14520,1849,15,0,0.983,16223,161,0,0,11.377,14520,1849,15,0,Pre_event/S1_ASC_20210805/486.tif,Pre_event/S1_DESC_20210803/486.tif,Post_event/S1_ASC_20210817/486.tif,Post_event/S1_DESC_20210815/486.tif,Pre_event/S2_20210804/486.tif,Post_event/S2_20210814/486.tif,Annotations/486.tif
487,train,1214,0.983,16223,161,0,0,17.853,13459,2910,15,0,0.983,16223,161,0,0,17.853,13459,2910,15,0,Pre_event/S1_ASC_20210805/487.tif,Pre_event/S1_DESC_20210803/487.tif,Post_event/S1_ASC_20210817/487.tif,Post_event/S1_DESC_20210815/487.tif,Pre_event/S2_20210804/487.tif,Post_event/S2_20210814/487.tif,Annotations/487.tif
488,train,571,5.383,15502,882,0,0,9.18,14880,1482,15,7,5.383,15502,882,0,0,9.18,14880,1482,15,7,Pre_event/S1_ASC_20210805/488.tif,Pre_event/S1_DESC_20210803/488.tif,Post_event/S1_ASC_20210817/488.tif,Post_event/S1_DESC_20210815/488.tif,Pre_event/S2_20210804/488.tif,Post_event/S2_20210814/488.tif,Annotations/488.tif
489,train,733,9.357,14851,1533,0,0,8.759,14949,1400,28,7,9.357,14851,1533,0,0,8.759,14949,1400,28,7,Pre_event/S1_ASC_20210805/489.tif,Pre_event/S1_DESC_20210803/489.tif,Post_event/S1_ASC_20210817/489.tif,Post_event/S1_DESC_20210815/489.tif,Pre_event/S2_20210804/489.tif,Post_event/S2_20210814/489.tif,Annotations/489.tif
490,val,619,5.658,15457,849,78,0,14.935,13937,2434,13,0,5.658,15457,849,78,0,14.935,13937,2434,13,0,Pre_event/S1_ASC_20210805/490.tif,Pre_event/S1_DESC_20210803/490.tif,Post_event/S1_ASC_20210817/490.tif,Post_event/S1_DESC_20210815/490.tif,Pre_event/S2_20210804/490.tif,Post_event/S2_20210814/490.tif,Annotations/490.tif
491,train,1632,1.392,16156,124,104,0,32.812,11008,5376,0,0,1.392,16156,124,104,0,32.812,11008,5376,0,0,Pre_event/S1_ASC_20210805/491.tif,Pre_event/S1_DESC_20210803/491.tif,Post_event/S1_ASC_20210817/491.tif,Post_event/S1_DESC_20210815/491.tif,Pre_event/S2_20210804/491.tif,Post_event/S2_20210814/491.tif,Annotations/491.tif
492,val,2254,1.404,16154,204,26,0,27.814,11827,4551,6,0,1.404,16154,204,26,0,27.814,11827,4551,6,0,Pre_event/S1_ASC_20210805/492.tif,Pre_event/S1_DESC_20210803/492.tif,Post_event/S1_ASC_20210817/492.tif,Post_event/S1_DESC_20210815/492.tif,Pre_event/S2_20210804/492.tif,Post_event/S2_20210814/492.tif,Annotations/492.tif
493,train,3271,9.045,14902,1381,101,0,26.208,12090,4231,63,0,9.045,14902,1381,101,0,26.208,12090,4231,63,0,Pre_event/S1_ASC_20210805/493.tif,Pre_event/S1_DESC_20210803/493.tif,Post_event/S1_ASC_20210817/493.tif,Post_event/S1_DESC_20210815/493.tif,Pre_event/S2_20210804/493.tif,Post_event/S2_20210814/493.tif,Annotations/493.tif
494,train,4048,8.075,15061,1222,101,0,26.166,12097,4230,57,0,8.075,15061,1222,101,0,26.166,12097,4230,57,0,Pre_event/S1_ASC_20210805/494.tif,Pre_event/S1_DESC_20210803/494.tif,Post_event/S1_ASC_20210817/494.tif,Post_event/S1_DESC_20210815/494.tif,Pre_event/S2_20210804/494.tif,Post_event/S2_20210814/494.tif,Annotations/494.tif
495,test,3959,4.358,15670,714,0,0,14.685,13978,2153,253,0,4.358,15670,714,0,0,14.685,13978,2153,253,0,Pre_event/S1_ASC_20210805/495.tif,Pre_event/S1_DESC_20210803/495.tif,Post_event/S1_ASC_20210817/495.tif,Post_event/S1_DESC_20210815/495.tif,Pre_event/S2_20210804/495.tif,Post_event/S2_20210814/495.tif,Annotations/495.tif
496,train,2749,18.018,13432,2932,20,0,8.691,14960,918,506,0,18.018,13432,2932,20,0,8.691,14960,918,506,0,Pre_event/S1_ASC_20210805/496.tif,Pre_event/S1_DESC_20210803/496.tif,Post_event/S1_ASC_20210817/496.tif,Post_event/S1_DESC_20210815/496.tif,Pre_event/S2_20210804/496.tif,Post_event/S2_20210814/496.tif,Annotations/496.tif
497,val,1354,37.616,10221,6122,41,0,6.372,15340,458,586,0,37.616,10221,6122,41,0,6.372,15340,458,586,0,Pre_event/S1_ASC_20210805/497.tif,Pre_event/S1_DESC_20210803/497.tif,Post_event/S1_ASC_20210817/497.tif,Post_event/S1_DESC_20210815/497.tif,Pre_event/S2_20210804/497.tif,Post_event/S2_20210814/497.tif,Annotations/497.tif
498,train,1879,65.204,5701,10662,21,0,9.528,14823,225,1336,0,65.204,5701,10662,21,0,9.528,14823,225,1336,0,Pre_event/S1_ASC_20210805/498.tif,Pre_event/S1_DESC_20210803/498.tif,Post_event/S1_ASC_20210817/498.tif,Post_event/S1_DESC_20210815/498.tif,Pre_event/S2_20210804/498.tif,Post_event/S2_20210814/498.tif,Annotations/498.tif
499,train,1585,55.298,7324,9060,0,0,9.601,14811,239,1334,0,55.298,7324,9060,0,0,9.601,14811,239,1334,0,Pre_event/S1_ASC_20210805/499.tif,Pre_event/S1_DESC_20210803/499.tif,Post_event/S1_ASC_20210817/499.tif,Post_event/S1_DESC_20210815/499.tif,Pre_event/S2_20210804/499.tif,Post_event/S2_20210814/499.tif,Annotations/499.tif
500,train,877,41.077,9654,6616,0,114,10.907,14597,1322,420,45,41.077,9654,6616,0,114,10.907,14597,1322,420,45,Pre_event/S1_ASC_20210805/500.tif,Pre_event/S1_DESC_20210803/500.tif,Post_event/S1_ASC_20210817/500.tif,Post_event/S1_DESC_20210815/500.tif,Pre_event/S2_20210804/500.tif,Post_event/S2_20210814/500.tif,Annotations/500.tif
501,train,769,36.902,10338,5932,0,114,8.234,15035,1156,148,45,36.902,10338,5932,0,114,8.234,15035,1156,148,45,Pre_event/S1_ASC_20210805/501.tif,Pre_event/S1_DESC_20210803/501.tif,Post_event/S1_ASC_20210817/501.tif,Post_event/S1_DESC_20210815/501.tif,Pre_event/S2_20210804/501.tif,Post_event/S2_20210814/501.tif,Annotations/501.tif
502,train,610,17.603,13500,2884,0,0,2.197,16024,251,109,0,17.603,13500,2884,0,0,2.197,16024,251,109,0,Pre_event/S1_ASC_20210805/502.tif,Pre_event/S1_DESC_20210803/502.tif,Post_event/S1_ASC_20210817/502.tif,Post_event/S1_DESC_20210815/502.tif,Pre_event/S2_20210804/502.tif,Post_event/S2_20210814/502.tif,Annotations/502.tif
503,train,408,10.504,14663,1721,0,0,1.428,16150,184,50,0,10.504,14663,1721,0,0,1.428,16150,184,50,0,Pre_event/S1_ASC_20210805/503.tif,Pre_event/S1_DESC_20210803/503.tif,Post_event/S1_ASC_20210817/503.tif,Post_event/S1_DESC_20210815/503.tif,Pre_event/S2_20210804/503.tif,Post_event/S2_20210814/503.tif,Annotations/503.tif
504,train,3118,28.571,11703,4681,0,0,3.18,15863,513,8,0,28.571,11703,4681,0,0,3.18,15863,513,8,0,Pre_event/S1_ASC_20210805/504.tif,Pre_event/S1_DESC_20210803/504.tif,Post_event/S1_ASC_20210817/504.tif,Post_event/S1_DESC_20210815/504.tif,Pre_event/S2_20210804/504.tif,Post_event/S2_20210814/504.tif,Annotations/504.tif
505,train,5126,40.35,9773,6611,0,0,3.21,15858,518,8,0,40.35,9773,6611,0,0,3.21,15858,518,8,0,Pre_event/S1_ASC_20210805/505.tif,Pre_event/S1_DESC_20210803/505.tif,Post_event/S1_ASC_20210817/505.tif,Post_event/S1_DESC_20210815/505.tif,Pre_event/S2_20210804/505.tif,Post_event/S2_20210814/505.tif,Annotations/505.tif
506,train,2956,14.96,13933,2451,0,0,0.067,16373,11,0,0,14.96,13933,2451,0,0,0.067,16373,11,0,0,Pre_event/S1_ASC_20210805/506.tif,Pre_event/S1_DESC_20210803/506.tif,Post_event/S1_ASC_20210817/506.tif,Post_event/S1_DESC_20210815/506.tif,Pre_event/S2_20210804/506.tif,Post_event/S2_20210814/506.tif,Annotations/506.tif
507,train,844,5.548,15475,909,0,0,0.0,16384,0,0,0,5.548,15475,909,0,0,0.0,16384,0,0,0,Pre_event/S1_ASC_20210805/507.tif,Pre_event/S1_DESC_20210803/507.tif,Post_event/S1_ASC_20210817/507.tif,Post_event/S1_DESC_20210815/507.tif,Pre_event/S2_20210804/507.tif,Post_event/S2_20210814/507.tif,Annotations/507.tif
508,train,241,6.665,15292,1092,0,0,0.0,16384,0,0,0,6.665,15292,1092,0,0,0.0,16384,0,0,0,Pre_event/S1_ASC_20210805/508.tif,Pre_event/S1_DESC_20210803/508.tif,Post_event/S1_ASC_20210817/508.tif,Post_event/S1_DESC_20210815/508.tif,Pre_event/S2_20210804/508.tif,Post_event/S2_20210814/508.tif,Annotations/508.tif
509,train,333,4.388,15665,719,0,0,3.894,15746,638,0,0,4.388,15665,719,0,0,3.894,15746,638,0,0,Pre_event/S1_ASC_20210805/509.tif,Pre_event/S1_DESC_20210803/509.tif,Post_event/S1_ASC_20210817/509.tif,Post_event/S1_DESC_20210815/509.tif,Pre_event/S2_20210804/509.tif,Post_event/S2_20210814/509.tif,Annotations/509.tif
510,train,291,7.977,15077,1307,0,0,9.528,14823,1559,2,0,7.977,15077,1307,0,0,9.528,14823,1559,2,0,Pre_event/S1_ASC_20210805/510.tif,Pre_event/S1_DESC_20210803/510.tif,Post_event/S1_ASC_20210817/510.tif,Post_event/S1_DESC_20210815/510.tif,Pre_event/S2_20210804/510.tif,Post_event/S2_20210814/510.tif,Annotations/510.tif
511,train,618,9.9,14762,1622,0,0,5.634,15461,921,2,0,9.9,14762,1622,0,0,5.634,15461,921,2,0,Pre_event/S1_ASC_20210805/511.tif,Pre_event/S1_DESC_20210803/511.tif,Post_event/S1_ASC_20210817/511.tif,Post_event/S1_DESC_20210815/511.tif,Pre_event/S2_20210804/511.tif,Post_event/S2_20210814/511.tif,Annotations/511.tif
512,train,621,8.954,14917,1467,0,0,0.122,16364,0,20,0,8.954,14917,1467,0,0,0.122,16364,0,20,0,Pre_event/S1_ASC_20210805/512.tif,Pre_event/S1_DESC_20210803/512.tif,Post_event/S1_ASC_20210817/512.tif,Post_event/S1_DESC_20210815/512.tif,Pre_event/S2_20210804/512.tif,Post_event/S2_20210814/512.tif,Annotations/512.tif
513,test,301,12.189,14387,1997,0,0,0.659,16276,88,20,0,12.189,14387,1997,0,0,0.659,16276,88,20,0,Pre_event/S1_ASC_20210805/513.tif,Pre_event/S1_DESC_20210803/513.tif,Post_event/S1_ASC_20210817/513.tif,Post_event/S1_DESC_20210815/513.tif,Pre_event/S2_20210804/513.tif,Post_event/S2_20210814/513.tif,Annotations/513.tif
514,test,620,13.123,14234,2150,0,0,1.379,16158,226,0,0,13.123,14234,2150,0,0,1.379,16158,226,0,0,Pre_event/S1_ASC_20210805/514.tif,Pre_event/S1_DESC_20210803/514.tif,Post_event/S1_ASC_20210817/514.tif,Post_event/S1_DESC_20210815/514.tif,Pre_event/S2_20210804/514.tif,Post_event/S2_20210814/514.tif,Annotations/514.tif
515,train,605,8.551,14983,1401,0,0,0.842,16246,138,0,0,8.551,14983,1401,0,0,0.842,16246,138,0,0,Pre_event/S1_ASC_20210805/515.tif,Pre_event/S1_DESC_20210803/515.tif,Post_event/S1_ASC_20210817/515.tif,Post_event/S1_DESC_20210815/515.tif,Pre_event/S2_20210804/515.tif,Post_event/S2_20210814/515.tif,Annotations/515.tif
516,train,274,3.827,15757,627,0,0,0.049,16376,0,8,0,3.827,15757,627,0,0,0.049,16376,0,8,0,Pre_event/S1_ASC_20210805/516.tif,Pre_event/S1_DESC_20210803/516.tif,Post_event/S1_ASC_20210817/516.tif,Post_event/S1_DESC_20210815/516.tif,Pre_event/S2_20210804/516.tif,Post_event/S2_20210814/516.tif,Annotations/516.tif
517,val,274,5.554,15474,910,0,0,0.049,16376,0,8,0,5.554,15474,910,0,0,0.049,16376,0,8,0,Pre_event/S1_ASC_20210805/517.tif,Pre_event/S1_DESC_20210803/517.tif,Post_event/S1_ASC_20210817/517.tif,Post_event/S1_DESC_20210815/517.tif,Pre_event/S2_20210804/517.tif,Post_event/S2_20210814/517.tif,Annotations/517.tif
518,train,199,4.535,15641,735,8,0,10.358,14687,1622,75,0,4.535,15641,735,8,0,10.358,14687,1622,75,0,Pre_event/S1_ASC_20210805/518.tif,Pre_event/S1_DESC_20210803/518.tif,Post_event/S1_ASC_20210817/518.tif,Post_event/S1_DESC_20210815/518.tif,Pre_event/S2_20210804/518.tif,Post_event/S2_20210814/518.tif,Annotations/518.tif
519,train,633,20.221,13071,3297,16,0,19.104,13254,2635,495,0,20.221,13071,3297,16,0,19.104,13254,2635,495,0,Pre_event/S1_ASC_20210805/519.tif,Pre_event/S1_DESC_20210803/519.tif,Post_event/S1_ASC_20210817/519.tif,Post_event/S1_DESC_20210815/519.tif,Pre_event/S2_20210804/519.tif,Post_event/S2_20210814/519.tif,Annotations/519.tif
520,train,508,16.962,13605,2771,8,0,10.046,14738,1203,443,0,16.962,13605,2771,8,0,10.046,14738,1203,443,0,Pre_event/S1_ASC_20210805/520.tif,Pre_event/S1_DESC_20210803/520.tif,Post_event/S1_ASC_20210817/520.tif,Post_event/S1_DESC_20210815/520.tif,Pre_event/S2_20210804/520.tif,Post_event/S2_20210814/520.tif,Annotations/520.tif
521,train,375,0.372,16323,0,61,0,13.77,14128,2235,0,21,0.372,16323,0,61,0,13.77,14128,2235,0,21,Pre_event/S1_ASC_20210805/521.tif,Pre_event/S1_DESC_20210803/521.tif,Post_event/S1_ASC_20210817/521.tif,Post_event/S1_DESC_20210815/521.tif,Pre_event/S2_20210804/521.tif,Post_event/S2_20210814/521.tif,Annotations/521.tif
522,train,2505,3.119,15873,194,317,0,31.0,11305,4903,0,176,3.119,15873,194,317,0,31.0,11305,4903,0,176,Pre_event/S1_ASC_20210805/522.tif,Pre_event/S1_DESC_20210803/522.tif,Post_event/S1_ASC_20210817/522.tif,Post_event/S1_DESC_20210815/522.tif,Pre_event/S2_20210804/522.tif,Post_event/S2_20210814/522.tif,Annotations/522.tif
523,train,2196,3.528,15806,322,256,0,21.979,12783,3446,0,155,3.528,15806,322,256,0,21.979,12783,3446,0,155,Pre_event/S1_ASC_20210805/523.tif,Pre_event/S1_DESC_20210803/523.tif,Post_event/S1_ASC_20210817/523.tif,Post_event/S1_DESC_20210815/523.tif,Pre_event/S2_20210804/523.tif,Post_event/S2_20210814/523.tif,Annotations/523.tif
524,train,955,5.219,15529,850,5,0,15.356,13868,2304,204,8,5.219,15529,850,5,0,15.356,13868,2304,204,8,Pre_event/S1_ASC_20210805/524.tif,Pre_event/S1_DESC_20210803/524.tif,Post_event/S1_ASC_20210817/524.tif,Post_event/S1_DESC_20210815/524.tif,Pre_event/S2_20210804/524.tif,Post_event/S2_20210814/524.tif,Annotations/524.tif
525,train,1591,15.015,13924,2445,15,0,29.211,11598,4376,402,8,15.015,13924,2445,15,0,29.211,11598,4376,402,8,Pre_event/S1_ASC_20210805/525.tif,Pre_event/S1_DESC_20210803/525.tif,Post_event/S1_ASC_20210817/525.tif,Post_event/S1_DESC_20210815/525.tif,Pre_event/S2_20210804/525.tif,Post_event/S2_20210814/525.tif,Annotations/525.tif
526,test,2285,26.794,11994,4080,219,91,42.957,9346,6409,629,0,26.794,11994,4080,219,91,42.957,9346,6409,629,0,Pre_event/S1_ASC_20210805/526.tif,Pre_event/S1_DESC_20210803/526.tif,Post_event/S1_ASC_20210817/526.tif,Post_event/S1_DESC_20210815/526.tif,Pre_event/S2_20210804/526.tif,Post_event/S2_20210814/526.tif,Annotations/526.tif
527,train,4093,34.93,10661,5361,271,91,47.809,8551,7220,613,0,34.93,10661,5361,271,91,47.809,8551,7220,613,0,Pre_event/S1_ASC_20210805/527.tif,Pre_event/S1_DESC_20210803/527.tif,Post_event/S1_ASC_20210817/527.tif,Post_event/S1_DESC_20210815/527.tif,Pre_event/S2_20210804/527.tif,Post_event/S2_20210814/527.tif,Annotations/527.tif
528,train,4154,25.885,12143,4179,62,0,26.91,11975,4192,217,0,25.885,12143,4179,62,0,26.91,11975,4192,217,0,Pre_event/S1_ASC_20210805/528.tif,Pre_event/S1_DESC_20210803/528.tif,Post_event/S1_ASC_20210817/528.tif,Post_event/S1_DESC_20210815/528.tif,Pre_event/S2_20210804/528.tif,Post_event/S2_20210814/528.tif,Annotations/528.tif
529,val,3658,14.172,14062,2221,101,0,31.384,11242,4992,150,0,14.172,14062,2221,101,0,31.384,11242,4992,150,0,Pre_event/S1_ASC_20210805/529.tif,Pre_event/S1_DESC_20210803/529.tif,Post_event/S1_ASC_20210817/529.tif,Post_event/S1_DESC_20210815/529.tif,Pre_event/S2_20210804/529.tif,Post_event/S2_20210814/529.tif,Annotations/529.tif
530,test,3879,8.209,15039,1244,101,0,36.469,10409,5821,154,0,8.209,15039,1244,101,0,36.469,10409,5821,154,0,Pre_event/S1_ASC_20210805/530.tif,Pre_event/S1_DESC_20210803/530.tif,Post_event/S1_ASC_20210817/530.tif,Post_event/S1_DESC_20210815/530.tif,Pre_event/S2_20210804/530.tif,Post_event/S2_20210814/530.tif,Annotations/530.tif
531,train,3644,8.813,14940,1444,0,0,17.035,13593,2483,308,0,8.813,14940,1444,0,0,17.035,13593,2483,308,0,Pre_event/S1_ASC_20210805/531.tif,Pre_event/S1_DESC_20210803/531.tif,Post_event/S1_ASC_20210817/531.tif,Post_event/S1_DESC_20210815/531.tif,Pre_event/S2_20210804/531.tif,Post_event/S2_20210814/531.tif,Annotations/531.tif
532,test,2527,25.183,12258,4106,20,0,10.321,14693,1079,612,0,25.183,12258,4106,20,0,10.321,14693,1079,612,0,Pre_event/S1_ASC_20210805/532.tif,Pre_event/S1_DESC_20210803/532.tif,Post_event/S1_ASC_20210817/532.tif,Post_event/S1_DESC_20210815/532.tif,Pre_event/S2_20210804/532.tif,Post_event/S2_20210814/532.tif,Annotations/532.tif
533,train,2399,39.526,9908,6435,41,0,10.95,14590,746,1048,0,39.526,9908,6435,41,0,10.95,14590,746,1048,0,Pre_event/S1_ASC_20210805/533.tif,Pre_event/S1_DESC_20210803/533.tif,Post_event/S1_ASC_20210817/533.tif,Post_event/S1_DESC_20210815/533.tif,Pre_event/S2_20210804/533.tif,Post_event/S2_20210814/533.tif,Annotations/533.tif
534,test,2268,50.641,8087,8276,21,0,11.572,14488,392,1504,0,50.641,8087,8276,21,0,11.572,14488,392,1504,0,Pre_event/S1_ASC_20210805/534.tif,Pre_event/S1_DESC_20210803/534.tif,Post_event/S1_ASC_20210817/534.tif,Post_event/S1_DESC_20210815/534.tif,Pre_event/S2_20210804/534.tif,Post_event/S2_20210814/534.tif,Annotations/534.tif
535,train,986,47.766,8558,7826,0,0,8.759,14949,300,1135,0,47.766,8558,7826,0,0,8.759,14949,300,1135,0,Pre_event/S1_ASC_20210805/535.tif,Pre_event/S1_DESC_20210803/535.tif,Post_event/S1_ASC_20210817/535.tif,Post_event/S1_DESC_20210815/535.tif,Pre_event/S2_20210804/535.tif,Post_event/S2_20210814/535.tif,Annotations/535.tif
536,train,568,40.881,9686,6698,0,0,8.917,14923,1115,346,0,40.881,9686,6698,0,0,8.917,14923,1115,346,0,Pre_event/S1_ASC_20210805/536.tif,Pre_event/S1_DESC_20210803/536.tif,Post_event/S1_ASC_20210817/536.tif,Post_event/S1_DESC_20210815/536.tif,Pre_event/S2_20210804/536.tif,Post_event/S2_20210814/536.tif,Annotations/536.tif
537,train,905,32.684,11029,5355,0,0,5.981,15404,911,69,0,32.684,11029,5355,0,0,5.981,15404,911,69,0,Pre_event/S1_ASC_20210805/537.tif,Pre_event/S1_DESC_20210803/537.tif,Post_event/S1_ASC_20210817/537.tif,Post_event/S1_DESC_20210815/537.tif,Pre_event/S2_20210804/537.tif,Post_event/S2_20210814/537.tif,Annotations/537.tif
538,train,809,18.231,13397,2987,0,0,1.361,16161,145,78,0,18.231,13397,2987,0,0,1.361,16161,145,78,0,Pre_event/S1_ASC_20210805/538.tif,Pre_event/S1_DESC_20210803/538.tif,Post_event/S1_ASC_20210817/538.tif,Post_event/S1_DESC_20210815/538.tif,Pre_event/S2_20210804/538.tif,Post_event/S2_20210814/538.tif,Annotations/538.tif
539,val,401,12.701,14303,2081,0,0,1.025,16216,149,19,0,12.701,14303,2081,0,0,1.025,16216,149,19,0,Pre_event/S1_ASC_20210805/539.tif,Pre_event/S1_DESC_20210803/539.tif,Post_event/S1_ASC_20210817/539.tif,Post_event/S1_DESC_20210815/539.tif,Pre_event/S2_20210804/539.tif,Post_event/S2_20210814/539.tif,Annotations/539.tif
540,train,3815,31.708,11189,5195,0,0,5.023,15561,821,2,0,31.708,11189,5195,0,0,5.023,15561,821,2,0,Pre_event/S1_ASC_20210805/540.tif,Pre_event/S1_DESC_20210803/540.tif,Post_event/S1_ASC_20210817/540.tif,Post_event/S1_DESC_20210815/540.tif,Pre_event/S2_20210804/540.tif,Post_event/S2_20210814/540.tif,Annotations/540.tif
541,train,6913,46.686,8735,7649,0,0,4.797,15598,775,11,0,46.686,8735,7649,0,0,4.797,15598,775,11,0,Pre_event/S1_ASC_20210805/541.tif,Pre_event/S1_DESC_20210803/541.tif,Post_event/S1_ASC_20210817/541.tif,Post_event/S1_DESC_20210815/541.tif,Pre_event/S2_20210804/541.tif,Post_event/S2_20210814/541.tif,Annotations/541.tif
542,train,4457,39.557,9903,6481,0,0,1.001,16220,54,110,0,39.557,9903,6481,0,0,1.001,16220,54,110,0,Pre_event/S1_ASC_20210805/542.tif,Pre_event/S1_DESC_20210803/542.tif,Post_event/S1_ASC_20210817/542.tif,Post_event/S1_DESC_20210815/542.tif,Pre_event/S2_20210804/542.tif,Post_event/S2_20210814/542.tif,Annotations/542.tif
543,train,1229,39.441,9922,6462,0,0,0.616,16283,0,101,0,39.441,9922,6462,0,0,0.616,16283,0,101,0,Pre_event/S1_ASC_20210805/543.tif,Pre_event/S1_DESC_20210803/543.tif,Post_event/S1_ASC_20210817/543.tif,Post_event/S1_DESC_20210815/543.tif,Pre_event/S2_20210804/543.tif,Post_event/S2_20210814/543.tif,Annotations/543.tif
544,train,122,26.19,12093,4291,0,0,0.0,16384,0,0,0,26.19,12093,4291,0,0,0.0,16384,0,0,0,Pre_event/S1_ASC_20210805/544.tif,Pre_event/S1_DESC_20210803/544.tif,Post_event/S1_ASC_20210817/544.tif,Post_event/S1_DESC_20210815/544.tif,Pre_event/S2_20210804/544.tif,Post_event/S2_20210814/544.tif,Annotations/544.tif
545,train,154,6.97,15242,1142,0,0,0.0,16384,0,0,0,6.97,15242,1142,0,0,0.0,16384,0,0,0,Pre_event/S1_ASC_20210805/545.tif,Pre_event/S1_DESC_20210803/545.tif,Post_event/S1_ASC_20210817/545.tif,Post_event/S1_DESC_20210815/545.tif,Pre_event/S2_20210804/545.tif,Post_event/S2_20210814/545.tif,Annotations/545.tif
546,train,317,6.836,15264,1120,0,0,3.082,15879,505,0,0,6.836,15264,1120,0,0,3.082,15879,505,0,0,Pre_event/S1_ASC_20210805/546.tif,Pre_event/S1_DESC_20210803/546.tif,Post_event/S1_ASC_20210817/546.tif,Post_event/S1_DESC_20210815/546.tif,Pre_event/S2_20210804/546.tif,Post_event/S2_20210814/546.tif,Annotations/546.tif
547,train,807,15.106,13909,2475,0,0,7.037,15231,1147,6,0,15.106,13909,2475,0,0,7.037,15231,1147,6,0,Pre_event/S1_ASC_20210805/547.tif,Pre_event/S1_DESC_20210803/547.tif,Post_event/S1_ASC_20210817/547.tif,Post_event/S1_DESC_20210815/547.tif,Pre_event/S2_20210804/547.tif,Post_event/S2_20210814/547.tif,Annotations/547.tif
548,val,1025,31.134,11283,5101,0,0,3.955,15736,642,6,0,31.134,11283,5101,0,0,3.955,15736,642,6,0,Pre_event/S1_ASC_20210805/548.tif,Pre_event/S1_DESC_20210803/548.tif,Post_event/S1_ASC_20210817/548.tif,Post_event/S1_DESC_20210815/548.tif,Pre_event/S2_20210804/548.tif,Post_event/S2_20210814/548.tif,Annotations/548.tif
549,train,665,31.061,11295,5089,0,0,0.122,16364,0,20,0,31.061,11295,5089,0,0,0.122,16364,0,20,0,Pre_event/S1_ASC_20210805/549.tif,Pre_event/S1_DESC_20210803/549.tif,Post_event/S1_ASC_20210817/549.tif,Post_event/S1_DESC_20210815/549.tif,Pre_event/S2_20210804/549.tif,Post_event/S2_20210814/549.tif,Annotations/549.tif
550,train,320,11.536,14494,1890,0,0,0.659,16276,88,20,0,11.536,14494,1890,0,0,0.659,16276,88,20,0,Pre_event/S1_ASC_20210805/550.tif,Pre_event/S1_DESC_20210803/550.tif,Post_event/S1_ASC_20210817/550.tif,Post_event/S1_DESC_20210815/550.tif,Pre_event/S2_20210804/550.tif,Post_event/S2_20210814/550.tif,Annotations/550.tif
551,test,248,11.084,14568,1816,0,0,1.379,16158,226,0,0,11.084,14568,1816,0,0,1.379,16158,226,0,0,Pre_event/S1_ASC_20210805/551.tif,Pre_event/S1_DESC_20210803/551.tif,Post_event/S1_ASC_20210817/551.tif,Post_event/S1_DESC_20210815/551.tif,Pre_event/S2_20210804/551.tif,Post_event/S2_20210814/551.tif,Annotations/551.tif
552,test,327,18.213,13400,2984,0,0,0.903,16236,148,0,0,18.213,13400,2984,0,0,0.903,16236,148,0,0,Pre_event/S1_ASC_20210805/552.tif,Pre_event/S1_DESC_20210803/552.tif,Post_event/S1_ASC_20210817/552.tif,Post_event/S1_DESC_20210815/552.tif,Pre_event/S2_20210804/552.tif,Post_event/S2_20210814/552.tif,Annotations/552.tif
553,train,115,16.046,13755,2629,0,0,0.061,16374,10,0,0,16.046,13755,2629,0,0,0.061,16374,10,0,0,Pre_event/S1_ASC_20210805/553.tif,Pre_event/S1_DESC_20210803/553.tif,Post_event/S1_ASC_20210817/553.tif,Post_event/S1_DESC_20210815/553.tif,Pre_event/S2_20210804/553.tif,Post_event/S2_20210814/553.tif,Annotations/553.tif
554,val,399,1.77,16094,290,0,0,0.189,16353,31,0,0,1.77,16094,290,0,0,0.189,16353,31,0,0,Pre_event/S1_ASC_20210805/554.tif,Pre_event/S1_DESC_20210803/554.tif,Post_event/S1_ASC_20210817/554.tif,Post_event/S1_DESC_20210815/554.tif,Pre_event/S2_20210804/554.tif,Post_event/S2_20210814/554.tif,Annotations/554.tif
555,train,399,6.537,15313,1071,0,0,0.262,16341,31,12,0,6.537,15313,1071,0,0,0.262,16341,31,12,0,Pre_event/S1_ASC_20210805/555.tif,Pre_event/S1_DESC_20210803/555.tif,Post_event/S1_ASC_20210817/555.tif,Post_event/S1_DESC_20210815/555.tif,Pre_event/S2_20210804/555.tif,Post_event/S2_20210814/555.tif,Annotations/555.tif
556,train,624,7.361,15178,1206,0,0,15.393,13862,2365,157,0,7.361,15178,1206,0,0,15.393,13862,2365,157,0,Pre_event/S1_ASC_20210805/556.tif,Pre_event/S1_DESC_20210803/556.tif,Post_event/S1_ASC_20210817/556.tif,Post_event/S1_DESC_20210815/556.tif,Pre_event/S2_20210804/556.tif,Post_event/S2_20210814/556.tif,Annotations/556.tif
557,test,876,21.552,12853,3417,114,0,29.871,11490,4387,507,0,21.552,12853,3417,114,0,29.871,11490,4387,507,0,Pre_event/S1_ASC_20210805/557.tif,Pre_event/S1_DESC_20210803/557.tif,Post_event/S1_ASC_20210817/557.tif,Post_event/S1_DESC_20210815/557.tif,Pre_event/S2_20210804/557.tif,Post_event/S2_20210814/557.tif,Annotations/557.tif
558,train,296,15.466,13850,2420,114,0,21.698,12829,3187,368,0,15.466,13850,2420,114,0,21.698,12829,3187,368,0,Pre_event/S1_ASC_20210805/558.tif,Pre_event/S1_DESC_20210803/558.tif,Post_event/S1_ASC_20210817/558.tif,Post_event/S1_DESC_20210815/558.tif,Pre_event/S2_20210804/558.tif,Post_event/S2_20210814/558.tif,Annotations/558.tif
559,train,123,10.889,14600,1779,5,0,2.472,15979,321,84,0,10.889,14600,1779,5,0,2.472,15979,321,84,0,Pre_event/S1_ASC_20210805/559.tif,Pre_event/S1_DESC_20210803/559.tif,Post_event/S1_ASC_20210817/559.tif,Post_event/S1_DESC_20210815/559.tif,Pre_event/S2_20210804/559.tif,Post_event/S2_20210814/559.tif,Annotations/559.tif
560,test,418,12.372,14357,1966,61,0,15.717,13809,2505,47,23,12.372,14357,1966,61,0,15.717,13809,2505,47,23,Pre_event/S1_ASC_20210805/560.tif,Pre_event/S1_DESC_20210803/560.tif,Post_event/S1_ASC_20210817/560.tif,Post_event/S1_DESC_20210815/560.tif,Pre_event/S2_20210804/560.tif,Post_event/S2_20210814/560.tif,Annotations/560.tif
561,train,1652,37.689,10209,5858,317,0,34.93,10661,4725,766,232,37.689,10209,5858,317,0,34.93,10661,4725,766,232,Pre_event/S1_ASC_20210805/561.tif,Pre_event/S1_DESC_20210803/561.tif,Post_event/S1_ASC_20210817/561.tif,Post_event/S1_DESC_20210815/561.tif,Pre_event/S2_20210804/561.tif,Post_event/S2_20210814/561.tif,Annotations/561.tif
562,train,1568,44.025,9171,6957,256,0,25.793,12158,3020,997,209,44.025,9171,6957,256,0,25.793,12158,3020,997,209,Pre_event/S1_ASC_20210805/562.tif,Pre_event/S1_DESC_20210803/562.tif,Post_event/S1_ASC_20210817/562.tif,Post_event/S1_DESC_20210815/562.tif,Pre_event/S2_20210804/562.tif,Post_event/S2_20210814/562.tif,Annotations/562.tif
563,train,334,25.342,12232,4152,0,0,6.909,15252,861,271,0,25.342,12232,4152,0,0,6.909,15252,861,271,0,Pre_event/S1_ASC_20210805/563.tif,Pre_event/S1_DESC_20210803/563.tif,Post_event/S1_ASC_20210817/563.tif,Post_event/S1_DESC_20210815/563.tif,Pre_event/S2_20210804/563.tif,Post_event/S2_20210814/563.tif,Annotations/563.tif
564,train,1190,21.576,12849,3507,28,0,14.532,14003,1857,523,1,21.576,12849,3507,28,0,14.532,14003,1857,523,1,Pre_event/S1_ASC_20210805/564.tif,Pre_event/S1_DESC_20210803/564.tif,Post_event/S1_ASC_20210817/564.tif,Post_event/S1_DESC_20210815/564.tif,Pre_event/S2_20210804/564.tif,Post_event/S2_20210814/564.tif,Annotations/564.tif
565,train,2096,38.47,10081,6259,44,0,30.066,11458,3895,1030,1,38.47,10081,6259,44,0,30.066,11458,3895,1030,1,Pre_event/S1_ASC_20210805/565.tif,Pre_event/S1_DESC_20210803/565.tif,Post_event/S1_ASC_20210817/565.tif,Post_event/S1_DESC_20210815/565.tif,Pre_event/S2_20210804/565.tif,Post_event/S2_20210814/565.tif,Annotations/565.tif
566,train,2398,50.232,8154,7992,147,91,31.36,11246,4037,1101,0,50.232,8154,7992,147,91,31.36,11246,4037,1101,0,Pre_event/S1_ASC_20210805/566.tif,Pre_event/S1_DESC_20210803/566.tif,Post_event/S1_ASC_20210817/566.tif,Post_event/S1_DESC_20210815/566.tif,Pre_event/S2_20210804/566.tif,Post_event/S2_20210814/566.tif,Annotations/566.tif
567,train,3298,50.47,8115,8011,167,91,19.464,13195,2416,773,0,50.47,8115,8011,167,91,19.464,13195,2416,773,0,Pre_event/S1_ASC_20210805/567.tif,Pre_event/S1_DESC_20210803/567.tif,Post_event/S1_ASC_20210817/567.tif,Post_event/S1_DESC_20210815/567.tif,Pre_event/S2_20210804/567.tif,Post_event/S2_20210814/567.tif,Annotations/567.tif
568,val,4047,50.97,8033,8315,36,0,11.035,14576,1566,242,0,50.97,8033,8315,36,0,11.035,14576,1566,242,0,Pre_event/S1_ASC_20210805/568.tif,Pre_event/S1_DESC_20210803/568.tif,Post_event/S1_ASC_20210817/568.tif,Post_event/S1_DESC_20210815/568.tif,Pre_event/S2_20210804/568.tif,Post_event/S2_20210814/568.tif,Annotations/568.tif
569,val,4404,52.496,7783,8601,0,0,17.603,13500,2114,770,0,52.496,7783,8601,0,0,17.603,13500,2114,770,0,Pre_event/S1_ASC_20210805/569.tif,Pre_event/S1_DESC_20210803/569.tif,Post_event/S1_ASC_20210817/569.tif,Post_event/S1_DESC_20210815/569.tif,Pre_event/S2_20210804/569.tif,Post_event/S2_20210814/569.tif,Annotations/569.tif
570,train,4179,36.182,10456,5896,32,0,26.819,11990,3493,888,13,36.182,10456,5896,32,0,26.819,11990,3493,888,13,Pre_event/S1_ASC_20210805/570.tif,Pre_event/S1_DESC_20210803/570.tif,Post_event/S1_ASC_20210817/570.tif,Post_event/S1_DESC_20210815/570.tif,Pre_event/S2_20210804/570.tif,Post_event/S2_20210814/570.tif,Annotations/570.tif
571,train,3156,27.991,11798,4552,34,0,17.267,13555,2532,284,13,27.991,11798,4552,34,0,17.267,13555,2532,284,13,Pre_event/S1_ASC_20210805/571.tif,Pre_event/S1_DESC_20210803/571.tif,Post_event/S1_ASC_20210817/571.tif,Post_event/S1_DESC_20210815/571.tif,Pre_event/S2_20210804/571.tif,Post_event/S2_20210814/571.tif,Annotations/571.tif
572,train,2581,34.875,10670,5712,2,0,7.184,15207,602,575,0,34.875,10670,5712,2,0,7.184,15207,602,575,0,Pre_event/S1_ASC_20210805/572.tif,Pre_event/S1_DESC_20210803/572.tif,Post_event/S1_ASC_20210817/572.tif,Post_event/S1_DESC_20210815/572.tif,Pre_event/S2_20210804/572.tif,Post_event/S2_20210814/572.tif,Annotations/572.tif
573,train,3102,33.215,10942,5362,80,0,14.429,14020,1279,1085,0,33.215,10942,5362,80,0,14.429,14020,1279,1085,0,Pre_event/S1_ASC_20210805/573.tif,Pre_event/S1_DESC_20210803/573.tif,Post_event/S1_ASC_20210817/573.tif,Post_event/S1_DESC_20210815/573.tif,Pre_event/S2_20210804/573.tif,Post_event/S2_20210814/573.tif,Annotations/573.tif
574,val,2436,24.951,12296,4006,82,0,12.415,14350,1132,902,0,24.951,12296,4006,82,0,12.415,14350,1132,902,0,Pre_event/S1_ASC_20210805/574.tif,Pre_event/S1_DESC_20210803/574.tif,Post_event/S1_ASC_20210817/574.tif,Post_event/S1_DESC_20210815/574.tif,Pre_event/S2_20210804/574.tif,Post_event/S2_20210814/574.tif,Annotations/574.tif
575,train,1169,24.731,12332,4050,2,0,4.028,15724,345,315,0,24.731,12332,4050,2,0,4.028,15724,345,315,0,Pre_event/S1_ASC_20210805/575.tif,Pre_event/S1_DESC_20210803/575.tif,Post_event/S1_ASC_20210817/575.tif,Post_event/S1_DESC_20210815/575.tif,Pre_event/S2_20210804/575.tif,Post_event/S2_20210814/575.tif,Annotations/575.tif
576,train,1016,43.042,9332,7052,0,0,5.56,15473,842,69,0,43.042,9332,7052,0,0,5.56,15473,842,69,0,Pre_event/S1_ASC_20210805/576.tif,Pre_event/S1_DESC_20210803/576.tif,Post_event/S1_ASC_20210817/576.tif,Post_event/S1_DESC_20210815/576.tif,Pre_event/S2_20210804/576.tif,Post_event/S2_20210814/576.tif,Annotations/576.tif
577,train,1497,41.321,9614,6770,0,0,4.724,15610,686,88,0,41.321,9614,6770,0,0,4.724,15610,686,88,0,Pre_event/S1_ASC_20210805/577.tif,Pre_event/S1_DESC_20210803/577.tif,Post_event/S1_ASC_20210817/577.tif,Post_event/S1_DESC_20210815/577.tif,Pre_event/S2_20210804/577.tif,Post_event/S2_20210814/577.tif,Annotations/577.tif
578,train,966,20.905,12959,3425,0,0,0.824,16249,74,61,0,20.905,12959,3425,0,0,0.824,16249,74,61,0,Pre_event/S1_ASC_20210805/578.tif,Pre_event/S1_DESC_20210803/578.tif,Post_event/S1_ASC_20210817/578.tif,Post_event/S1_DESC_20210815/578.tif,Pre_event/S2_20210804/578.tif,Post_event/S2_20210814/578.tif,Annotations/578.tif
579,val,1637,13.08,14241,2143,0,0,6.165,15374,1004,6,0,13.08,14241,2143,0,0,6.165,15374,1004,6,0,Pre_event/S1_ASC_20210805/579.tif,Pre_event/S1_DESC_20210803/579.tif,Post_event/S1_ASC_20210817/579.tif,Post_event/S1_DESC_20210815/579.tif,Pre_event/S2_20210804/579.tif,Post_event/S2_20210814/579.tif,Annotations/579.tif
580,train,4592,24.133,12430,3954,0,0,11.7,14467,1915,2,0,24.133,12430,3954,0,0,11.7,14467,1915,2,0,Pre_event/S1_ASC_20210805/580.tif,Pre_event/S1_DESC_20210803/580.tif,Post_event/S1_ASC_20210817/580.tif,Post_event/S1_DESC_20210815/580.tif,Pre_event/S2_20210804/580.tif,Post_event/S2_20210814/580.tif,Annotations/580.tif
581,train,6927,41.547,9577,6807,0,0,7.648,15131,1195,58,0,41.547,9577,6807,0,0,7.648,15131,1195,58,0,Pre_event/S1_ASC_20210805/581.tif,Pre_event/S1_DESC_20210803/581.tif,Post_event/S1_ASC_20210817/581.tif,Post_event/S1_DESC_20210815/581.tif,Pre_event/S2_20210804/581.tif,Post_event/S2_20210814/581.tif,Annotations/581.tif
582,test,4794,48.346,8463,7921,0,0,2.716,15939,284,161,0,48.346,8463,7921,0,0,2.716,15939,284,161,0,Pre_event/S1_ASC_20210805/582.tif,Pre_event/S1_DESC_20210803/582.tif,Post_event/S1_ASC_20210817/582.tif,Post_event/S1_DESC_20210815/582.tif,Pre_event/S2_20210804/582.tif,Post_event/S2_20210814/582.tif,Annotations/582.tif
583,train,1054,51.306,7978,8406,0,0,0.641,16279,0,105,0,51.306,7978,8406,0,0,0.641,16279,0,105,0,Pre_event/S1_ASC_20210805/583.tif,Pre_event/S1_DESC_20210803/583.tif,Post_event/S1_ASC_20210817/583.tif,Post_event/S1_DESC_20210815/583.tif,Pre_event/S2_20210804/583.tif,Post_event/S2_20210814/583.tif,Annotations/583.tif
584,train,332,49.75,8233,8151,0,0,0.354,16326,0,58,0,49.75,8233,8151,0,0,0.354,16326,0,58,0,Pre_event/S1_ASC_20210805/584.tif,Pre_event/S1_DESC_20210803/584.tif,Post_event/S1_ASC_20210817/584.tif,Post_event/S1_DESC_20210815/584.tif,Pre_event/S2_20210804/584.tif,Post_event/S2_20210814/584.tif,Annotations/584.tif
585,train,447,33.313,10926,5458,0,0,0.354,16326,0,58,0,33.313,10926,5458,0,0,0.354,16326,0,58,0,Pre_event/S1_ASC_20210805/585.tif,Pre_event/S1_DESC_20210803/585.tif,Post_event/S1_ASC_20210817/585.tif,Post_event/S1_DESC_20210815/585.tif,Pre_event/S2_20210804/585.tif,Post_event/S2_20210814/585.tif,Annotations/585.tif
586,train,266,11.554,14491,1893,0,0,0.0,16384,0,0,0,11.554,14491,1893,0,0,0.0,16384,0,0,0,Pre_event/S1_ASC_20210805/586.tif,Pre_event/S1_DESC_20210803/586.tif,Post_event/S1_ASC_20210817/586.tif,Post_event/S1_DESC_20210815/586.tif,Pre_event/S2_20210804/586.tif,Post_event/S2_20210814/586.tif,Annotations/586.tif
587,train,164,5.096,15549,835,0,0,0.787,16255,129,0,0,5.096,15549,835,0,0,0.787,16255,129,0,0,Pre_event/S1_ASC_20210805/587.tif,Pre_event/S1_DESC_20210803/587.tif,Post_event/S1_ASC_20210817/587.tif,Post_event/S1_DESC_20210815/587.tif,Pre_event/S2_20210804/587.tif,Post_event/S2_20210814/587.tif,Annotations/587.tif
588,test,747,9.991,14747,1637,0,0,1.929,16068,312,4,0,9.991,14747,1637,0,0,1.929,16068,312,4,0,Pre_event/S1_ASC_20210805/588.tif,Pre_event/S1_DESC_20210803/588.tif,Post_event/S1_ASC_20210817/588.tif,Post_event/S1_DESC_20210815/588.tif,Pre_event/S2_20210804/588.tif,Post_event/S2_20210814/588.tif,Annotations/588.tif
589,test,774,25.281,12242,4142,0,0,1.141,16197,183,4,0,25.281,12242,4142,0,0,1.141,16197,183,4,0,Pre_event/S1_ASC_20210805/589.tif,Pre_event/S1_DESC_20210803/589.tif,Post_event/S1_ASC_20210817/589.tif,Post_event/S1_DESC_20210815/589.tif,Pre_event/S2_20210804/589.tif,Post_event/S2_20210814/589.tif,Annotations/589.tif
590,train,424,26.935,11971,4413,0,0,0.244,16344,40,0,0,26.935,11971,4413,0,0,0.244,16344,40,0,0,Pre_event/S1_ASC_20210805/590.tif,Pre_event/S1_DESC_20210803/590.tif,Post_event/S1_ASC_20210817/590.tif,Post_event/S1_DESC_20210815/590.tif,Pre_event/S2_20210804/590.tif,Post_event/S2_20210814/590.tif,Annotations/590.tif
591,val,309,10.931,14593,1791,0,0,0.244,16344,40,0,0,10.931,14593,1791,0,0,0.244,16344,40,0,0,Pre_event/S1_ASC_20210805/591.tif,Pre_event/S1_DESC_20210803/591.tif,Post_event/S1_ASC_20210817/591.tif,Post_event/S1_DESC_20210815/591.tif,Pre_event/S2_20210804/591.tif,Post_event/S2_20210814/591.tif,Annotations/591.tif
592,train,245,18.884,13290,3094,0,0,0.165,16357,17,10,0,18.884,13290,3094,0,0,0.165,16357,17,10,0,Pre_event/S1_ASC_20210805/592.tif,Pre_event/S1_DESC_20210803/592.tif,Post_event/S1_ASC_20210817/592.tif,Post_event/S1_DESC_20210815/592.tif,Pre_event/S2_20210804/592.tif,Post_event/S2_20210814/592.tif,Annotations/592.tif
593,test,227,23.694,12502,3882,0,0,0.781,16256,96,32,0,23.694,12502,3882,0,0,0.781,16256,96,32,0,Pre_event/S1_ASC_20210805/593.tif,Pre_event/S1_DESC_20210803/593.tif,Post_event/S1_ASC_20210817/593.tif,Post_event/S1_DESC_20210815/593.tif,Pre_event/S2_20210804/593.tif,Post_event/S2_20210814/593.tif,Annotations/593.tif
594,train,125,8.417,15005,1379,0,0,0.47,16307,65,12,0,8.417,15005,1379,0,0,0.47,16307,65,12,0,Pre_event/S1_ASC_20210805/594.tif,Pre_event/S1_DESC_20210803/594.tif,Post_event/S1_ASC_20210817/594.tif,Post_event/S1_DESC_20210815/594.tif,Pre_event/S2_20210804/594.tif,Post_event/S2_20210814/594.tif,Annotations/594.tif
595,val,125,31.097,11289,5095,0,0,0.684,16272,65,47,0,31.097,11289,5095,0,0,0.684,16272,65,47,0,Pre_event/S1_ASC_20210805/595.tif,Pre_event/S1_DESC_20210803/595.tif,Post_event/S1_ASC_20210817/595.tif,Post_event/S1_DESC_20210815/595.tif,Pre_event/S2_20210804/595.tif,Post_event/S2_20210814/595.tif,Annotations/595.tif
596,val,537,6.384,15338,1046,0,0,7.104,15220,1082,82,0,6.384,15338,1046,0,0,7.104,15220,1082,82,0,Pre_event/S1_ASC_20210805/596.tif,Pre_event/S1_DESC_20210803/596.tif,Post_event/S1_ASC_20210817/596.tif,Post_event/S1_DESC_20210815/596.tif,Pre_event/S2_20210804/596.tif,Post_event/S2_20210814/596.tif,Annotations/596.tif
597,val,1109,22.729,12660,3610,114,0,21.979,12783,3111,490,0,22.729,12660,3610,114,0,21.979,12783,3111,490,0,Pre_event/S1_ASC_20210805/597.tif,Pre_event/S1_DESC_20210803/597.tif,Post_event/S1_ASC_20210817/597.tif,Post_event/S1_DESC_20210815/597.tif,Pre_event/S2_20210804/597.tif,Post_event/S2_20210814/597.tif,Annotations/597.tif
598,train,875,27.832,11824,4446,114,0,20.953,12951,3008,425,0,27.832,11824,4446,114,0,20.953,12951,3008,425,0,Pre_event/S1_ASC_20210805/598.tif,Pre_event/S1_DESC_20210803/598.tif,Post_event/S1_ASC_20210817/598.tif,Post_event/S1_DESC_20210815/598.tif,Pre_event/S2_20210804/598.tif,Post_event/S2_20210814/598.tif,Annotations/598.tif
599,train,336,19.446,13198,3186,0,0,9.064,14899,1401,84,0,19.446,13198,3186,0,0,9.064,14899,1401,84,0,Pre_event/S1_ASC_20210805/599.tif,Pre_event/S1_DESC_20210803/599.tif,Post_event/S1_ASC_20210817/599.tif,Post_event/S1_DESC_20210815/599.tif,Pre_event/S2_20210804/599.tif,Post_event/S2_20210814/599.tif,Annotations/599.tif
600,val,275,22.882,12635,3744,5,0,6.586,15305,968,111,0,22.882,12635,3744,5,0,6.586,15305,968,111,0,Pre_event/S1_ASC_20210805/600.tif,Pre_event/S1_DESC_20210803/600.tif,Post_event/S1_ASC_20210817/600.tif,Post_event/S1_DESC_20210815/600.tif,Pre_event/S2_20210804/600.tif,Post_event/S2_20210814/600.tif,Annotations/600.tif
601,test,312,6.952,15245,907,176,56,14.423,14021,2296,27,40,6.952,15245,907,176,56,14.423,14021,2296,27,40,Pre_event/S1_ASC_20210805/601.tif,Pre_event/S1_DESC_20210803/601.tif,Post_event/S1_ASC_20210817/601.tif,Post_event/S1_DESC_20210815/601.tif,Pre_event/S2_20210804/601.tif,Post_event/S2_20210814/601.tif,Annotations/601.tif
602,test,198,51.135,8006,8378,0,0,8.411,15006,445,877,56,51.135,8006,8378,0,0,8.411,15006,445,877,56,Pre_event/S1_ASC_20210805/602.tif,Pre_event/S1_DESC_20210803/602.tif,Post_event/S1_ASC_20210817/602.tif,Post_event/S1_DESC_20210815/602.tif,Pre_event/S2_20210804/602.tif,Post_event/S2_20210814/602.tif,Annotations/602.tif
603,val,659,78.369,3544,12840,0,0,8.179,15044,153,1133,54,78.369,3544,12840,0,0,8.179,15044,153,1133,54,Pre_event/S1_ASC_20210805/603.tif,Pre_event/S1_DESC_20210803/603.tif,Post_event/S1_ASC_20210817/603.tif,Post_event/S1_DESC_20210815/603.tif,Pre_event/S2_20210804/603.tif,Post_event/S2_20210814/603.tif,Annotations/603.tif
604,train,879,68.445,5170,11214,0,0,1.99,16058,22,304,0,68.445,5170,11214,0,0,1.99,16058,22,304,0,Pre_event/S1_ASC_20210805/604.tif,Pre_event/S1_DESC_20210803/604.tif,Post_event/S1_ASC_20210817/604.tif,Post_event/S1_DESC_20210815/604.tif,Pre_event/S2_20210804/604.tif,Post_event/S2_20210814/604.tif,Annotations/604.tif
605,train,1458,55.53,7286,9075,23,0,6.781,15273,665,446,0,55.53,7286,9075,23,0,6.781,15273,665,446,0,Pre_event/S1_ASC_20210805/605.tif,Pre_event/S1_DESC_20210803/605.tif,Post_event/S1_ASC_20210817/605.tif,Post_event/S1_DESC_20210815/605.tif,Pre_event/S2_20210804/605.tif,Post_event/S2_20210814/605.tif,Annotations/605.tif
606,train,1650,42.432,9432,6923,29,0,9.161,14883,747,754,0,42.432,9432,6923,29,0,9.161,14883,747,754,0,Pre_event/S1_ASC_20210805/606.tif,Pre_event/S1_DESC_20210803/606.tif,Post_event/S1_ASC_20210817/606.tif,Post_event/S1_DESC_20210815/606.tif,Pre_event/S2_20210804/606.tif,Post_event/S2_20210814/606.tif,Annotations/606.tif
607,train,867,24.628,12349,4029,6,0,3.424,15823,82,479,0,24.628,12349,4029,6,0,3.424,15823,82,479,0,Pre_event/S1_ASC_20210805/607.tif,Pre_event/S1_DESC_20210803/607.tif,Post_event/S1_ASC_20210817/607.tif,Post_event/S1_DESC_20210815/607.tif,Pre_event/S2_20210804/607.tif,Post_event/S2_20210814/607.tif,Annotations/607.tif
608,train,979,19.855,13131,3253,0,0,0.977,16224,0,160,0,19.855,13131,3253,0,0,0.977,16224,0,160,0,Pre_event/S1_ASC_20210805/608.tif,Pre_event/S1_DESC_20210803/608.tif,Post_event/S1_ASC_20210817/608.tif,Post_event/S1_DESC_20210815/608.tif,Pre_event/S2_20210804/608.tif,Post_event/S2_20210814/608.tif,Annotations/608.tif
609,test,3063,41.797,9536,6848,0,0,0.372,16323,0,61,0,41.797,9536,6848,0,0,0.372,16323,0,61,0,Pre_event/S1_ASC_20210805/609.tif,Pre_event/S1_DESC_20210803/609.tif,Post_event/S1_ASC_20210817/609.tif,Post_event/S1_DESC_20210815/609.tif,Pre_event/S2_20210804/609.tif,Post_event/S2_20210814/609.tif,Annotations/609.tif
610,train,4726,65.002,5734,10650,0,0,4.932,15576,115,693,0,65.002,5734,10650,0,0,4.932,15576,115,693,0,Pre_event/S1_ASC_20210805/610.tif,Pre_event/S1_DESC_20210803/610.tif,Post_event/S1_ASC_20210817/610.tif,Post_event/S1_DESC_20210815/610.tif,Pre_event/S2_20210804/610.tif,Post_event/S2_20210814/610.tif,Annotations/610.tif
611,train,4325,41.968,9508,6844,32,0,13.159,14228,1372,771,13,41.968,9508,6844,32,0,13.159,14228,1372,771,13,Pre_event/S1_ASC_20210805/611.tif,Pre_event/S1_DESC_20210803/611.tif,Post_event/S1_ASC_20210817/611.tif,Post_event/S1_DESC_20210815/611.tif,Pre_event/S2_20210804/611.tif,Post_event/S2_20210814/611.tif,Annotations/611.tif
612,val,3604,27.667,11851,4499,34,0,10.51,14662,1472,237,13,27.667,11851,4499,34,0,10.51,14662,1472,237,13,Pre_event/S1_ASC_20210805/612.tif,Pre_event/S1_DESC_20210803/612.tif,Post_event/S1_ASC_20210817/612.tif,Post_event/S1_DESC_20210815/612.tif,Pre_event/S2_20210804/612.tif,Post_event/S2_20210814/612.tif,Annotations/612.tif
613,train,3652,41.064,9656,6726,2,0,7.947,15082,603,699,0,41.064,9656,6726,2,0,7.947,15082,603,699,0,Pre_event/S1_ASC_20210805/613.tif,Pre_event/S1_DESC_20210803/613.tif,Post_event/S1_ASC_20210817/613.tif,Post_event/S1_DESC_20210815/613.tif,Pre_event/S2_20210804/613.tif,Post_event/S2_20210814/613.tif,Annotations/613.tif
614,test,3228,30.682,11357,4947,80,0,12.689,14305,1238,841,0,30.682,11357,4947,80,0,12.689,14305,1238,841,0,Pre_event/S1_ASC_20210805/614.tif,Pre_event/S1_DESC_20210803/614.tif,Post_event/S1_ASC_20210817/614.tif,Post_event/S1_DESC_20210815/614.tif,Pre_event/S2_20210804/614.tif,Post_event/S2_20210814/614.tif,Annotations/614.tif
615,train,1861,15.973,13767,2535,82,0,8.679,14962,965,457,0,15.973,13767,2535,82,0,8.679,14962,965,457,0,Pre_event/S1_ASC_20210805/615.tif,Pre_event/S1_DESC_20210803/615.tif,Post_event/S1_ASC_20210817/615.tif,Post_event/S1_DESC_20210815/615.tif,Pre_event/S2_20210804/615.tif,Post_event/S2_20210814/615.tif,Annotations/615.tif
616,train,1166,19.458,13196,3186,2,0,3.101,15876,284,224,0,19.458,13196,3186,2,0,3.101,15876,284,224,0,Pre_event/S1_ASC_20210805/616.tif,Pre_event/S1_DESC_20210803/616.tif,Post_event/S1_ASC_20210817/616.tif,Post_event/S1_DESC_20210815/616.tif,Pre_event/S2_20210804/616.tif,Post_event/S2_20210814/616.tif,Annotations/616.tif
617,test,1373,48.914,8370,8014,0,0,3.351,15835,477,72,0,48.914,8370,8014,0,0,3.351,15835,477,72,0,Pre_event/S1_ASC_20210805/617.tif,Pre_event/S1_DESC_20210803/617.tif,Post_event/S1_ASC_20210817/617.tif,Post_event/S1_DESC_20210815/617.tif,Pre_event/S2_20210804/617.tif,Post_event/S2_20210814/617.tif,Annotations/617.tif
618,train,2197,63.3,6013,10371,0,0,3.076,15880,360,144,0,63.3,6013,10371,0,0,3.076,15880,360,144,0,Pre_event/S1_ASC_20210805/618.tif,Pre_event/S1_DESC_20210803/618.tif,Post_event/S1_ASC_20210817/618.tif,Post_event/S1_DESC_20210815/618.tif,Pre_event/S2_20210804/618.tif,Post_event/S2_20210814/618.tif,Annotations/618.tif
619,val,1493,31.012,11303,5081,0,0,1.099,16204,52,128,0,31.012,11303,5081,0,0,1.099,16204,52,128,0,Pre_event/S1_ASC_20210805/619.tif,Pre_event/S1_DESC_20210803/619.tif,Post_event/S1_ASC_20210817/619.tif,Post_event/S1_DESC_20210815/619.tif,Pre_event/S2_20210804/619.tif,Post_event/S2_20210814/619.tif,Annotations/619.tif
620,test,2955,24.213,12417,3967,0,0,6.079,15388,910,86,0,24.213,12417,3967,0,0,6.079,15388,910,86,0,Pre_event/S1_ASC_20210805/620.tif,Pre_event/S1_DESC_20210803/620.tif,Post_event/S1_ASC_20210817/620.tif,Post_event/S1_DESC_20210815/620.tif,Pre_event/S2_20210804/620.tif,Post_event/S2_20210814/620.tif,Annotations/620.tif
621,train,5891,52.008,7863,8521,0,0,9.747,14787,1164,433,0,52.008,7863,8521,0,0,9.747,14787,1164,433,0,Pre_event/S1_ASC_20210805/621.tif,Pre_event/S1_DESC_20210803/621.tif,Post_event/S1_ASC_20210817/621.tif,Post_event/S1_DESC_20210815/621.tif,Pre_event/S2_20210804/621.tif,Post_event/S2_20210814/621.tif,Annotations/621.tif
622,train,6435,71.027,4747,11637,0,0,6.561,15309,486,589,0,71.027,4747,11637,0,0,6.561,15309,486,589,0,Pre_event/S1_ASC_20210805/622.tif,Pre_event/S1_DESC_20210803/622.tif,Post_event/S1_ASC_20210817/622.tif,Post_event/S1_DESC_20210815/622.tif,Pre_event/S2_20210804/622.tif,Post_event/S2_20210814/622.tif,Annotations/622.tif
623,train,3918,47.29,8636,7748,0,0,2.661,15948,232,204,0,47.29,8636,7748,0,0,2.661,15948,232,204,0,Pre_event/S1_ASC_20210805/623.tif,Pre_event/S1_DESC_20210803/623.tif,Post_event/S1_ASC_20210817/623.tif,Post_event/S1_DESC_20210815/623.tif,Pre_event/S2_20210804/623.tif,Post_event/S2_20210814/623.tif,Annotations/623.tif
624,train,625,19.635,13167,3217,0,0,0.024,16380,0,4,0,19.635,13167,3217,0,0,0.024,16380,0,4,0,Pre_event/S1_ASC_20210805/624.tif,Pre_event/S1_DESC_20210803/624.tif,Post_event/S1_ASC_20210817/624.tif,Post_event/S1_DESC_20210815/624.tif,Pre_event/S2_20210804/624.tif,Post_event/S2_20210814/624.tif,Annotations/624.tif
625,train,210,27.362,11901,4483,0,0,0.354,16326,0,58,0,27.362,11901,4483,0,0,0.354,16326,0,58,0,Pre_event/S1_ASC_20210805/625.tif,Pre_event/S1_DESC_20210803/625.tif,Post_event/S1_ASC_20210817/625.tif,Post_event/S1_DESC_20210815/625.tif,Pre_event/S2_20210804/625.tif,Post_event/S2_20210814/625.tif,Annotations/625.tif
626,train,960,38.794,10028,6356,0,0,1.801,16089,0,295,0,38.794,10028,6356,0,0,1.801,16089,0,295,0,Pre_event/S1_ASC_20210805/626.tif,Pre_event/S1_DESC_20210803/626.tif,Post_event/S1_ASC_20210817/626.tif,Post_event/S1_DESC_20210815/626.tif,Pre_event/S2_20210804/626.tif,Post_event/S2_20210814/626.tif,Annotations/626.tif
627,train,1194,32.77,11015,5369,0,0,1.55,16130,0,254,0,32.77,11015,5369,0,0,1.55,16130,0,254,0,Pre_event/S1_ASC_20210805/627.tif,Pre_event/S1_DESC_20210803/627.tif,Post_event/S1_ASC_20210817/627.tif,Post_event/S1_DESC_20210815/627.tif,Pre_event/S2_20210804/627.tif,Post_event/S2_20210814/627.tif,Annotations/627.tif
628,train,602,12.018,14415,1969,0,0,0.104,16367,0,17,0,12.018,14415,1969,0,0,0.104,16367,0,17,0,Pre_event/S1_ASC_20210805/628.tif,Pre_event/S1_DESC_20210803/628.tif,Post_event/S1_ASC_20210817/628.tif,Post_event/S1_DESC_20210815/628.tif,Pre_event/S2_20210804/628.tif,Post_event/S2_20210814/628.tif,Annotations/628.tif
629,train,439,2.625,15954,430,0,0,0.0,16384,0,0,0,2.625,15954,430,0,0,0.0,16384,0,0,0,Pre_event/S1_ASC_20210805/629.tif,Pre_event/S1_DESC_20210803/629.tif,Post_event/S1_ASC_20210817/629.tif,Post_event/S1_DESC_20210815/629.tif,Pre_event/S2_20210804/629.tif,Post_event/S2_20210814/629.tif,Annotations/629.tif
630,train,768,4.089,15714,670,0,0,1.105,16203,181,0,0,4.089,15714,670,0,0,1.105,16203,181,0,0,Pre_event/S1_ASC_20210805/630.tif,Pre_event/S1_DESC_20210803/630.tif,Post_event/S1_ASC_20210817/630.tif,Post_event/S1_DESC_20210815/630.tif,Pre_event/S2_20210804/630.tif,Post_event/S2_20210814/630.tif,Annotations/630.tif
631,train,835,13.995,14091,2293,0,0,1.538,16132,236,16,0,13.995,14091,2293,0,0,1.538,16132,236,16,0,Pre_event/S1_ASC_20210805/631.tif,Pre_event/S1_DESC_20210803/631.tif,Post_event/S1_ASC_20210817/631.tif,Post_event/S1_DESC_20210815/631.tif,Pre_event/S2_20210804/631.tif,Post_event/S2_20210814/631.tif,Annotations/631.tif
632,train,369,16.095,13747,2637,0,0,0.433,16313,55,16,0,16.095,13747,2637,0,0,0.433,16313,55,16,0,Pre_event/S1_ASC_20210805/632.tif,Pre_event/S1_DESC_20210803/632.tif,Post_event/S1_ASC_20210817/632.tif,Post_event/S1_DESC_20210815/632.tif,Pre_event/S2_20210804/632.tif,Post_event/S2_20210814/632.tif,Annotations/632.tif
633,train,143,17.633,13495,2889,0,0,0.165,16357,17,10,0,17.633,13495,2889,0,0,0.165,16357,17,10,0,Pre_event/S1_ASC_20210805/633.tif,Pre_event/S1_DESC_20210803/633.tif,Post_event/S1_ASC_20210817/633.tif,Post_event/S1_DESC_20210815/633.tif,Pre_event/S2_20210804/633.tif,Post_event/S2_20210814/633.tif,Annotations/633.tif
634,train,288,15.717,13809,2575,0,0,0.72,16266,86,32,0,15.717,13809,2575,0,0,0.72,16266,86,32,0,Pre_event/S1_ASC_20210805/634.tif,Pre_event/S1_DESC_20210803/634.tif,Post_event/S1_ASC_20210817/634.tif,Post_event/S1_DESC_20210815/634.tif,Pre_event/S2_20210804/634.tif,Post_event/S2_20210814/634.tif,Annotations/634.tif
635,train,205,12.695,14304,2080,0,0,0.812,16251,69,64,0,12.695,14304,2080,0,0,0.812,16251,69,64,0,Pre_event/S1_ASC_20210805/635.tif,Pre_event/S1_DESC_20210803/635.tif,Post_event/S1_ASC_20210817/635.tif,Post_event/S1_DESC_20210815/635.tif,Pre_event/S2_20210804/635.tif,Post_event/S2_20210814/635.tif,Annotations/635.tif
636,val,128,33.081,10964,5420,0,0,0.421,16315,34,35,0,33.081,10964,5420,0,0,0.421,16315,34,35,0,Pre_event/S1_ASC_20210805/636.tif,Pre_event/S1_DESC_20210803/636.tif,Post_event/S1_ASC_20210817/636.tif,Post_event/S1_DESC_20210815/636.tif,Pre_event/S2_20210804/636.tif,Post_event/S2_20210814/636.tif,Annotations/636.tif
637,train,128,33.423,10908,5476,0,0,0.183,16354,0,30,0,33.423,10908,5476,0,0,0.183,16354,0,30,0,Pre_event/S1_ASC_20210805/637.tif,Pre_event/S1_DESC_20210803/637.tif,Post_event/S1_ASC_20210817/637.tif,Post_event/S1_DESC_20210815/637.tif,Pre_event/S2_20210804/637.tif,Post_event/S2_20210814/637.tif,Annotations/637.tif
638,train,104,8.85,14934,1439,11,0,11.517,14497,1887,0,0,8.85,14934,1439,11,0,11.517,14497,1887,0,0,Pre_event/S1_ASC_20210805/638.tif,Pre_event/S1_DESC_20210803/638.tif,Post_event/S1_ASC_20210817/638.tif,Post_event/S1_DESC_20210815/638.tif,Pre_event/S2_20210804/638.tif,Post_event/S2_20210814/638.tif,Annotations/638.tif
639,train,259,5.682,15453,931,0,0,0.946,16229,11,144,0,5.682,15453,931,0,0,0.946,16229,11,144,0,Pre_event/S1_ASC_20210805/639.tif,Pre_event/S1_DESC_20210803/639.tif,Post_event/S1_ASC_20210817/639.tif,Post_event/S1_DESC_20210815/639.tif,Pre_event/S2_20210804/639.tif,Post_event/S2_20210814/639.tif,Annotations/639.tif
640,train,687,20.935,12954,3430,0,0,3.436,15821,11,552,0,20.935,12954,3430,0,0,3.436,15821,11,552,0,Pre_event/S1_ASC_20210805/640.tif,Pre_event/S1_DESC_20210803/640.tif,Post_event/S1_ASC_20210817/640.tif,Post_event/S1_DESC_20210815/640.tif,Pre_event/S2_20210804/640.tif,Post_event/S2_20210814/640.tif,Annotations/640.tif
641,train,977,40.222,9794,6590,0,0,3.912,15743,4,637,0,40.222,9794,6590,0,0,3.912,15743,4,637,0,Pre_event/S1_ASC_20210805/641.tif,Pre_event/S1_DESC_20210803/641.tif,Post_event/S1_ASC_20210817/641.tif,Post_event/S1_DESC_20210815/641.tif,Pre_event/S2_20210804/641.tif,Post_event/S2_20210814/641.tif,Annotations/641.tif
642,train,506,31.238,11266,5118,0,0,1.483,16141,4,239,0,31.238,11266,5118,0,0,1.483,16141,4,239,0,Pre_event/S1_ASC_20210805/642.tif,Pre_event/S1_DESC_20210803/642.tif,Post_event/S1_ASC_20210817/642.tif,Post_event/S1_DESC_20210815/642.tif,Pre_event/S2_20210804/642.tif,Post_event/S2_20210814/642.tif,Annotations/642.tif
643,train,252,18.42,13366,3018,0,0,1.001,16220,163,1,0,18.42,13366,3018,0,0,1.001,16220,163,1,0,Pre_event/S1_ASC_20210805/643.tif,Pre_event/S1_DESC_20210803/643.tif,Post_event/S1_ASC_20210817/643.tif,Post_event/S1_DESC_20210815/643.tif,Pre_event/S2_20210804/643.tif,Post_event/S2_20210814/643.tif,Annotations/643.tif
644,train,782,30.06,11459,4291,176,458,12.756,14294,1791,252,47,30.06,11459,4291,176,458,12.756,14294,1791,252,47,Pre_event/S1_ASC_20210805/644.tif,Pre_event/S1_DESC_20210803/644.tif,Post_event/S1_ASC_20210817/644.tif,Post_event/S1_DESC_20210815/644.tif,Pre_event/S2_20210804/644.tif,Post_event/S2_20210814/644.tif,Annotations/644.tif
645,train,911,28.394,11732,4018,176,458,12.054,14409,1657,271,47,28.394,11732,4018,176,458,12.054,14409,1657,271,47,Pre_event/S1_ASC_20210805/645.tif,Pre_event/S1_DESC_20210803/645.tif,Post_event/S1_ASC_20210817/645.tif,Post_event/S1_DESC_20210815/645.tif,Pre_event/S2_20210804/645.tif,Post_event/S2_20210814/645.tif,Annotations/645.tif
646,train,381,12.433,14347,2037,0,0,0.427,16314,29,41,0,12.433,14347,2037,0,0,0.427,16314,29,41,0,Pre_event/S1_ASC_20210805/646.tif,Pre_event/S1_DESC_20210803/646.tif,Post_event/S1_ASC_20210817/646.tif,Post_event/S1_DESC_20210815/646.tif,Pre_event/S2_20210804/646.tif,Post_event/S2_20210814/646.tif,Annotations/646.tif
647,val,236,40.668,9721,6663,0,0,2.49,15976,272,136,0,40.668,9721,6663,0,0,2.49,15976,272,136,0,Pre_event/S1_ASC_20210805/647.tif,Pre_event/S1_DESC_20210803/647.tif,Post_event/S1_ASC_20210817/647.tif,Post_event/S1_DESC_20210815/647.tif,Pre_event/S2_20210804/647.tif,Post_event/S2_20210814/647.tif,Annotations/647.tif
648,train,611,54.211,7502,8882,0,0,0.439,16312,39,33,0,54.211,7502,8882,0,0,0.439,16312,39,33,0,Pre_event/S1_ASC_20210805/648.tif,Pre_event/S1_DESC_20210803/648.tif,Post_event/S1_ASC_20210817/648.tif,Post_event/S1_DESC_20210815/648.tif,Pre_event/S2_20210804/648.tif,Post_event/S2_20210814/648.tif,Annotations/648.tif
649,train,707,45.251,8970,7414,0,0,2.228,16019,253,112,0,45.251,8970,7414,0,0,2.228,16019,253,112,0,Pre_event/S1_ASC_20210805/649.tif,Pre_event/S1_DESC_20210803/649.tif,Post_event/S1_ASC_20210817/649.tif,Post_event/S1_DESC_20210815/649.tif,Pre_event/S2_20210804/649.tif,Post_event/S2_20210814/649.tif,Annotations/649.tif
650,train,475,19.598,13173,3211,0,0,2.673,15946,318,120,0,19.598,13173,3211,0,0,2.673,15946,318,120,0,Pre_event/S1_ASC_20210805/650.tif,Pre_event/S1_DESC_20210803/650.tif,Post_event/S1_ASC_20210817/650.tif,Post_event/S1_DESC_20210815/650.tif,Pre_event/S2_20210804/650.tif,Post_event/S2_20210814/650.tif,Annotations/650.tif
651,test,143,3.754,15769,615,0,0,0.732,16264,104,16,0,3.754,15769,615,0,0,0.732,16264,104,16,0,Pre_event/S1_ASC_20210805/651.tif,Pre_event/S1_DESC_20210803/651.tif,Post_event/S1_ASC_20210817/651.tif,Post_event/S1_DESC_20210815/651.tif,Pre_event/S2_20210804/651.tif,Post_event/S2_20210814/651.tif,Annotations/651.tif
652,train,297,5.194,15533,851,0,0,0.031,16379,5,0,0,5.194,15533,851,0,0,0.031,16379,5,0,0,Pre_event/S1_ASC_20210805/652.tif,Pre_event/S1_DESC_20210803/652.tif,Post_event/S1_ASC_20210817/652.tif,Post_event/S1_DESC_20210815/652.tif,Pre_event/S2_20210804/652.tif,Post_event/S2_20210814/652.tif,Annotations/652.tif
653,train,1652,15.863,13785,2599,0,0,0.531,16297,57,30,0,15.863,13785,2599,0,0,0.531,16297,57,30,0,Pre_event/S1_ASC_20210805/653.tif,Pre_event/S1_DESC_20210803/653.tif,Post_event/S1_ASC_20210817/653.tif,Post_event/S1_DESC_20210815/653.tif,Pre_event/S2_20210804/653.tif,Post_event/S2_20210814/653.tif,Annotations/653.tif
654,test,3805,24.774,12325,4059,0,0,3.894,15746,571,67,0,24.774,12325,4059,0,0,3.894,15746,571,67,0,Pre_event/S1_ASC_20210805/654.tif,Pre_event/S1_DESC_20210803/654.tif,Post_event/S1_ASC_20210817/654.tif,Post_event/S1_DESC_20210815/654.tif,Pre_event/S2_20210804/654.tif,Post_event/S2_20210814/654.tif,Annotations/654.tif
655,train,4110,17.725,13480,2904,0,0,3.528,15806,519,59,0,17.725,13480,2904,0,0,3.528,15806,519,59,0,Pre_event/S1_ASC_20210805/655.tif,Pre_event/S1_DESC_20210803/655.tif,Post_event/S1_ASC_20210817/655.tif,Post_event/S1_DESC_20210815/655.tif,Pre_event/S2_20210804/655.tif,Post_event/S2_20210814/655.tif,Annotations/655.tif
656,train,3390,11.084,14568,1816,0,0,1.721,16102,249,33,0,11.084,14568,1816,0,0,1.721,16102,249,33,0,Pre_event/S1_ASC_20210805/656.tif,Pre_event/S1_DESC_20210803/656.tif,Post_event/S1_ASC_20210817/656.tif,Post_event/S1_DESC_20210815/656.tif,Pre_event/S2_20210804/656.tif,Post_event/S2_20210814/656.tif,Annotations/656.tif
657,train,4157,21.906,12795,3589,0,0,9.564,14817,1309,258,0,21.906,12795,3589,0,0,9.564,14817,1309,258,0,Pre_event/S1_ASC_20210805/657.tif,Pre_event/S1_DESC_20210803/657.tif,Post_event/S1_ASC_20210817/657.tif,Post_event/S1_DESC_20210815/657.tif,Pre_event/S2_20210804/657.tif,Post_event/S2_20210814/657.tif,Annotations/657.tif
658,train,3498,23.81,12483,3901,0,0,9.283,14863,1104,417,0,23.81,12483,3901,0,0,9.283,14863,1104,417,0,Pre_event/S1_ASC_20210805/658.tif,Pre_event/S1_DESC_20210803/658.tif,Post_event/S1_ASC_20210817/658.tif,Post_event/S1_DESC_20210815/658.tif,Pre_event/S2_20210804/658.tif,Post_event/S2_20210814/658.tif,Annotations/658.tif
659,val,1728,13.928,14102,2282,0,0,2.856,15916,100,368,0,13.928,14102,2282,0,0,2.856,15916,100,368,0,Pre_event/S1_ASC_20210805/659.tif,Pre_event/S1_DESC_20210803/659.tif,Post_event/S1_ASC_20210817/659.tif,Post_event/S1_DESC_20210815/659.tif,Pre_event/S2_20210804/659.tif,Post_event/S2_20210814/659.tif,Annotations/659.tif
660,train,882,12.25,14377,2007,0,0,1.819,16086,99,199,0,12.25,14377,2007,0,0,1.819,16086,99,199,0,Pre_event/S1_ASC_20210805/660.tif,Pre_event/S1_DESC_20210803/660.tif,Post_event/S1_ASC_20210817/660.tif,Post_event/S1_DESC_20210815/660.tif,Pre_event/S2_20210804/660.tif,Post_event/S2_20210814/660.tif,Annotations/660.tif
661,train,1383,35.571,10556,5825,3,0,3.644,15787,510,87,0,35.571,10556,5825,3,0,3.644,15787,510,87,0,Pre_event/S1_ASC_20210805/661.tif,Pre_event/S1_DESC_20210803/661.tif,Post_event/S1_ASC_20210817/661.tif,Post_event/S1_DESC_20210815/661.tif,Pre_event/S2_20210804/661.tif,Post_event/S2_20210814/661.tif,Annotations/661.tif
662,train,2877,53.143,7677,8704,3,0,8.771,14947,1242,195,0,53.143,7677,8704,3,0,8.771,14947,1242,195,0,Pre_event/S1_ASC_20210805/662.tif,Pre_event/S1_DESC_20210803/662.tif,Post_event/S1_ASC_20210817/662.tif,Post_event/S1_DESC_20210815/662.tif,Pre_event/S2_20210804/662.tif,Post_event/S2_20210814/662.tif,Annotations/662.tif
663,val,2296,26.874,11981,4403,0,0,8.441,15001,1232,151,0,26.874,11981,4403,0,0,8.441,15001,1232,151,0,Pre_event/S1_ASC_20210805/663.tif,Pre_event/S1_DESC_20210803/663.tif,Post_event/S1_ASC_20210817/663.tif,Post_event/S1_DESC_20210815/663.tif,Pre_event/S2_20210804/663.tif,Post_event/S2_20210814/663.tif,Annotations/663.tif
664,train,2049,21.582,12848,3536,0,0,3.314,15841,457,86,0,21.582,12848,3536,0,0,3.314,15841,457,86,0,Pre_event/S1_ASC_20210805/664.tif,Pre_event/S1_DESC_20210803/664.tif,Post_event/S1_ASC_20210817/664.tif,Post_event/S1_DESC_20210815/664.tif,Pre_event/S2_20210804/664.tif,Post_event/S2_20210814/664.tif,Annotations/664.tif
665,train,4506,62.006,6225,10159,0,0,3.766,15767,0,617,0,62.006,6225,10159,0,0,3.766,15767,0,617,0,Pre_event/S1_ASC_20210805/665.tif,Pre_event/S1_DESC_20210803/665.tif,Post_event/S1_ASC_20210817/665.tif,Post_event/S1_DESC_20210815/665.tif,Pre_event/S2_20210804/665.tif,Post_event/S2_20210814/665.tif,Annotations/665.tif
666,train,5013,79.175,3412,12972,0,0,5.231,15527,121,736,0,79.175,3412,12972,0,0,5.231,15527,121,736,0,Pre_event/S1_ASC_20210805/666.tif,Pre_event/S1_DESC_20210803/666.tif,Post_event/S1_ASC_20210817/666.tif,Post_event/S1_DESC_20210815/666.tif,Pre_event/S2_20210804/666.tif,Post_event/S2_20210814/666.tif,Annotations/666.tif
667,val,2698,40.155,9805,6579,0,0,1.733,16100,121,163,0,40.155,9805,6579,0,0,1.733,16100,121,163,0,Pre_event/S1_ASC_20210805/667.tif,Pre_event/S1_DESC_20210803/667.tif,Post_event/S1_ASC_20210817/667.tif,Post_event/S1_DESC_20210815/667.tif,Pre_event/S2_20210804/667.tif,Post_event/S2_20210814/667.tif,Annotations/667.tif
668,train,719,4.413,15661,723,0,0,0.0,16384,0,0,0,4.413,15661,723,0,0,0.0,16384,0,0,0,Pre_event/S1_ASC_20210805/668.tif,Pre_event/S1_DESC_20210803/668.tif,Post_event/S1_ASC_20210817/668.tif,Post_event/S1_DESC_20210815/668.tif,Pre_event/S2_20210804/668.tif,Post_event/S2_20210814/668.tif,Annotations/668.tif
669,val,533,14.124,14070,2314,0,0,1.447,16147,0,237,0,14.124,14070,2314,0,0,1.447,16147,0,237,0,Pre_event/S1_ASC_20210805/669.tif,Pre_event/S1_DESC_20210803/669.tif,Post_event/S1_ASC_20210817/669.tif,Post_event/S1_DESC_20210815/669.tif,Pre_event/S2_20210804/669.tif,Post_event/S2_20210814/669.tif,Annotations/669.tif
670,train,1299,31.854,11165,5219,0,0,1.587,16124,0,260,0,31.854,11165,5219,0,0,1.587,16124,0,260,0,Pre_event/S1_ASC_20210805/670.tif,Pre_event/S1_DESC_20210803/670.tif,Post_event/S1_ASC_20210817/670.tif,Post_event/S1_DESC_20210815/670.tif,Pre_event/S2_20210804/670.tif,Post_event/S2_20210814/670.tif,Annotations/670.tif
671,train,1042,22.296,12731,3653,0,0,0.14,16361,0,23,0,22.296,12731,3653,0,0,0.14,16361,0,23,0,Pre_event/S1_ASC_20210805/671.tif,Pre_event/S1_DESC_20210803/671.tif,Post_event/S1_ASC_20210817/671.tif,Post_event/S1_DESC_20210815/671.tif,Pre_event/S2_20210804/671.tif,Post_event/S2_20210814/671.tif,Annotations/671.tif
672,train,416,4.565,15636,748,0,0,0.0,16384,0,0,0,4.565,15636,748,0,0,0.0,16384,0,0,0,Pre_event/S1_ASC_20210805/672.tif,Pre_event/S1_DESC_20210803/672.tif,Post_event/S1_ASC_20210817/672.tif,Post_event/S1_DESC_20210815/672.tif,Pre_event/S2_20210804/672.tif,Post_event/S2_20210814/672.tif,Annotations/672.tif
673,train,1002,1.929,16068,316,0,0,1.105,16203,181,0,0,1.929,16068,316,0,0,1.105,16203,181,0,0,Pre_event/S1_ASC_20210805/673.tif,Pre_event/S1_DESC_20210803/673.tif,Post_event/S1_ASC_20210817/673.tif,Post_event/S1_DESC_20210815/673.tif,Pre_event/S2_20210804/673.tif,Post_event/S2_20210814/673.tif,Annotations/673.tif
674,train,1170,15.979,13766,2618,0,0,1.422,16151,196,37,0,15.979,13766,2618,0,0,1.422,16151,196,37,0,Pre_event/S1_ASC_20210805/674.tif,Pre_event/S1_DESC_20210803/674.tif,Post_event/S1_ASC_20210817/674.tif,Post_event/S1_DESC_20210815/674.tif,Pre_event/S2_20210804/674.tif,Post_event/S2_20210814/674.tif,Annotations/674.tif
675,train,308,20.624,13005,3379,0,0,0.696,16270,15,99,0,20.624,13005,3379,0,0,0.696,16270,15,99,0,Pre_event/S1_ASC_20210805/675.tif,Pre_event/S1_DESC_20210803/675.tif,Post_event/S1_ASC_20210817/675.tif,Post_event/S1_DESC_20210815/675.tif,Pre_event/S2_20210804/675.tif,Post_event/S2_20210814/675.tif,Annotations/675.tif
676,train,214,11.603,14483,1901,0,0,1.093,16205,179,0,0,11.603,14483,1901,0,0,1.093,16205,179,0,0,Pre_event/S1_ASC_20210805/676.tif,Pre_event/S1_DESC_20210803/676.tif,Post_event/S1_ASC_20210817/676.tif,Post_event/S1_DESC_20210815/676.tif,Pre_event/S2_20210804/676.tif,Post_event/S2_20210814/676.tif,Annotations/676.tif
677,test,241,11.273,14537,1847,0,0,0.891,16238,104,42,0,11.273,14537,1847,0,0,0.891,16238,104,42,0,Pre_event/S1_ASC_20210805/677.tif,Pre_event/S1_DESC_20210803/677.tif,Post_event/S1_ASC_20210817/677.tif,Post_event/S1_DESC_20210815/677.tif,Pre_event/S2_20210804/677.tif,Post_event/S2_20210814/677.tif,Annotations/677.tif
678,train,128,16.797,13632,2752,0,0,0.165,16357,27,0,0,16.797,13632,2752,0,0,0.165,16357,27,0,0,Pre_event/S1_ASC_20210805/678.tif,Pre_event/S1_DESC_20210803/678.tif,Post_event/S1_ASC_20210817/678.tif,Post_event/S1_DESC_20210815/678.tif,Pre_event/S2_20210804/678.tif,Post_event/S2_20210814/678.tif,Annotations/678.tif
679,train,128,29.474,11555,4829,0,0,0.043,16377,0,7,0,29.474,11555,4829,0,0,0.043,16377,0,7,0,Pre_event/S1_ASC_20210805/679.tif,Pre_event/S1_DESC_20210803/679.tif,Post_event/S1_ASC_20210817/679.tif,Post_event/S1_DESC_20210815/679.tif,Pre_event/S2_20210804/679.tif,Post_event/S2_20210814/679.tif,Annotations/679.tif
680,train,105,10.04,14739,1616,29,0,11.713,14465,1873,46,0,10.04,14739,1616,29,0,11.713,14465,1873,46,0,Pre_event/S1_ASC_20210805/680.tif,Pre_event/S1_DESC_20210803/680.tif,Post_event/S1_ASC_20210817/680.tif,Post_event/S1_DESC_20210815/680.tif,Pre_event/S2_20210804/680.tif,Post_event/S2_20210814/680.tif,Annotations/680.tif
681,train,233,10.248,14705,1679,0,0,5.762,15440,580,364,0,10.248,14705,1679,0,0,5.762,15440,580,364,0,Pre_event/S1_ASC_20210805/681.tif,Pre_event/S1_DESC_20210803/681.tif,Post_event/S1_ASC_20210817/681.tif,Post_event/S1_DESC_20210815/681.tif,Pre_event/S2_20210804/681.tif,Post_event/S2_20210814/681.tif,Annotations/681.tif
682,test,141,8.374,15012,1372,0,0,3.448,15819,203,362,0,8.374,15012,1372,0,0,3.448,15819,203,362,0,Pre_event/S1_ASC_20210805/682.tif,Pre_event/S1_DESC_20210803/682.tif,Post_event/S1_ASC_20210817/682.tif,Post_event/S1_DESC_20210815/682.tif,Pre_event/S2_20210804/682.tif,Post_event/S2_20210814/682.tif,Annotations/682.tif
683,train,235,14.014,14088,2296,0,0,1.294,16172,0,212,0,14.014,14088,2296,0,0,1.294,16172,0,212,0,Pre_event/S1_ASC_20210805/683.tif,Pre_event/S1_DESC_20210803/683.tif,Post_event/S1_ASC_20210817/683.tif,Post_event/S1_DESC_20210815/683.tif,Pre_event/S2_20210804/683.tif,Post_event/S2_20210814/683.tif,Annotations/683.tif
684,train,235,18.317,13383,3001,0,0,1.355,16162,0,222,0,18.317,13383,3001,0,0,1.355,16162,0,222,0,Pre_event/S1_ASC_20210805/684.tif,Pre_event/S1_DESC_20210803/684.tif,Post_event/S1_ASC_20210817/684.tif,Post_event/S1_DESC_20210815/684.tif,Pre_event/S2_20210804/684.tif,Post_event/S2_20210814/684.tif,Annotations/684.tif
685,train,470,28.754,11673,4309,0,402,2.35,15999,124,254,7,28.754,11673,4309,0,402,2.35,15999,124,254,7,Pre_event/S1_ASC_20210805/685.tif,Pre_event/S1_DESC_20210803/685.tif,Post_event/S1_ASC_20210817/685.tif,Post_event/S1_DESC_20210815/685.tif,Pre_event/S2_20210804/685.tif,Post_event/S2_20210814/685.tif,Annotations/685.tif
686,train,1102,31.152,11280,4702,0,402,3.052,15884,129,364,7,31.152,11280,4702,0,402,3.052,15884,129,364,7,Pre_event/S1_ASC_20210805/686.tif,Pre_event/S1_DESC_20210803/686.tif,Post_event/S1_ASC_20210817/686.tif,Post_event/S1_DESC_20210815/686.tif,Pre_event/S2_20210804/686.tif,Post_event/S2_20210814/686.tif,Annotations/686.tif
687,train,672,14.716,13973,2411,0,0,0.909,16235,15,134,0,14.716,13973,2411,0,0,0.909,16235,15,134,0,Pre_event/S1_ASC_20210805/687.tif,Pre_event/S1_DESC_20210803/687.tif,Post_event/S1_ASC_20210817/687.tif,Post_event/S1_DESC_20210815/687.tif,Pre_event/S2_20210804/687.tif,Post_event/S2_20210814/687.tif,Annotations/687.tif
688,train,233,12.665,14309,2062,13,0,5.182,15535,789,60,0,12.665,14309,2062,13,0,5.182,15535,789,60,0,Pre_event/S1_ASC_20210805/688.tif,Pre_event/S1_DESC_20210803/688.tif,Post_event/S1_ASC_20210817/688.tif,Post_event/S1_DESC_20210815/688.tif,Pre_event/S2_20210804/688.tif,Post_event/S2_20210814/688.tif,Annotations/688.tif
689,train,261,11.133,14560,1824,0,0,4.639,15624,700,60,0,11.133,14560,1824,0,0,4.639,15624,700,60,0,Pre_event/S1_ASC_20210805/689.tif,Pre_event/S1_DESC_20210803/689.tif,Post_event/S1_ASC_20210817/689.tif,Post_event/S1_DESC_20210815/689.tif,Pre_event/S2_20210804/689.tif,Post_event/S2_20210814/689.tif,Annotations/689.tif
690,val,481,2.338,16001,383,0,0,1.245,16180,204,0,0,2.338,16001,383,0,0,1.245,16180,204,0,0,Pre_event/S1_ASC_20210805/690.tif,Pre_event/S1_DESC_20210803/690.tif,Post_event/S1_ASC_20210817/690.tif,Post_event/S1_DESC_20210815/690.tif,Pre_event/S2_20210804/690.tif,Post_event/S2_20210814/690.tif,Annotations/690.tif
691,val,769,1.471,16143,241,0,0,0.348,16327,57,0,0,1.471,16143,241,0,0,0.348,16327,57,0,0,Pre_event/S1_ASC_20210805/691.tif,Pre_event/S1_DESC_20210803/691.tif,Post_event/S1_ASC_20210817/691.tif,Post_event/S1_DESC_20210815/691.tif,Pre_event/S2_20210804/691.tif,Post_event/S2_20210814/691.tif,Annotations/691.tif
692,test,2297,1.324,16167,214,3,0,6.329,15347,1037,0,0,1.324,16167,214,3,0,6.329,15347,1037,0,0,Pre_event/S1_ASC_20210805/692.tif,Pre_event/S1_DESC_20210803/692.tif,Post_event/S1_ASC_20210817/692.tif,Post_event/S1_DESC_20210815/692.tif,Pre_event/S2_20210804/692.tif,Post_event/S2_20210814/692.tif,Annotations/692.tif
693,test,2714,7.812,15104,1277,3,0,6.195,15369,985,30,0,7.812,15104,1277,3,0,6.195,15369,985,30,0,Pre_event/S1_ASC_20210805/693.tif,Pre_event/S1_DESC_20210803/693.tif,Post_event/S1_ASC_20210817/693.tif,Post_event/S1_DESC_20210815/693.tif,Pre_event/S2_20210804/693.tif,Post_event/S2_20210814/693.tif,Annotations/693.tif
694,train,1904,10.895,14599,1785,0,0,1.715,16103,249,32,0,10.895,14599,1785,0,0,1.715,16103,249,32,0,Pre_event/S1_ASC_20210805/694.tif,Pre_event/S1_DESC_20210803/694.tif,Post_event/S1_ASC_20210817/694.tif,Post_event/S1_DESC_20210815/694.tif,Pre_event/S2_20210804/694.tif,Post_event/S2_20210814/694.tif,Annotations/694.tif
695,train,3360,6.158,15375,1009,0,0,6.61,15301,1064,19,0,6.158,15375,1009,0,0,6.61,15301,1064,19,0,Pre_event/S1_ASC_20210805/695.tif,Pre_event/S1_DESC_20210803/695.tif,Post_event/S1_ASC_20210817/695.tif,Post_event/S1_DESC_20210815/695.tif,Pre_event/S2_20210804/695.tif,Post_event/S2_20210814/695.tif,Annotations/695.tif
696,train,3770,3.522,15807,577,0,0,8.954,14917,1437,30,0,3.522,15807,577,0,0,8.954,14917,1437,30,0,Pre_event/S1_ASC_20210805/696.tif,Pre_event/S1_DESC_20210803/696.tif,Post_event/S1_ASC_20210817/696.tif,Post_event/S1_DESC_20210815/696.tif,Pre_event/S2_20210804/696.tif,Post_event/S2_20210814/696.tif,Annotations/696.tif
697,train,2606,1.123,16200,156,28,0,13.763,14129,2242,13,0,1.123,16200,156,28,0,13.763,14129,2242,13,0,Pre_event/S1_ASC_20210805/697.tif,Pre_event/S1_DESC_20210803/697.tif,Post_event/S1_ASC_20210817/697.tif,Post_event/S1_DESC_20210815/697.tif,Pre_event/S2_20210804/697.tif,Post_event/S2_20210814/697.tif,Annotations/697.tif
698,train,1439,0.311,16333,20,31,0,11.395,14517,1865,2,0,0.311,16333,20,31,0,11.395,14517,1865,2,0,Pre_event/S1_ASC_20210805/698.tif,Pre_event/S1_DESC_20210803/698.tif,Post_event/S1_ASC_20210817/698.tif,Post_event/S1_DESC_20210815/698.tif,Pre_event/S2_20210804/698.tif,Post_event/S2_20210814/698.tif,Annotations/698.tif
699,train,2183,13.867,14112,2266,6,0,6.213,15366,955,63,0,13.867,14112,2266,6,0,6.213,15366,955,63,0,Pre_event/S1_ASC_20210805/699.tif,Pre_event/S1_DESC_20210803/699.tif,Post_event/S1_ASC_20210817/699.tif,Post_event/S1_DESC_20210815/699.tif,Pre_event/S2_20210804/699.tif,Post_event/S2_20210814/699.tif,Annotations/699.tif
700,train,4222,27.6,11862,4519,3,0,22.467,12703,3542,139,0,27.6,11862,4519,3,0,22.467,12703,3542,139,0,Pre_event/S1_ASC_20210805/700.tif,Pre_event/S1_DESC_20210803/700.tif,Post_event/S1_ASC_20210817/700.tif,Post_event/S1_DESC_20210815/700.tif,Pre_event/S2_20210804/700.tif,Post_event/S2_20210814/700.tif,Annotations/700.tif
701,test,3793,13.812,14121,2263,0,0,25.098,12272,4034,78,0,13.812,14121,2263,0,0,25.098,12272,4034,78,0,Pre_event/S1_ASC_20210805/701.tif,Pre_event/S1_DESC_20210803/701.tif,Post_event/S1_ASC_20210817/701.tif,Post_event/S1_DESC_20210815/701.tif,Pre_event/S2_20210804/701.tif,Post_event/S2_20210814/701.tif,Annotations/701.tif
702,train,1771,2.637,15952,432,0,0,9.43,14839,1545,0,0,2.637,15952,432,0,0,9.43,14839,1545,0,0,Pre_event/S1_ASC_20210805/702.tif,Pre_event/S1_DESC_20210803/702.tif,Post_event/S1_ASC_20210817/702.tif,Post_event/S1_DESC_20210815/702.tif,Pre_event/S2_20210804/702.tif,Post_event/S2_20210814/702.tif,Annotations/702.tif
703,train,1813,21.069,12932,3452,0,0,4.706,15613,587,184,0,21.069,12932,3452,0,0,4.706,15613,587,184,0,Pre_event/S1_ASC_20210805/703.tif,Pre_event/S1_DESC_20210803/703.tif,Post_event/S1_ASC_20210817/703.tif,Post_event/S1_DESC_20210815/703.tif,Pre_event/S2_20210804/703.tif,Post_event/S2_20210814/703.tif,Annotations/703.tif
704,train,2251,35.443,10577,5807,0,0,3.595,15795,388,201,0,35.443,10577,5807,0,0,3.595,15795,388,201,0,Pre_event/S1_ASC_20210805/704.tif,Pre_event/S1_DESC_20210803/704.tif,Post_event/S1_ASC_20210817/704.tif,Post_event/S1_DESC_20210815/704.tif,Pre_event/S2_20210804/704.tif,Post_event/S2_20210814/704.tif,Annotations/704.tif
705,train,1846,19.708,13155,3229,0,0,0.983,16223,144,17,0,19.708,13155,3229,0,0,0.983,16223,144,17,0,Pre_event/S1_ASC_20210805/705.tif,Pre_event/S1_DESC_20210803/705.tif,Post_event/S1_ASC_20210817/705.tif,Post_event/S1_DESC_20210815/705.tif,Pre_event/S2_20210804/705.tif,Post_event/S2_20210814/705.tif,Annotations/705.tif
706,train,995,5.786,15436,948,0,0,0.159,16358,0,26,0,5.786,15436,948,0,0,0.159,16358,0,26,0,Pre_event/S1_ASC_20210805/706.tif,Pre_event/S1_DESC_20210803/706.tif,Post_event/S1_ASC_20210817/706.tif,Post_event/S1_DESC_20210815/706.tif,Pre_event/S2_20210804/706.tif,Post_event/S2_20210814/706.tif,Annotations/706.tif
707,test,369,8.563,14981,1403,0,0,0.037,16378,0,6,0,8.563,14981,1403,0,0,0.037,16378,0,6,0,Pre_event/S1_ASC_20210805/707.tif,Pre_event/S1_DESC_20210803/707.tif,Post_event/S1_ASC_20210817/707.tif,Post_event/S1_DESC_20210815/707.tif,Pre_event/S2_20210804/707.tif,Post_event/S2_20210814/707.tif,Annotations/707.tif
708,train,558,11.407,14515,1869,0,0,0.037,16378,0,6,0,11.407,14515,1869,0,0,0.037,16378,0,6,0,Pre_event/S1_ASC_20210805/708.tif,Pre_event/S1_DESC_20210803/708.tif,Post_event/S1_ASC_20210817/708.tif,Post_event/S1_DESC_20210815/708.tif,Pre_event/S2_20210804/708.tif,Post_event/S2_20210814/708.tif,Annotations/708.tif
709,train,189,2.863,15915,469,0,0,0.0,16384,0,0,0,2.863,15915,469,0,0,0.0,16384,0,0,0,Pre_event/S1_ASC_20210805/709.tif,Pre_event/S1_DESC_20210803/709.tif,Post_event/S1_ASC_20210817/709.tif,Post_event/S1_DESC_20210815/709.tif,Pre_event/S2_20210804/709.tif,Post_event/S2_20210814/709.tif,Annotations/709.tif
710,val,480,2.008,16055,329,0,0,0.0,16384,0,0,0,2.008,16055,329,0,0,0.0,16384,0,0,0,Pre_event/S1_ASC_20210805/710.tif,Pre_event/S1_DESC_20210803/710.tif,Post_event/S1_ASC_20210817/710.tif,Post_event/S1_DESC_20210815/710.tif,Pre_event/S2_20210804/710.tif,Post_event/S2_20210814/710.tif,Annotations/710.tif
711,test,796,9.161,14883,1501,0,0,2.344,16000,363,21,0,9.161,14883,1501,0,0,2.344,16000,363,21,0,Pre_event/S1_ASC_20210805/711.tif,Pre_event/S1_DESC_20210803/711.tif,Post_event/S1_ASC_20210817/711.tif,Post_event/S1_DESC_20210815/711.tif,Pre_event/S2_20210804/711.tif,Post_event/S2_20210814/711.tif,Annotations/711.tif
712,test,417,12.415,14350,2034,0,0,2.899,15909,392,83,0,12.415,14350,2034,0,0,2.899,15909,392,83,0,Pre_event/S1_ASC_20210805/712.tif,Pre_event/S1_DESC_20210803/712.tif,Post_event/S1_ASC_20210817/712.tif,Post_event/S1_DESC_20210815/712.tif,Pre_event/S2_20210804/712.tif,Post_event/S2_20210814/712.tif,Annotations/712.tif
713,train,147,8.954,14917,1467,0,0,1.013,16218,104,62,0,8.954,14917,1467,0,0,1.013,16218,104,62,0,Pre_event/S1_ASC_20210805/713.tif,Pre_event/S1_DESC_20210803/713.tif,Post_event/S1_ASC_20210817/713.tif,Post_event/S1_DESC_20210815/713.tif,Pre_event/S2_20210804/713.tif,Post_event/S2_20210814/713.tif,Annotations/713.tif
714,train,144,1.08,16207,177,0,0,4.089,15714,670,0,0,1.08,16207,177,0,0,4.089,15714,670,0,0,Pre_event/S1_ASC_20210805/714.tif,Pre_event/S1_DESC_20210803/714.tif,Post_event/S1_ASC_20210817/714.tif,Post_event/S1_DESC_20210815/714.tif,Pre_event/S2_20210804/714.tif,Post_event/S2_20210814/714.tif,Annotations/714.tif
715,train,173,2.264,16013,371,0,0,4.095,15713,671,0,0,2.264,16013,371,0,0,4.095,15713,671,0,0,Pre_event/S1_ASC_20210805/715.tif,Pre_event/S1_DESC_20210803/715.tif,Post_event/S1_ASC_20210817/715.tif,Post_event/S1_DESC_20210815/715.tif,Pre_event/S2_20210804/715.tif,Post_event/S2_20210814/715.tif,Annotations/715.tif
716,train,291,6.482,15322,1062,0,0,2.777,15929,362,93,0,6.482,15322,1062,0,0,2.777,15929,362,93,0,Pre_event/S1_ASC_20210805/716.tif,Pre_event/S1_DESC_20210803/716.tif,Post_event/S1_ASC_20210817/716.tif,Post_event/S1_DESC_20210815/716.tif,Pre_event/S2_20210804/716.tif,Post_event/S2_20210814/716.tif,Annotations/716.tif
717,train,331,6.299,15352,1032,0,0,3.333,15838,453,93,0,6.299,15352,1032,0,0,3.333,15838,453,93,0,Pre_event/S1_ASC_20210805/717.tif,Pre_event/S1_DESC_20210803/717.tif,Post_event/S1_ASC_20210817/717.tif,Post_event/S1_DESC_20210815/717.tif,Pre_event/S2_20210804/717.tif,Post_event/S2_20210814/717.tif,Annotations/717.tif
718,val,233,16.388,13699,2668,17,0,3.778,15765,538,81,0,16.388,13699,2668,17,0,3.778,15765,538,81,0,Pre_event/S1_ASC_20210805/718.tif,Pre_event/S1_DESC_20210803/718.tif,Post_event/S1_ASC_20210817/718.tif,Post_event/S1_DESC_20210815/718.tif,Pre_event/S2_20210804/718.tif,Post_event/S2_20210814/718.tif,Annotations/718.tif
719,train,314,14.569,13997,2383,4,0,4.962,15571,732,81,0,14.569,13997,2383,4,0,4.962,15571,732,81,0,Pre_event/S1_ASC_20210805/719.tif,Pre_event/S1_DESC_20210803/719.tif,Post_event/S1_ASC_20210817/719.tif,Post_event/S1_DESC_20210815/719.tif,Pre_event/S2_20210804/719.tif,Post_event/S2_20210814/719.tif,Annotations/719.tif
720,test,424,2.307,16006,378,0,0,1.636,16116,268,0,0,2.307,16006,378,0,0,1.636,16116,268,0,0,Pre_event/S1_ASC_20210805/720.tif,Pre_event/S1_DESC_20210803/720.tif,Post_event/S1_ASC_20210817/720.tif,Post_event/S1_DESC_20210815/720.tif,Pre_event/S2_20210804/720.tif,Post_event/S2_20210814/720.tif,Annotations/720.tif
721,train,416,3.442,15820,564,0,0,0.708,16268,116,0,0,3.442,15820,564,0,0,0.708,16268,116,0,0,Pre_event/S1_ASC_20210805/721.tif,Pre_event/S1_DESC_20210803/721.tif,Post_event/S1_ASC_20210817/721.tif,Post_event/S1_DESC_20210815/721.tif,Pre_event/S2_20210804/721.tif,Post_event/S2_20210814/721.tif,Annotations/721.tif
722,val,857,8.374,15012,1369,3,0,4.254,15687,697,0,0,8.374,15012,1369,3,0,4.254,15687,697,0,0,Pre_event/S1_ASC_20210805/722.tif,Pre_event/S1_DESC_20210803/722.tif,Post_event/S1_ASC_20210817/722.tif,Post_event/S1_DESC_20210815/722.tif,Pre_event/S2_20210804/722.tif,Post_event/S2_20210814/722.tif,Annotations/722.tif
723,train,1406,12.994,14255,2126,3,0,3.717,15775,590,19,0,12.994,14255,2126,3,0,3.717,15775,590,19,0,Pre_event/S1_ASC_20210805/723.tif,Pre_event/S1_DESC_20210803/723.tif,Post_event/S1_ASC_20210817/723.tif,Post_event/S1_DESC_20210815/723.tif,Pre_event/S2_20210804/723.tif,Post_event/S2_20210814/723.tif,Annotations/723.tif
724,test,1712,11.945,14427,1957,0,0,0.171,16356,9,19,0,11.945,14427,1957,0,0,0.171,16356,9,19,0,Pre_event/S1_ASC_20210805/724.tif,Pre_event/S1_DESC_20210803/724.tif,Post_event/S1_ASC_20210817/724.tif,Post_event/S1_DESC_20210815/724.tif,Pre_event/S2_20210804/724.tif,Post_event/S2_20210814/724.tif,Annotations/724.tif
725,val,2456,15.43,13856,2523,5,0,2.197,16024,210,150,0,15.43,13856,2523,5,0,2.197,16024,210,150,0,Pre_event/S1_ASC_20210805/725.tif,Pre_event/S1_DESC_20210803/725.tif,Post_event/S1_ASC_20210817/725.tif,Post_event/S1_DESC_20210815/725.tif,Pre_event/S2_20210804/725.tif,Post_event/S2_20210814/725.tif,Annotations/725.tif
726,val,3792,12.86,14277,2095,12,0,8.569,14980,1192,212,0,12.86,14277,2095,12,0,8.569,14980,1192,212,0,Pre_event/S1_ASC_20210805/726.tif,Pre_event/S1_DESC_20210803/726.tif,Post_event/S1_ASC_20210817/726.tif,Post_event/S1_DESC_20210815/726.tif,Pre_event/S2_20210804/726.tif,Post_event/S2_20210814/726.tif,Annotations/726.tif
727,train,3268,8.398,15008,1341,35,0,20.026,13103,3155,126,0,8.398,15008,1341,35,0,20.026,13103,3155,126,0,Pre_event/S1_ASC_20210805/727.tif,Pre_event/S1_DESC_20210803/727.tif,Post_event/S1_ASC_20210817/727.tif,Post_event/S1_DESC_20210815/727.tif,Pre_event/S2_20210804/727.tif,Post_event/S2_20210814/727.tif,Annotations/727.tif
728,train,1931,6.403,15335,1016,33,0,21.844,12805,3497,82,0,6.403,15335,1016,33,0,21.844,12805,3497,82,0,Pre_event/S1_ASC_20210805/728.tif,Pre_event/S1_DESC_20210803/728.tif,Post_event/S1_ASC_20210817/728.tif,Post_event/S1_DESC_20210815/728.tif,Pre_event/S2_20210804/728.tif,Post_event/S2_20210814/728.tif,Annotations/728.tif
729,train,2682,4.913,15579,800,5,0,13.031,14249,2117,18,0,4.913,15579,800,5,0,13.031,14249,2117,18,0,Pre_event/S1_ASC_20210805/729.tif,Pre_event/S1_DESC_20210803/729.tif,Post_event/S1_ASC_20210817/729.tif,Post_event/S1_DESC_20210815/729.tif,Pre_event/S2_20210804/729.tif,Post_event/S2_20210814/729.tif,Annotations/729.tif
730,val,3772,18.866,13293,3091,0,0,19.244,13231,3069,84,0,18.866,13293,3091,0,0,19.244,13231,3069,84,0,Pre_event/S1_ASC_20210805/730.tif,Pre_event/S1_DESC_20210803/730.tif,Post_event/S1_ASC_20210817/730.tif,Post_event/S1_DESC_20210815/730.tif,Pre_event/S2_20210804/730.tif,Post_event/S2_20210814/730.tif,Annotations/730.tif
731,val,5082,14.893,13944,2440,0,0,19.916,13121,3175,88,0,14.893,13944,2440,0,0,19.916,13121,3175,88,0,Pre_event/S1_ASC_20210805/731.tif,Pre_event/S1_DESC_20210803/731.tif,Post_event/S1_ASC_20210817/731.tif,Post_event/S1_DESC_20210815/731.tif,Pre_event/S2_20210804/731.tif,Post_event/S2_20210814/731.tif,Annotations/731.tif
732,train,4296,1.636,16116,268,0,0,10.742,14624,1754,6,0,1.636,16116,268,0,0,10.742,14624,1754,6,0,Pre_event/S1_ASC_20210805/732.tif,Pre_event/S1_DESC_20210803/732.tif,Post_event/S1_ASC_20210817/732.tif,Post_event/S1_DESC_20210815/732.tif,Pre_event/S2_20210804/732.tif,Post_event/S2_20210814/732.tif,Annotations/732.tif
733,val,1905,0.922,16233,151,0,0,6.787,15272,1110,2,0,0.922,16233,151,0,0,6.787,15272,1110,2,0,Pre_event/S1_ASC_20210805/733.tif,Pre_event/S1_DESC_20210803/733.tif,Post_event/S1_ASC_20210817/733.tif,Post_event/S1_DESC_20210815/733.tif,Pre_event/S2_20210804/733.tif,Post_event/S2_20210814/733.tif,Annotations/733.tif
734,train,873,8.911,14924,1460,0,0,2.332,16002,375,7,0,8.911,14924,1460,0,0,2.332,16002,375,7,0,Pre_event/S1_ASC_20210805/734.tif,Pre_event/S1_DESC_20210803/734.tif,Post_event/S1_ASC_20210817/734.tif,Post_event/S1_DESC_20210815/734.tif,Pre_event/S2_20210804/734.tif,Post_event/S2_20210814/734.tif,Annotations/734.tif
735,train,1729,13.818,14120,2264,0,0,1.843,16082,291,11,0,13.818,14120,2264,0,0,1.843,16082,291,11,0,Pre_event/S1_ASC_20210805/735.tif,Pre_event/S1_DESC_20210803/735.tif,Post_event/S1_ASC_20210817/735.tif,Post_event/S1_DESC_20210815/735.tif,Pre_event/S2_20210804/735.tif,Post_event/S2_20210814/735.tif,Annotations/735.tif
736,test,1387,8.081,15060,1324,0,0,1.227,16183,171,30,0,8.081,15060,1324,0,0,1.227,16183,171,30,0,Pre_event/S1_ASC_20210805/736.tif,Pre_event/S1_DESC_20210803/736.tif,Post_event/S1_ASC_20210817/736.tif,Post_event/S1_DESC_20210815/736.tif,Pre_event/S2_20210804/736.tif,Post_event/S2_20210814/736.tif,Annotations/736.tif
737,train,158,3.18,15863,521,0,0,0.0,16384,0,0,0,3.18,15863,521,0,0,0.0,16384,0,0,0,Pre_event/S1_ASC_20210805/737.tif,Pre_event/S1_DESC_20210803/737.tif,Post_event/S1_ASC_20210817/737.tif,Post_event/S1_DESC_20210815/737.tif,Pre_event/S2_20210804/737.tif,Post_event/S2_20210814/737.tif,Annotations/737.tif
738,train,150,11.163,14555,1829,0,0,0.0,16384,0,0,0,11.163,14555,1829,0,0,0.0,16384,0,0,0,Pre_event/S1_ASC_20210805/738.tif,Pre_event/S1_DESC_20210803/738.tif,Post_event/S1_ASC_20210817/738.tif,Post_event/S1_DESC_20210815/738.tif,Pre_event/S2_20210804/738.tif,Post_event/S2_20210814/738.tif,Annotations/738.tif
739,train,258,8.051,15065,1319,0,0,2.216,16021,363,0,0,8.051,15065,1319,0,0,2.216,16021,363,0,0,Pre_event/S1_ASC_20210805/739.tif,Pre_event/S1_DESC_20210803/739.tif,Post_event/S1_ASC_20210817/739.tif,Post_event/S1_DESC_20210815/739.tif,Pre_event/S2_20210804/739.tif,Post_event/S2_20210814/739.tif,Annotations/739.tif
740,train,594,14.166,14063,2321,0,0,2.728,15937,392,55,0,14.166,14063,2321,0,0,2.728,15937,392,55,0,Pre_event/S1_ASC_20210805/740.tif,Pre_event/S1_DESC_20210803/740.tif,Post_event/S1_ASC_20210817/740.tif,Post_event/S1_DESC_20210815/740.tif,Pre_event/S2_20210804/740.tif,Post_event/S2_20210814/740.tif,Annotations/740.tif
741,test,433,12.244,14378,2006,0,0,0.513,16300,29,55,0,12.244,14378,2006,0,0,0.513,16300,29,55,0,Pre_event/S1_ASC_20210805/741.tif,Pre_event/S1_DESC_20210803/741.tif,Post_event/S1_ASC_20210817/741.tif,Post_event/S1_DESC_20210815/741.tif,Pre_event/S2_20210804/741.tif,Post_event/S2_20210814/741.tif,Annotations/741.tif
742,val,103,3.162,15866,518,0,0,0.0,16384,0,0,0,3.162,15866,518,0,0,0.0,16384,0,0,0,Pre_event/S1_ASC_20210805/742.tif,Pre_event/S1_DESC_20210803/742.tif,Post_event/S1_ASC_20210817/742.tif,Post_event/S1_DESC_20210815/742.tif,Pre_event/S2_20210804/742.tif,Post_event/S2_20210814/742.tif,Annotations/742.tif
743,train,112,23.651,12509,3875,0,0,0.47,16307,0,77,0,23.651,12509,3875,0,0,0.47,16307,0,77,0,Pre_event/S1_ASC_20210805/743.tif,Pre_event/S1_DESC_20210803/743.tif,Post_event/S1_ASC_20210817/743.tif,Post_event/S1_DESC_20210815/743.tif,Pre_event/S2_20210804/743.tif,Post_event/S2_20210814/743.tif,Annotations/743.tif
744,train,198,12.817,14284,2100,0,0,0.348,16327,0,57,0,12.817,14284,2100,0,0,0.348,16327,0,57,0,Pre_event/S1_ASC_20210805/744.tif,Pre_event/S1_DESC_20210803/744.tif,Post_event/S1_ASC_20210817/744.tif,Post_event/S1_DESC_20210815/744.tif,Pre_event/S2_20210804/744.tif,Post_event/S2_20210814/744.tif,Annotations/744.tif
745,test,252,3.387,15829,555,0,0,0.787,16255,121,8,0,3.387,15829,555,0,0,0.787,16255,121,8,0,Pre_event/S1_ASC_20210805/745.tif,Pre_event/S1_DESC_20210803/745.tif,Post_event/S1_ASC_20210817/745.tif,Post_event/S1_DESC_20210815/745.tif,Pre_event/S2_20210804/745.tif,Post_event/S2_20210814/745.tif,Annotations/745.tif
746,train,125,6.641,15296,1088,0,0,0.739,16263,121,0,0,6.641,15296,1088,0,0,0.739,16263,121,0,0,Pre_event/S1_ASC_20210805/746.tif,Pre_event/S1_DESC_20210803/746.tif,Post_event/S1_ASC_20210817/746.tif,Post_event/S1_DESC_20210815/746.tif,Pre_event/S2_20210804/746.tif,Post_event/S2_20210814/746.tif,Annotations/746.tif
747,train,141,31.183,11275,5109,0,0,4.077,15716,641,27,0,31.183,11275,5109,0,0,4.077,15716,641,27,0,Pre_event/S1_ASC_20210805/747.tif,Pre_event/S1_DESC_20210803/747.tif,Post_event/S1_ASC_20210817/747.tif,Post_event/S1_DESC_20210815/747.tif,Pre_event/S2_20210804/747.tif,Post_event/S2_20210814/747.tif,Annotations/747.tif
748,train,141,13.019,14251,2133,0,0,7.123,15217,1144,23,0,13.019,14251,2133,0,0,7.123,15217,1144,23,0,Pre_event/S1_ASC_20210805/748.tif,Pre_event/S1_DESC_20210803/748.tif,Post_event/S1_ASC_20210817/748.tif,Post_event/S1_DESC_20210815/748.tif,Pre_event/S2_20210804/748.tif,Post_event/S2_20210814/748.tif,Annotations/748.tif
749,train,138,8.398,15008,1376,0,0,0.476,16306,78,0,0,8.398,15008,1376,0,0,0.476,16306,78,0,0,Pre_event/S1_ASC_20210805/749.tif,Pre_event/S1_DESC_20210803/749.tif,Post_event/S1_ASC_20210817/749.tif,Post_event/S1_DESC_20210815/749.tif,Pre_event/S2_20210804/749.tif,Post_event/S2_20210814/749.tif,Annotations/749.tif
750,train,167,13.666,14145,2239,0,0,4.382,15666,564,154,0,13.666,14145,2239,0,0,4.382,15666,564,154,0,Pre_event/S1_ASC_20210805/750.tif,Pre_event/S1_DESC_20210803/750.tif,Post_event/S1_ASC_20210817/750.tif,Post_event/S1_DESC_20210815/750.tif,Pre_event/S2_20210804/750.tif,Post_event/S2_20210814/750.tif,Annotations/750.tif
751,train,525,14.74,13969,2415,0,0,1.093,16205,168,11,0,14.74,13969,2415,0,0,1.093,16205,168,11,0,Pre_event/S1_ASC_20210805/751.tif,Pre_event/S1_DESC_20210803/751.tif,Post_event/S1_ASC_20210817/751.tif,Post_event/S1_DESC_20210815/751.tif,Pre_event/S2_20210804/751.tif,Post_event/S2_20210814/751.tif,Annotations/751.tif
752,train,810,10.065,14735,1649,0,0,0.36,16325,48,11,0,10.065,14735,1649,0,0,0.36,16325,48,11,0,Pre_event/S1_ASC_20210805/752.tif,Pre_event/S1_DESC_20210803/752.tif,Post_event/S1_ASC_20210817/752.tif,Post_event/S1_DESC_20210815/752.tif,Pre_event/S2_20210804/752.tif,Post_event/S2_20210814/752.tif,Annotations/752.tif
753,train,1503,14.337,14035,2344,5,0,2.295,16008,219,157,0,14.337,14035,2344,5,0,2.295,16008,219,157,0,Pre_event/S1_ASC_20210805/753.tif,Pre_event/S1_DESC_20210803/753.tif,Post_event/S1_ASC_20210817/753.tif,Post_event/S1_DESC_20210815/753.tif,Pre_event/S2_20210804/753.tif,Post_event/S2_20210814/753.tif,Annotations/753.tif
754,train,2977,13.251,14213,2159,12,0,6.573,15307,845,232,0,13.251,14213,2159,12,0,6.573,15307,845,232,0,Pre_event/S1_ASC_20210805/754.tif,Pre_event/S1_DESC_20210803/754.tif,Post_event/S1_ASC_20210817/754.tif,Post_event/S1_DESC_20210815/754.tif,Pre_event/S2_20210804/754.tif,Post_event/S2_20210814/754.tif,Annotations/754.tif
755,train,2544,8.936,14920,1456,8,0,18.488,13355,2870,159,0,8.936,14920,1456,8,0,18.488,13355,2870,159,0,Pre_event/S1_ASC_20210805/755.tif,Pre_event/S1_DESC_20210803/755.tif,Post_event/S1_ASC_20210817/755.tif,Post_event/S1_DESC_20210815/755.tif,Pre_event/S2_20210804/755.tif,Post_event/S2_20210814/755.tif,Annotations/755.tif
756,test,1987,9.406,14843,1538,3,0,22.266,12736,3486,162,0,9.406,14843,1538,3,0,22.266,12736,3486,162,0,Pre_event/S1_ASC_20210805/756.tif,Pre_event/S1_DESC_20210803/756.tif,Post_event/S1_ASC_20210817/756.tif,Post_event/S1_DESC_20210815/756.tif,Pre_event/S2_20210804/756.tif,Post_event/S2_20210814/756.tif,Annotations/756.tif
757,test,2617,8.496,14992,1355,37,0,18.658,13327,2979,78,0,8.496,14992,1355,37,0,18.658,13327,2979,78,0,Pre_event/S1_ASC_20210805/757.tif,Pre_event/S1_DESC_20210803/757.tif,Post_event/S1_ASC_20210817/757.tif,Post_event/S1_DESC_20210815/757.tif,Pre_event/S2_20210804/757.tif,Post_event/S2_20210814/757.tif,Annotations/757.tif
758,val,2617,17.578,13504,2697,123,60,27.795,11830,4470,84,0,17.578,13504,2697,123,60,27.795,11830,4470,84,0,Pre_event/S1_ASC_20210805/758.tif,Pre_event/S1_DESC_20210803/758.tif,Post_event/S1_ASC_20210817/758.tif,Post_event/S1_DESC_20210815/758.tif,Pre_event/S2_20210804/758.tif,Post_event/S2_20210814/758.tif,Annotations/758.tif
759,test,5119,13.031,14249,1987,88,60,20.532,13020,3265,99,0,13.031,14249,1987,88,60,20.532,13020,3265,99,0,Pre_event/S1_ASC_20210805/759.tif,Pre_event/S1_DESC_20210803/759.tif,Post_event/S1_ASC_20210817/759.tif,Post_event/S1_DESC_20210815/759.tif,Pre_event/S2_20210804/759.tif,Post_event/S2_20210814/759.tif,Annotations/759.tif
760,train,5717,2.344,16000,384,0,0,6.873,15258,1093,33,0,2.344,16000,384,0,0,6.873,15258,1093,33,0,Pre_event/S1_ASC_20210805/760.tif,Pre_event/S1_DESC_20210803/760.tif,Post_event/S1_ASC_20210817/760.tif,Post_event/S1_DESC_20210815/760.tif,Pre_event/S2_20210804/760.tif,Post_event/S2_20210814/760.tif,Annotations/760.tif
761,train,2086,1.184,16190,194,0,0,3.601,15794,572,18,0,1.184,16190,194,0,0,3.601,15794,572,18,0,Pre_event/S1_ASC_20210805/761.tif,Pre_event/S1_DESC_20210803/761.tif,Post_event/S1_ASC_20210817/761.tif,Post_event/S1_DESC_20210815/761.tif,Pre_event/S2_20210804/761.tif,Post_event/S2_20210814/761.tif,Annotations/761.tif
762,train,574,3.815,15759,625,0,0,2.344,16000,384,0,0,3.815,15759,625,0,0,2.344,16000,384,0,0,Pre_event/S1_ASC_20210805/762.tif,Pre_event/S1_DESC_20210803/762.tif,Post_event/S1_ASC_20210817/762.tif,Post_event/S1_DESC_20210815/762.tif,Pre_event/S2_20210804/762.tif,Post_event/S2_20210814/762.tif,Annotations/762.tif
763,train,2277,10.815,14612,1772,0,0,3.79,15763,617,4,0,10.815,14612,1772,0,0,3.79,15763,617,4,0,Pre_event/S1_ASC_20210805/763.tif,Pre_event/S1_DESC_20210803/763.tif,Post_event/S1_ASC_20210817/763.tif,Post_event/S1_DESC_20210815/763.tif,Pre_event/S2_20210804/763.tif,Post_event/S2_20210814/763.tif,Annotations/763.tif
764,train,2654,13.849,14115,2269,0,0,6.0,15401,906,77,0,13.849,14115,2269,0,0,6.0,15401,906,77,0,Pre_event/S1_ASC_20210805/764.tif,Pre_event/S1_DESC_20210803/764.tif,Post_event/S1_ASC_20210817/764.tif,Post_event/S1_DESC_20210815/764.tif,Pre_event/S2_20210804/764.tif,Post_event/S2_20210814/764.tif,Annotations/764.tif
765,test,1051,8.472,14996,1388,0,0,4.846,15590,709,85,0,8.472,14996,1388,0,0,4.846,15590,709,85,0,Pre_event/S1_ASC_20210805/765.tif,Pre_event/S1_DESC_20210803/765.tif,Post_event/S1_ASC_20210817/765.tif,Post_event/S1_DESC_20210815/765.tif,Pre_event/S2_20210804/765.tif,Post_event/S2_20210814/765.tif,Annotations/765.tif
766,train,300,1.709,16104,280,0,0,0.36,16325,47,12,0,1.709,16104,280,0,0,0.36,16325,47,12,0,Pre_event/S1_ASC_20210805/766.tif,Pre_event/S1_DESC_20210803/766.tif,Post_event/S1_ASC_20210817/766.tif,Post_event/S1_DESC_20210815/766.tif,Pre_event/S2_20210804/766.tif,Post_event/S2_20210814/766.tif,Annotations/766.tif
767,train,97,2.295,16008,376,0,0,0.0,16384,0,0,0,2.295,16008,376,0,0,0.0,16384,0,0,0,Pre_event/S1_ASC_20210805/767.tif,Pre_event/S1_DESC_20210803/767.tif,Post_event/S1_ASC_20210817/767.tif,Post_event/S1_DESC_20210815/767.tif,Pre_event/S2_20210804/767.tif,Post_event/S2_20210814/767.tif,Annotations/767.tif
768,train,97,10.278,14700,1684,0,0,0.0,16384,0,0,0,10.278,14700,1684,0,0,0.0,16384,0,0,0,Pre_event/S1_ASC_20210805/768.tif,Pre_event/S1_DESC_20210803/768.tif,Post_event/S1_ASC_20210817/768.tif,Post_event/S1_DESC_20210815/768.tif,Pre_event/S2_20210804/768.tif,Post_event/S2_20210814/768.tif,Annotations/768.tif
769,train,103,9.467,14833,1551,0,0,0.0,16384,0,0,0,9.467,14833,1551,0,0,0.0,16384,0,0,0,Pre_event/S1_ASC_20210805/769.tif,Pre_event/S1_DESC_20210803/769.tif,Post_event/S1_ASC_20210817/769.tif,Post_event/S1_DESC_20210815/769.tif,Pre_event/S2_20210804/769.tif,Post_event/S2_20210814/769.tif,Annotations/769.tif
770,train,498,17.352,13541,2843,0,0,0.336,16329,0,55,0,17.352,13541,2843,0,0,0.336,16329,0,55,0,Pre_event/S1_ASC_20210805/770.tif,Pre_event/S1_DESC_20210803/770.tif,Post_event/S1_ASC_20210817/770.tif,Post_event/S1_DESC_20210815/770.tif,Pre_event/S2_20210804/770.tif,Post_event/S2_20210814/770.tif,Annotations/770.tif
771,train,449,14.246,14050,2334,0,0,0.336,16329,0,55,0,14.246,14050,2334,0,0,0.336,16329,0,55,0,Pre_event/S1_ASC_20210805/771.tif,Pre_event/S1_DESC_20210803/771.tif,Post_event/S1_ASC_20210817/771.tif,Post_event/S1_DESC_20210815/771.tif,Pre_event/S2_20210804/771.tif,Post_event/S2_20210814/771.tif,Annotations/771.tif
772,train,109,17.572,13505,2879,0,0,0.299,16335,0,49,0,17.572,13505,2879,0,0,0.299,16335,0,49,0,Pre_event/S1_ASC_20210805/772.tif,Pre_event/S1_DESC_20210803/772.tif,Post_event/S1_ASC_20210817/772.tif,Post_event/S1_DESC_20210815/772.tif,Pre_event/S2_20210804/772.tif,Post_event/S2_20210814/772.tif,Annotations/772.tif
773,train,161,16.681,13651,2733,0,0,0.348,16327,0,57,0,16.681,13651,2733,0,0,0.348,16327,0,57,0,Pre_event/S1_ASC_20210805/773.tif,Pre_event/S1_DESC_20210803/773.tif,Post_event/S1_ASC_20210817/773.tif,Post_event/S1_DESC_20210815/773.tif,Pre_event/S2_20210804/773.tif,Post_event/S2_20210814/773.tif,Annotations/773.tif
774,test,177,10.065,14735,1649,0,0,0.891,16238,138,8,0,10.065,14735,1649,0,0,0.891,16238,138,8,0,Pre_event/S1_ASC_20210805/774.tif,Pre_event/S1_DESC_20210803/774.tif,Post_event/S1_ASC_20210817/774.tif,Post_event/S1_DESC_20210815/774.tif,Pre_event/S2_20210804/774.tif,Post_event/S2_20210814/774.tif,Annotations/774.tif
775,train,125,2.118,16037,347,0,0,4.797,15598,786,0,0,2.118,16037,347,0,0,4.797,15598,786,0,0,Pre_event/S1_ASC_20210805/775.tif,Pre_event/S1_DESC_20210803/775.tif,Post_event/S1_ASC_20210817/775.tif,Post_event/S1_DESC_20210815/775.tif,Pre_event/S2_20210804/775.tif,Post_event/S2_20210814/775.tif,Annotations/775.tif
776,train,141,20.764,12982,3402,0,0,0.128,16363,0,21,0,20.764,12982,3402,0,0,0.128,16363,0,21,0,Pre_event/S1_ASC_20210805/776.tif,Pre_event/S1_DESC_20210803/776.tif,Post_event/S1_ASC_20210817/776.tif,Post_event/S1_DESC_20210815/776.tif,Pre_event/S2_20210804/776.tif,Post_event/S2_20210814/776.tif,Annotations/776.tif
777,test,141,19.678,13160,3224,0,0,0.128,16363,0,21,0,19.678,13160,3224,0,0,0.128,16363,0,21,0,Pre_event/S1_ASC_20210805/777.tif,Pre_event/S1_DESC_20210803/777.tif,Post_event/S1_ASC_20210817/777.tif,Post_event/S1_DESC_20210815/777.tif,Pre_event/S2_20210804/777.tif,Post_event/S2_20210814/777.tif,Annotations/777.tif
778,test,216,8.527,14987,1397,0,0,1.105,16203,181,0,0,8.527,14987,1397,0,0,1.105,16203,181,0,0,Pre_event/S1_ASC_20210805/778.tif,Pre_event/S1_DESC_20210803/778.tif,Post_event/S1_ASC_20210817/778.tif,Post_event/S1_DESC_20210815/778.tif,Pre_event/S2_20210804/778.tif,Post_event/S2_20210814/778.tif,Annotations/778.tif
779,train,366,17.023,13595,2789,0,0,0.323,16331,53,0,0,17.023,13595,2789,0,0,0.323,16331,53,0,0,Pre_event/S1_ASC_20210805/779.tif,Pre_event/S1_DESC_20210803/779.tif,Post_event/S1_ASC_20210817/779.tif,Post_event/S1_DESC_20210815/779.tif,Pre_event/S2_20210804/779.tif,Post_event/S2_20210814/779.tif,Annotations/779.tif
780,test,787,12.708,14302,2082,0,0,1.514,16136,241,7,0,12.708,14302,2082,0,0,1.514,16136,241,7,0,Pre_event/S1_ASC_20210805/780.tif,Pre_event/S1_DESC_20210803/780.tif,Post_event/S1_ASC_20210817/780.tif,Post_event/S1_DESC_20210815/780.tif,Pre_event/S2_20210804/780.tif,Post_event/S2_20210814/780.tif,Annotations/780.tif
781,train,2702,2.051,16048,308,28,0,14.465,14014,2349,21,0,2.051,16048,308,28,0,14.465,14014,2349,21,0,Pre_event/S1_ASC_20210805/781.tif,Pre_event/S1_DESC_20210803/781.tif,Post_event/S1_ASC_20210817/781.tif,Post_event/S1_DESC_20210815/781.tif,Pre_event/S2_20210804/781.tif,Post_event/S2_20210814/781.tif,Annotations/781.tif
782,train,3665,3.375,15831,524,29,0,25.806,12156,4193,35,0,3.375,15831,524,29,0,25.806,12156,4193,35,0,Pre_event/S1_ASC_20210805/782.tif,Pre_event/S1_DESC_20210803/782.tif,Post_event/S1_ASC_20210817/782.tif,Post_event/S1_DESC_20210815/782.tif,Pre_event/S2_20210804/782.tif,Post_event/S2_20210814/782.tif,Annotations/782.tif
783,train,2699,7.068,15226,1154,4,0,14.911,13941,2258,185,0,7.068,15226,1154,4,0,14.911,13941,2258,185,0,Pre_event/S1_ASC_20210805/783.tif,Pre_event/S1_DESC_20210803/783.tif,Post_event/S1_ASC_20210817/783.tif,Post_event/S1_DESC_20210815/783.tif,Pre_event/S2_20210804/783.tif,Post_event/S2_20210814/783.tif,Annotations/783.tif
784,train,1844,15.851,13787,2559,38,0,12.744,14296,1924,164,0,15.851,13787,2559,38,0,12.744,14296,1924,164,0,Pre_event/S1_ASC_20210805/784.tif,Pre_event/S1_DESC_20210803/784.tif,Post_event/S1_ASC_20210817/784.tif,Post_event/S1_DESC_20210815/784.tif,Pre_event/S2_20210804/784.tif,Post_event/S2_20210814/784.tif,Annotations/784.tif
785,train,2205,28.986,11635,4286,184,279,37.128,10301,6021,62,0,28.986,11635,4286,184,279,37.128,10301,6021,62,0,Pre_event/S1_ASC_20210805/785.tif,Pre_event/S1_DESC_20210803/785.tif,Post_event/S1_ASC_20210817/785.tif,Post_event/S1_DESC_20210815/785.tif,Pre_event/S2_20210804/785.tif,Post_event/S2_20210814/785.tif,Annotations/785.tif
786,train,5004,21.259,12901,3055,149,279,29.449,11559,4730,95,0,21.259,12901,3055,149,279,29.449,11559,4730,95,0,Pre_event/S1_ASC_20210805/786.tif,Pre_event/S1_DESC_20210803/786.tif,Post_event/S1_ASC_20210817/786.tif,Post_event/S1_DESC_20210815/786.tif,Pre_event/S2_20210804/786.tif,Post_event/S2_20210814/786.tif,Annotations/786.tif
787,train,6166,5.286,15518,838,16,12,5.414,15497,779,97,11,5.286,15518,838,16,12,5.414,15497,779,97,11,Pre_event/S1_ASC_20210805/787.tif,Pre_event/S1_DESC_20210803/787.tif,Post_event/S1_ASC_20210817/787.tif,Post_event/S1_DESC_20210815/787.tif,Pre_event/S2_20210804/787.tif,Post_event/S2_20210814/787.tif,Annotations/787.tif
788,train,2872,1.855,16080,276,16,12,2.71,15940,369,64,11,1.855,16080,276,16,12,2.71,15940,369,64,11,Pre_event/S1_ASC_20210805/788.tif,Pre_event/S1_DESC_20210803/788.tif,Post_event/S1_ASC_20210817/788.tif,Post_event/S1_DESC_20210815/788.tif,Pre_event/S2_20210804/788.tif,Post_event/S2_20210814/788.tif,Annotations/788.tif
789,train,701,7.178,15208,1176,0,0,2.13,16035,326,23,0,7.178,15208,1176,0,0,2.13,16035,326,23,0,Pre_event/S1_ASC_20210805/789.tif,Pre_event/S1_DESC_20210803/789.tif,Post_event/S1_ASC_20210817/789.tif,Post_event/S1_DESC_20210815/789.tif,Pre_event/S2_20210804/789.tif,Post_event/S2_20210814/789.tif,Annotations/789.tif
790,train,2936,17.841,13461,2923,0,0,2.325,16003,349,32,0,17.841,13461,2923,0,0,2.325,16003,349,32,0,Pre_event/S1_ASC_20210805/790.tif,Pre_event/S1_DESC_20210803/790.tif,Post_event/S1_ASC_20210817/790.tif,Post_event/S1_DESC_20210815/790.tif,Pre_event/S2_20210804/790.tif,Post_event/S2_20210814/790.tif,Annotations/790.tif
791,train,3927,22.699,12665,3719,0,0,5.2,15532,735,117,0,22.699,12665,3719,0,0,5.2,15532,735,117,0,Pre_event/S1_ASC_20210805/791.tif,Pre_event/S1_DESC_20210803/791.tif,Post_event/S1_ASC_20210817/791.tif,Post_event/S1_DESC_20210815/791.tif,Pre_event/S2_20210804/791.tif,Post_event/S2_20210814/791.tif,Annotations/791.tif
792,train,1947,13.867,14112,2272,0,0,5.06,15555,709,120,0,13.867,14112,2272,0,0,5.06,15555,709,120,0,Pre_event/S1_ASC_20210805/792.tif,Pre_event/S1_DESC_20210803/792.tif,Post_event/S1_ASC_20210817/792.tif,Post_event/S1_DESC_20210815/792.tif,Pre_event/S2_20210804/792.tif,Post_event/S2_20210814/792.tif,Annotations/792.tif
793,train,501,2.081,16043,341,0,0,0.36,16325,47,12,0,2.081,16043,341,0,0,0.36,16325,47,12,0,Pre_event/S1_ASC_20210805/793.tif,Pre_event/S1_DESC_20210803/793.tif,Post_event/S1_ASC_20210817/793.tif,Post_event/S1_DESC_20210815/793.tif,Pre_event/S2_20210804/793.tif,Post_event/S2_20210814/793.tif,Annotations/793.tif
794,train,146,6.696,15287,1097,0,0,0.0,16384,0,0,0,6.696,15287,1097,0,0,0.0,16384,0,0,0,Pre_event/S1_ASC_20210805/794.tif,Pre_event/S1_DESC_20210803/794.tif,Post_event/S1_ASC_20210817/794.tif,Post_event/S1_DESC_20210815/794.tif,Pre_event/S2_20210804/794.tif,Post_event/S2_20210814/794.tif,Annotations/794.tif
795,val,291,18.311,13384,3000,0,0,0.0,16384,0,0,0,18.311,13384,3000,0,0,0.0,16384,0,0,0,Pre_event/S1_ASC_20210805/795.tif,Pre_event/S1_DESC_20210803/795.tif,Post_event/S1_ASC_20210817/795.tif,Post_event/S1_DESC_20210815/795.tif,Pre_event/S2_20210804/795.tif,Post_event/S2_20210814/795.tif,Annotations/795.tif
796,train,165,20.514,13023,3361,0,0,0.0,16384,0,0,0,20.514,13023,3361,0,0,0.0,16384,0,0,0,Pre_event/S1_ASC_20210805/796.tif,Pre_event/S1_DESC_20210803/796.tif,Post_event/S1_ASC_20210817/796.tif,Post_event/S1_DESC_20210815/796.tif,Pre_event/S2_20210804/796.tif,Post_event/S2_20210814/796.tif,Annotations/796.tif
797,val,501,4.877,15585,783,13,3,3.009,15891,477,16,0,4.877,15585,783,13,3,3.009,15891,477,16,0,Pre_event/S1_ASC_20210805/797.tif,Pre_event/S1_DESC_20210803/797.tif,Post_event/S1_ASC_20210817/797.tif,Post_event/S1_DESC_20210815/797.tif,Pre_event/S2_20210804/797.tif,Post_event/S2_20210814/797.tif,Annotations/797.tif
798,val,724,4.474,15651,717,13,3,7.831,15101,1267,16,0,4.474,15651,717,13,3,7.831,15101,1267,16,0,Pre_event/S1_ASC_20210805/798.tif,Pre_event/S1_DESC_20210803/798.tif,Post_event/S1_ASC_20210817/798.tif,Post_event/S1_DESC_20210815/798.tif,Pre_event/S2_20210804/798.tif,Post_event/S2_20210814/798.tif,Annotations/798.tif
799,train,224,1.233,16182,202,0,0,7.08,15224,1160,0,0,1.233,16182,202,0,0,7.08,15224,1160,0,0,Pre_event/S1_ASC_20210805/799.tif,Pre_event/S1_DESC_20210803/799.tif,Post_event/S1_ASC_20210817/799.tif,Post_event/S1_DESC_20210815/799.tif,Pre_event/S2_20210804/799.tif,Post_event/S2_20210814/799.tif,Annotations/799.tif
800,train,452,7.336,15182,1202,0,0,2.441,15984,378,22,0,7.336,15182,1202,0,0,2.441,15984,378,22,0,Pre_event/S1_ASC_20210805/800.tif,Pre_event/S1_DESC_20210803/800.tif,Post_event/S1_ASC_20210817/800.tif,Post_event/S1_DESC_20210815/800.tif,Pre_event/S2_20210804/800.tif,Post_event/S2_20210814/800.tif,Annotations/800.tif
801,train,780,12.744,14296,2088,0,0,0.311,16333,22,29,0,12.744,14296,2088,0,0,0.311,16333,22,29,0,Pre_event/S1_ASC_20210805/801.tif,Pre_event/S1_DESC_20210803/801.tif,Post_event/S1_ASC_20210817/801.tif,Post_event/S1_DESC_20210815/801.tif,Pre_event/S2_20210804/801.tif,Post_event/S2_20210814/801.tif,Annotations/801.tif
802,train,538,22.052,12771,3613,0,0,0.836,16247,130,7,0,22.052,12771,3613,0,0,0.836,16247,130,7,0,Pre_event/S1_ASC_20210805/802.tif,Pre_event/S1_DESC_20210803/802.tif,Post_event/S1_ASC_20210817/802.tif,Post_event/S1_DESC_20210815/802.tif,Pre_event/S2_20210804/802.tif,Post_event/S2_20210814/802.tif,Annotations/802.tif
803,train,1125,23.755,12492,3892,0,0,2.167,16029,355,0,0,23.755,12492,3892,0,0,2.167,16029,355,0,0,Pre_event/S1_ASC_20210805/803.tif,Pre_event/S1_DESC_20210803/803.tif,Post_event/S1_ASC_20210817/803.tif,Post_event/S1_DESC_20210815/803.tif,Pre_event/S2_20210804/803.tif,Post_event/S2_20210814/803.tif,Annotations/803.tif
804,train,3867,23.383,12553,3803,28,0,15.021,13923,2130,331,0,23.383,12553,3803,28,0,15.021,13923,2130,331,0,Pre_event/S1_ASC_20210805/804.tif,Pre_event/S1_DESC_20210803/804.tif,Post_event/S1_ASC_20210817/804.tif,Post_event/S1_DESC_20210815/804.tif,Pre_event/S2_20210804/804.tif,Post_event/S2_20210814/804.tif,Annotations/804.tif
805,train,5351,26.086,12110,4246,28,0,17.993,13436,2341,607,0,26.086,12110,4246,28,0,17.993,13436,2341,607,0,Pre_event/S1_ASC_20210805/805.tif,Pre_event/S1_DESC_20210803/805.tif,Post_event/S1_ASC_20210817/805.tif,Post_event/S1_DESC_20210815/805.tif,Pre_event/S2_20210804/805.tif,Post_event/S2_20210814/805.tif,Annotations/805.tif
806,test,3552,15.192,13895,2435,54,0,13.208,14220,1690,474,0,15.192,13895,2435,54,0,13.208,14220,1690,474,0,Pre_event/S1_ASC_20210805/806.tif,Pre_event/S1_DESC_20210803/806.tif,Post_event/S1_ASC_20210817/806.tif,Post_event/S1_DESC_20210815/806.tif,Pre_event/S2_20210804/806.tif,Post_event/S2_20210814/806.tif,Annotations/806.tif
807,train,2301,12.14,14395,1867,122,0,32.458,11066,5120,198,0,12.14,14395,1867,122,0,32.458,11066,5120,198,0,Pre_event/S1_ASC_20210805/807.tif,Pre_event/S1_DESC_20210803/807.tif,Post_event/S1_ASC_20210817/807.tif,Post_event/S1_DESC_20210815/807.tif,Pre_event/S2_20210804/807.tif,Post_event/S2_20210814/807.tif,Annotations/807.tif
808,train,2853,32.416,11073,4836,256,219,42.047,9495,6827,62,0,32.416,11073,4836,256,219,42.047,9495,6827,62,0,Pre_event/S1_ASC_20210805/808.tif,Pre_event/S1_DESC_20210803/808.tif,Post_event/S1_ASC_20210817/808.tif,Post_event/S1_DESC_20210815/808.tif,Pre_event/S2_20210804/808.tif,Post_event/S2_20210814/808.tif,Annotations/808.tif
809,train,4724,28.442,11724,4253,188,219,22.235,12741,3559,84,0,28.442,11724,4253,188,219,22.235,12741,3559,84,0,Pre_event/S1_ASC_20210805/809.tif,Pre_event/S1_DESC_20210803/809.tif,Post_event/S1_ASC_20210817/809.tif,Post_event/S1_DESC_20210815/809.tif,Pre_event/S2_20210804/809.tif,Post_event/S2_20210814/809.tif,Annotations/809.tif
810,val,6301,10.913,14596,1760,16,12,6.506,15318,927,128,11,10.913,14596,1760,16,12,6.506,15318,927,128,11,Pre_event/S1_ASC_20210805/810.tif,Pre_event/S1_DESC_20210803/810.tif,Post_event/S1_ASC_20210817/810.tif,Post_event/S1_DESC_20210815/810.tif,Pre_event/S2_20210804/810.tif,Post_event/S2_20210814/810.tif,Annotations/810.tif
811,train,4242,8.502,14991,1365,16,12,2.985,15895,365,113,11,8.502,14991,1365,16,12,2.985,15895,365,113,11,Pre_event/S1_ASC_20210805/811.tif,Pre_event/S1_DESC_20210803/811.tif,Post_event/S1_ASC_20210817/811.tif,Post_event/S1_DESC_20210815/811.tif,Pre_event/S2_20210804/811.tif,Post_event/S2_20210814/811.tif,Annotations/811.tif
812,train,1196,10.577,14651,1733,0,0,0.488,16304,50,30,0,10.577,14651,1733,0,0,0.488,16304,50,30,0,Pre_event/S1_ASC_20210805/812.tif,Pre_event/S1_DESC_20210803/812.tif,Post_event/S1_ASC_20210817/812.tif,Post_event/S1_DESC_20210815/812.tif,Pre_event/S2_20210804/812.tif,Post_event/S2_20210814/812.tif,Annotations/812.tif
813,train,2366,27.069,11949,4435,0,0,0.348,16327,0,57,0,27.069,11949,4435,0,0,0.348,16327,0,57,0,Pre_event/S1_ASC_20210805/813.tif,Pre_event/S1_DESC_20210803/813.tif,Post_event/S1_ASC_20210817/813.tif,Post_event/S1_DESC_20210815/813.tif,Pre_event/S2_20210804/813.tif,Post_event/S2_20210814/813.tif,Annotations/813.tif
814,train,4270,32.898,10994,5390,0,0,0.555,16293,0,91,0,32.898,10994,5390,0,0,0.555,16293,0,91,0,Pre_event/S1_ASC_20210805/814.tif,Pre_event/S1_DESC_20210803/814.tif,Post_event/S1_ASC_20210817/814.tif,Post_event/S1_DESC_20210815/814.tif,Pre_event/S2_20210804/814.tif,Post_event/S2_20210814/814.tif,Annotations/814.tif
815,train,2985,20.996,12944,3440,0,0,0.458,16309,0,75,0,20.996,12944,3440,0,0,0.458,16309,0,75,0,Pre_event/S1_ASC_20210805/815.tif,Pre_event/S1_DESC_20210803/815.tif,Post_event/S1_ASC_20210817/815.tif,Post_event/S1_DESC_20210815/815.tif,Pre_event/S2_20210804/815.tif,Post_event/S2_20210814/815.tif,Annotations/815.tif
816,test,987,8.954,14917,1467,0,0,0.635,16280,31,73,0,8.954,14917,1467,0,0,0.635,16280,31,73,0,Pre_event/S1_ASC_20210805/816.tif,Pre_event/S1_DESC_20210803/816.tif,Post_event/S1_ASC_20210817/816.tif,Post_event/S1_DESC_20210815/816.tif,Pre_event/S2_20210804/816.tif,Post_event/S2_20210814/816.tif,Annotations/816.tif
817,train,206,2.753,15933,451,0,0,0.525,16298,31,55,0,2.753,15933,451,0,0,0.525,16298,31,55,0,Pre_event/S1_ASC_20210805/817.tif,Pre_event/S1_DESC_20210803/817.tif,Post_event/S1_ASC_20210817/817.tif,Post_event/S1_DESC_20210815/817.tif,Pre_event/S2_20210804/817.tif,Post_event/S2_20210814/817.tif,Annotations/817.tif
818,train,589,4.993,15566,802,13,3,2.93,15904,464,16,0,4.993,15566,802,13,3,2.93,15904,464,16,0,Pre_event/S1_ASC_20210805/818.tif,Pre_event/S1_DESC_20210803/818.tif,Post_event/S1_ASC_20210817/818.tif,Post_event/S1_DESC_20210815/818.tif,Pre_event/S2_20210804/818.tif,Post_event/S2_20210814/818.tif,Annotations/818.tif
819,train,845,5.829,15429,939,13,3,8.691,14960,1400,24,0,5.829,15429,939,13,3,8.691,14960,1400,24,0,Pre_event/S1_ASC_20210805/819.tif,Pre_event/S1_DESC_20210803/819.tif,Post_event/S1_ASC_20210817/819.tif,Post_event/S1_DESC_20210815/819.tif,Pre_event/S2_20210804/819.tif,Post_event/S2_20210814/819.tif,Annotations/819.tif
820,val,257,8.496,14992,1392,0,0,8.173,15045,1228,111,0,8.496,14992,1392,0,0,8.173,15045,1228,111,0,Pre_event/S1_ASC_20210805/820.tif,Pre_event/S1_DESC_20210803/820.tif,Post_event/S1_ASC_20210817/820.tif,Post_event/S1_DESC_20210815/820.tif,Pre_event/S2_20210804/820.tif,Post_event/S2_20210814/820.tif,Annotations/820.tif
821,train,420,13.379,14192,2192,0,0,2.618,15955,304,125,0,13.379,14192,2192,0,0,2.618,15955,304,125,0,Pre_event/S1_ASC_20210805/821.tif,Pre_event/S1_DESC_20210803/821.tif,Post_event/S1_ASC_20210817/821.tif,Post_event/S1_DESC_20210815/821.tif,Pre_event/S2_20210804/821.tif,Post_event/S2_20210814/821.tif,Annotations/821.tif
822,train,605,10.461,14670,1714,0,0,0.25,16343,12,29,0,10.461,14670,1714,0,0,0.25,16343,12,29,0,Pre_event/S1_ASC_20210805/822.tif,Pre_event/S1_DESC_20210803/822.tif,Post_event/S1_ASC_20210817/822.tif,Post_event/S1_DESC_20210815/822.tif,Pre_event/S2_20210804/822.tif,Post_event/S2_20210814/822.tif,Annotations/822.tif
823,val,392,14.221,14054,2330,0,0,0.854,16244,116,24,0,14.221,14054,2330,0,0,0.854,16244,116,24,0,Pre_event/S1_ASC_20210805/823.tif,Pre_event/S1_DESC_20210803/823.tif,Post_event/S1_ASC_20210817/823.tif,Post_event/S1_DESC_20210815/823.tif,Pre_event/S2_20210804/823.tif,Post_event/S2_20210814/823.tif,Annotations/823.tif
824,train,2753,37.231,10284,6100,0,0,0.922,16233,125,26,0,37.231,10284,6100,0,0,0.922,16233,125,26,0,Pre_event/S1_ASC_20210805/824.tif,Pre_event/S1_DESC_20210803/824.tif,Post_event/S1_ASC_20210817/824.tif,Post_event/S1_DESC_20210815/824.tif,Pre_event/S2_20210804/824.tif,Post_event/S2_20210814/824.tif,Annotations/824.tif
825,val,5503,54.028,7532,8852,0,0,2.155,16031,14,339,0,54.028,7532,8852,0,0,2.155,16031,14,339,0,Pre_event/S1_ASC_20210805/825.tif,Pre_event/S1_DESC_20210803/825.tif,Post_event/S1_ASC_20210817/825.tif,Post_event/S1_DESC_20210815/825.tif,Pre_event/S2_20210804/825.tif,Post_event/S2_20210814/825.tif,Annotations/825.tif
826,train,5447,36.646,10380,6004,0,0,3.772,15766,5,613,0,36.646,10380,6004,0,0,3.772,15766,5,613,0,Pre_event/S1_ASC_20210805/826.tif,Pre_event/S1_DESC_20210803/826.tif,Post_event/S1_ASC_20210817/826.tif,Post_event/S1_DESC_20210815/826.tif,Pre_event/S2_20210804/826.tif,Post_event/S2_20210814/826.tif,Annotations/826.tif
827,train,3306,17.871,13456,2877,51,0,9.882,14765,1240,379,0,17.871,13456,2877,51,0,9.882,14765,1240,379,0,Pre_event/S1_ASC_20210805/827.tif,Pre_event/S1_DESC_20210803/827.tif,Post_event/S1_ASC_20210817/827.tif,Post_event/S1_DESC_20210815/827.tif,Pre_event/S2_20210804/827.tif,Post_event/S2_20210814/827.tif,Annotations/827.tif
828,train,2864,22.028,12775,3490,119,0,34.796,10683,5598,103,0,22.028,12775,3490,119,0,34.796,10683,5598,103,0,Pre_event/S1_ASC_20210805/828.tif,Pre_event/S1_DESC_20210803/828.tif,Post_event/S1_ASC_20210817/828.tif,Post_event/S1_DESC_20210815/828.tif,Pre_event/S2_20210804/828.tif,Post_event/S2_20210814/828.tif,Annotations/828.tif
829,train,4626,25.781,12160,4029,195,0,44.22,9139,7238,7,0,25.781,12160,4029,195,0,44.22,9139,7238,7,0,Pre_event/S1_ASC_20210805/829.tif,Pre_event/S1_DESC_20210803/829.tif,Post_event/S1_ASC_20210817/829.tif,Post_event/S1_DESC_20210815/829.tif,Pre_event/S2_20210804/829.tif,Post_event/S2_20210814/829.tif,Annotations/829.tif
830,train,5193,15.491,13846,2407,131,0,23.456,12541,3817,26,0,15.491,13846,2407,131,0,23.456,12541,3817,26,0,Pre_event/S1_ASC_20210805/830.tif,Pre_event/S1_DESC_20210803/830.tif,Post_event/S1_ASC_20210817/830.tif,Post_event/S1_DESC_20210815/830.tif,Pre_event/S2_20210804/830.tif,Post_event/S2_20210814/830.tif,Annotations/830.tif
831,train,5413,9.888,14764,1563,57,0,9.967,14751,1529,91,13,9.888,14764,1563,57,0,9.967,14751,1529,91,13,Pre_event/S1_ASC_20210805/831.tif,Pre_event/S1_DESC_20210803/831.tif,Post_event/S1_ASC_20210817/831.tif,Post_event/S1_DESC_20210815/831.tif,Pre_event/S2_20210804/831.tif,Post_event/S2_20210814/831.tif,Annotations/831.tif
832,test,4113,8.466,14997,1334,53,0,4.547,15639,660,72,13,8.466,14997,1334,53,0,4.547,15639,660,72,13,Pre_event/S1_ASC_20210805/832.tif,Pre_event/S1_DESC_20210803/832.tif,Post_event/S1_ASC_20210817/832.tif,Post_event/S1_DESC_20210815/832.tif,Pre_event/S2_20210804/832.tif,Post_event/S2_20210814/832.tif,Annotations/832.tif
833,train,1646,4.987,15567,817,0,0,0.72,16266,111,7,0,4.987,15567,817,0,0,0.72,16266,111,7,0,Pre_event/S1_ASC_20210805/833.tif,Pre_event/S1_DESC_20210803/833.tif,Post_event/S1_ASC_20210817/833.tif,Post_event/S1_DESC_20210815/833.tif,Pre_event/S2_20210804/833.tif,Post_event/S2_20210814/833.tif,Annotations/833.tif
834,val,1731,17.261,13556,2828,0,0,0.787,16255,104,25,0,17.261,13556,2828,0,0,0.787,16255,104,25,0,Pre_event/S1_ASC_20210805/834.tif,Pre_event/S1_DESC_20210803/834.tif,Post_event/S1_ASC_20210817/834.tif,Post_event/S1_DESC_20210815/834.tif,Pre_event/S2_20210804/834.tif,Post_event/S2_20210814/834.tif,Annotations/834.tif
835,train,3352,26.166,12097,4287,0,0,0.659,16276,61,47,0,26.166,12097,4287,0,0,0.659,16276,61,47,0,Pre_event/S1_ASC_20210805/835.tif,Pre_event/S1_DESC_20210803/835.tif,Post_event/S1_ASC_20210817/835.tif,Post_event/S1_DESC_20210815/835.tif,Pre_event/S2_20210804/835.tif,Post_event/S2_20210814/835.tif,Annotations/835.tif
836,train,2680,17.542,13510,2874,0,0,0.244,16344,0,40,0,17.542,13510,2874,0,0,0.244,16344,0,40,0,Pre_event/S1_ASC_20210805/836.tif,Pre_event/S1_DESC_20210803/836.tif,Post_event/S1_ASC_20210817/836.tif,Post_event/S1_DESC_20210815/836.tif,Pre_event/S2_20210804/836.tif,Post_event/S2_20210814/836.tif,Annotations/836.tif
837,val,903,8.698,14959,1425,0,0,0.635,16280,31,73,0,8.698,14959,1425,0,0,0.635,16280,31,73,0,Pre_event/S1_ASC_20210805/837.tif,Pre_event/S1_DESC_20210803/837.tif,Post_event/S1_ASC_20210817/837.tif,Post_event/S1_DESC_20210815/837.tif,Pre_event/S2_20210804/837.tif,Post_event/S2_20210814/837.tif,Annotations/837.tif
838,train,434,4.01,15727,657,0,0,0.867,16242,51,79,12,4.01,15727,657,0,0,0.867,16242,51,79,12,Pre_event/S1_ASC_20210805/838.tif,Pre_event/S1_DESC_20210803/838.tif,Post_event/S1_ASC_20210817/838.tif,Post_event/S1_DESC_20210815/838.tif,Pre_event/S2_20210804/838.tif,Post_event/S2_20210814/838.tif,Annotations/838.tif
839,train,398,2.258,16014,370,0,0,2.148,16032,311,29,12,2.258,16014,370,0,0,2.148,16032,311,29,12,Pre_event/S1_ASC_20210805/839.tif,Pre_event/S1_DESC_20210803/839.tif,Post_event/S1_ASC_20210817/839.tif,Post_event/S1_DESC_20210815/839.tif,Pre_event/S2_20210804/839.tif,Post_event/S2_20210814/839.tif,Annotations/839.tif
840,train,138,1.001,16220,164,0,0,1.807,16088,291,5,0,1.001,16220,164,0,0,1.807,16088,291,5,0,Pre_event/S1_ASC_20210805/840.tif,Pre_event/S1_DESC_20210803/840.tif,Post_event/S1_ASC_20210817/840.tif,Post_event/S1_DESC_20210815/840.tif,Pre_event/S2_20210804/840.tif,Post_event/S2_20210814/840.tif,Annotations/840.tif
841,val,148,0.262,16341,43,0,0,0.0,16384,0,0,0,0.262,16341,43,0,0,0.0,16384,0,0,0,Pre_event/S1_ASC_20210805/841.tif,Pre_event/S1_DESC_20210803/841.tif,Post_event/S1_ASC_20210817/841.tif,Post_event/S1_DESC_20210815/841.tif,Pre_event/S2_20210804/841.tif,Post_event/S2_20210814/841.tif,Annotations/841.tif
842,test,148,0.262,16341,43,0,0,0.0,16384,0,0,0,0.262,16341,43,0,0,0.0,16384,0,0,0,Pre_event/S1_ASC_20210805/842.tif,Pre_event/S1_DESC_20210803/842.tif,Post_event/S1_ASC_20210817/842.tif,Post_event/S1_DESC_20210815/842.tif,Pre_event/S2_20210804/842.tif,Post_event/S2_20210814/842.tif,Annotations/842.tif
843,test,115,1.379,16158,226,0,0,0.0,16384,0,0,0,1.379,16158,226,0,0,0.0,16384,0,0,0,Pre_event/S1_ASC_20210805/843.tif,Pre_event/S1_DESC_20210803/843.tif,Post_event/S1_ASC_20210817/843.tif,Post_event/S1_DESC_20210815/843.tif,Pre_event/S2_20210804/843.tif,Post_event/S2_20210814/843.tif,Annotations/843.tif
844,train,191,3.131,15871,513,0,0,1.135,16198,146,40,0,3.131,15871,513,0,0,1.135,16198,146,40,0,Pre_event/S1_ASC_20210805/844.tif,Pre_event/S1_DESC_20210803/844.tif,Post_event/S1_ASC_20210817/844.tif,Post_event/S1_DESC_20210815/844.tif,Pre_event/S2_20210804/844.tif,Post_event/S2_20210814/844.tif,Annotations/844.tif
845,train,179,8.514,14989,1395,0,0,0.104,16367,0,17,0,8.514,14989,1395,0,0,0.104,16367,0,17,0,Pre_event/S1_ASC_20210805/845.tif,Pre_event/S1_DESC_20210803/845.tif,Post_event/S1_ASC_20210817/845.tif,Post_event/S1_DESC_20210815/845.tif,Pre_event/S2_20210804/845.tif,Post_event/S2_20210814/845.tif,Annotations/845.tif
846,val,2539,31.006,11304,5080,0,0,0.385,16321,0,63,0,31.006,11304,5080,0,0,0.385,16321,0,63,0,Pre_event/S1_ASC_20210805/846.tif,Pre_event/S1_DESC_20210803/846.tif,Post_event/S1_ASC_20210817/846.tif,Post_event/S1_DESC_20210815/846.tif,Pre_event/S2_20210804/846.tif,Post_event/S2_20210814/846.tif,Annotations/846.tif
847,train,5120,49.921,8205,8179,0,0,1.062,16210,0,174,0,49.921,8205,8179,0,0,1.062,16210,0,174,0,Pre_event/S1_ASC_20210805/847.tif,Pre_event/S1_DESC_20210803/847.tif,Post_event/S1_ASC_20210817/847.tif,Post_event/S1_DESC_20210815/847.tif,Pre_event/S2_20210804/847.tif,Post_event/S2_20210814/847.tif,Annotations/847.tif
848,train,4381,29.535,11545,4839,0,0,0.928,16232,0,152,0,29.535,11545,4839,0,0,0.928,16232,0,152,0,Pre_event/S1_ASC_20210805/848.tif,Pre_event/S1_DESC_20210803/848.tif,Post_event/S1_ASC_20210817/848.tif,Post_event/S1_DESC_20210815/848.tif,Pre_event/S2_20210804/848.tif,Post_event/S2_20210814/848.tif,Annotations/848.tif
849,train,1837,9.088,14895,1489,0,0,0.769,16258,102,24,0,9.088,14895,1489,0,0,0.769,16258,102,24,0,Pre_event/S1_ASC_20210805/849.tif,Pre_event/S1_DESC_20210803/849.tif,Post_event/S1_ASC_20210817/849.tif,Post_event/S1_DESC_20210815/849.tif,Pre_event/S2_20210804/849.tif,Post_event/S2_20210814/849.tif,Annotations/849.tif
850,train,1442,19.696,13157,3227,0,0,9.174,14881,1496,7,0,19.696,13157,3227,0,0,9.174,14881,1496,7,0,Pre_event/S1_ASC_20210805/850.tif,Pre_event/S1_DESC_20210803/850.tif,Post_event/S1_ASC_20210817/850.tif,Post_event/S1_DESC_20210815/850.tif,Pre_event/S2_20210804/850.tif,Post_event/S2_20210814/850.tif,Annotations/850.tif
851,val,3489,18.5,13353,3031,0,0,20.184,13077,3300,7,0,18.5,13353,3031,0,0,20.184,13077,3300,7,0,Pre_event/S1_ASC_20210805/851.tif,Pre_event/S1_DESC_20210803/851.tif,Post_event/S1_ASC_20210817/851.tif,Post_event/S1_DESC_20210815/851.tif,Pre_event/S2_20210804/851.tif,Post_event/S2_20210814/851.tif,Annotations/851.tif
852,train,5101,15.338,13871,2508,5,0,16.156,13737,2313,334,0,15.338,13871,2508,5,0,16.156,13737,2313,334,0,Pre_event/S1_ASC_20210805/852.tif,Pre_event/S1_DESC_20210803/852.tif,Post_event/S1_ASC_20210817/852.tif,Post_event/S1_DESC_20210815/852.tif,Pre_event/S2_20210804/852.tif,Post_event/S2_20210814/852.tif,Annotations/852.tif
853,train,5456,22.644,12674,3600,110,0,9.93,14757,1052,549,26,22.644,12674,3600,110,0,9.93,14757,1052,549,26,Pre_event/S1_ASC_20210805/853.tif,Pre_event/S1_DESC_20210803/853.tif,Post_event/S1_ASC_20210817/853.tif,Post_event/S1_DESC_20210815/853.tif,Pre_event/S2_20210804/853.tif,Post_event/S2_20210814/853.tif,Annotations/853.tif
854,train,4036,24.31,12401,3878,105,0,6.091,15386,713,259,26,24.31,12401,3878,105,0,6.091,15386,713,259,26,Pre_event/S1_ASC_20210805/854.tif,Pre_event/S1_DESC_20210803/854.tif,Post_event/S1_ASC_20210817/854.tif,Post_event/S1_DESC_20210815/854.tif,Pre_event/S2_20210804/854.tif,Post_event/S2_20210814/854.tif,Annotations/854.tif
855,val,1891,15.094,13911,2473,0,0,0.989,16222,111,51,0,15.094,13911,2473,0,0,0.989,16222,111,51,0,Pre_event/S1_ASC_20210805/855.tif,Pre_event/S1_DESC_20210803/855.tif,Post_event/S1_ASC_20210817/855.tif,Post_event/S1_DESC_20210815/855.tif,Pre_event/S2_20210804/855.tif,Post_event/S2_20210814/855.tif,Annotations/855.tif
856,train,2395,10.022,14742,1642,0,0,4.431,15658,719,7,0,10.022,14742,1642,0,0,4.431,15658,719,7,0,Pre_event/S1_ASC_20210805/856.tif,Pre_event/S1_DESC_20210803/856.tif,Post_event/S1_ASC_20210817/856.tif,Post_event/S1_DESC_20210815/856.tif,Pre_event/S2_20210804/856.tif,Post_event/S2_20210814/856.tif,Annotations/856.tif
857,train,3646,9.326,14856,1528,0,0,5.902,15417,967,0,0,9.326,14856,1528,0,0,5.902,15417,967,0,0,Pre_event/S1_ASC_20210805/857.tif,Pre_event/S1_DESC_20210803/857.tif,Post_event/S1_ASC_20210817/857.tif,Post_event/S1_DESC_20210815/857.tif,Pre_event/S2_20210804/857.tif,Post_event/S2_20210814/857.tif,Annotations/857.tif
858,train,1791,2.075,16044,340,0,0,1.776,16093,291,0,0,2.075,16044,340,0,0,1.776,16093,291,0,0,Pre_event/S1_ASC_20210805/858.tif,Pre_event/S1_DESC_20210803/858.tif,Post_event/S1_ASC_20210817/858.tif,Post_event/S1_DESC_20210815/858.tif,Pre_event/S2_20210804/858.tif,Post_event/S2_20210814/858.tif,Annotations/858.tif
859,test,192,1.312,16169,215,0,0,0.0,16384,0,0,0,1.312,16169,215,0,0,0.0,16384,0,0,0,Pre_event/S1_ASC_20210805/859.tif,Pre_event/S1_DESC_20210803/859.tif,Post_event/S1_ASC_20210817/859.tif,Post_event/S1_DESC_20210815/859.tif,Pre_event/S2_20210804/859.tif,Post_event/S2_20210814/859.tif,Annotations/859.tif
860,train,328,4.901,15581,803,0,0,0.616,16283,20,68,13,4.901,15581,803,0,0,0.616,16283,20,68,13,Pre_event/S1_ASC_20210805/860.tif,Pre_event/S1_DESC_20210803/860.tif,Post_event/S1_ASC_20210817/860.tif,Post_event/S1_DESC_20210815/860.tif,Pre_event/S2_20210804/860.tif,Post_event/S2_20210814/860.tif,Annotations/860.tif
861,train,575,9.283,14863,1521,0,0,2.527,15970,311,90,13,9.283,14863,1521,0,0,2.527,15970,311,90,13,Pre_event/S1_ASC_20210805/861.tif,Pre_event/S1_DESC_20210803/861.tif,Post_event/S1_ASC_20210817/861.tif,Post_event/S1_DESC_20210815/861.tif,Pre_event/S2_20210804/861.tif,Post_event/S2_20210814/861.tif,Annotations/861.tif
862,train,768,9.937,14756,1628,0,0,1.91,16071,291,22,0,9.937,14756,1628,0,0,1.91,16071,291,22,0,Pre_event/S1_ASC_20210805/862.tif,Pre_event/S1_DESC_20210803/862.tif,Post_event/S1_ASC_20210817/862.tif,Post_event/S1_DESC_20210815/862.tif,Pre_event/S2_20210804/862.tif,Post_event/S2_20210814/862.tif,Annotations/862.tif
863,train,396,4.443,15656,728,0,0,0.0,16384,0,0,0,4.443,15656,728,0,0,0.0,16384,0,0,0,Pre_event/S1_ASC_20210805/863.tif,Pre_event/S1_DESC_20210803/863.tif,Post_event/S1_ASC_20210817/863.tif,Post_event/S1_DESC_20210815/863.tif,Pre_event/S2_20210804/863.tif,Post_event/S2_20210814/863.tif,Annotations/863.tif
864,test,118,8.679,14962,1422,0,0,2.527,15970,390,24,0,8.679,14962,1422,0,0,2.527,15970,390,24,0,Pre_event/S1_ASC_20210805/864.tif,Pre_event/S1_DESC_20210803/864.tif,Post_event/S1_ASC_20210817/864.tif,Post_event/S1_DESC_20210815/864.tif,Pre_event/S2_20210804/864.tif,Post_event/S2_20210814/864.tif,Annotations/864.tif
865,val,111,10.864,14604,1780,0,0,6.378,15339,1021,24,0,10.864,14604,1780,0,0,6.378,15339,1021,24,0,Pre_event/S1_ASC_20210805/865.tif,Pre_event/S1_DESC_20210803/865.tif,Post_event/S1_ASC_20210817/865.tif,Post_event/S1_DESC_20210815/865.tif,Pre_event/S2_20210804/865.tif,Post_event/S2_20210814/865.tif,Annotations/865.tif
866,val,145,7.703,15122,1253,9,0,0.0,16384,0,0,0,7.703,15122,1253,9,0,0.0,16384,0,0,0,Pre_event/S1_ASC_20210805/866.tif,Pre_event/S1_DESC_20210803/866.tif,Post_event/S1_ASC_20210817/866.tif,Post_event/S1_DESC_20210815/866.tif,Pre_event/S2_20210804/866.tif,Post_event/S2_20210814/866.tif,Annotations/866.tif
867,train,207,6.219,15365,1010,9,0,0.0,16384,0,0,0,6.219,15365,1010,9,0,0.0,16384,0,0,0,Pre_event/S1_ASC_20210805/867.tif,Pre_event/S1_DESC_20210803/867.tif,Post_event/S1_ASC_20210817/867.tif,Post_event/S1_DESC_20210815/867.tif,Pre_event/S2_20210804/867.tif,Post_event/S2_20210814/867.tif,Annotations/867.tif
868,train,279,1.74,16099,285,0,0,0.0,16384,0,0,0,1.74,16099,285,0,0,0.0,16384,0,0,0,Pre_event/S1_ASC_20210805/868.tif,Pre_event/S1_DESC_20210803/868.tif,Post_event/S1_ASC_20210817/868.tif,Post_event/S1_DESC_20210815/868.tif,Pre_event/S2_20210804/868.tif,Post_event/S2_20210814/868.tif,Annotations/868.tif
869,train,314,3.375,15831,553,0,0,0.0,16384,0,0,0,3.375,15831,553,0,0,0.0,16384,0,0,0,Pre_event/S1_ASC_20210805/869.tif,Pre_event/S1_DESC_20210803/869.tif,Post_event/S1_ASC_20210817/869.tif,Post_event/S1_DESC_20210815/869.tif,Pre_event/S2_20210804/869.tif,Post_event/S2_20210814/869.tif,Annotations/869.tif
870,val,526,6.5,15319,1065,0,0,0.226,16347,0,37,0,6.5,15319,1065,0,0,0.226,16347,0,37,0,Pre_event/S1_ASC_20210805/870.tif,Pre_event/S1_DESC_20210803/870.tif,Post_event/S1_ASC_20210817/870.tif,Post_event/S1_DESC_20210815/870.tif,Pre_event/S2_20210804/870.tif,Post_event/S2_20210814/870.tif,Annotations/870.tif
871,train,1957,18.665,13326,3058,0,0,1.007,16219,0,165,0,18.665,13326,3058,0,0,1.007,16219,0,165,0,Pre_event/S1_ASC_20210805/871.tif,Pre_event/S1_DESC_20210803/871.tif,Post_event/S1_ASC_20210817/871.tif,Post_event/S1_DESC_20210815/871.tif,Pre_event/S2_20210804/871.tif,Post_event/S2_20210814/871.tif,Annotations/871.tif
872,train,1922,16.412,13695,2689,0,0,0.879,16240,0,144,0,16.412,13695,2689,0,0,0.879,16240,0,144,0,Pre_event/S1_ASC_20210805/872.tif,Pre_event/S1_DESC_20210803/872.tif,Post_event/S1_ASC_20210817/872.tif,Post_event/S1_DESC_20210815/872.tif,Pre_event/S2_20210804/872.tif,Post_event/S2_20210814/872.tif,Annotations/872.tif
873,test,563,4.291,15681,703,0,0,1.55,16130,238,16,0,4.291,15681,703,0,0,1.55,16130,238,16,0,Pre_event/S1_ASC_20210805/873.tif,Pre_event/S1_DESC_20210803/873.tif,Post_event/S1_ASC_20210817/873.tif,Post_event/S1_DESC_20210815/873.tif,Pre_event/S2_20210804/873.tif,Post_event/S2_20210814/873.tif,Annotations/873.tif
874,val,1159,9.052,14901,1483,0,0,5.115,15546,771,67,0,9.052,14901,1483,0,0,5.115,15546,771,67,0,Pre_event/S1_ASC_20210805/874.tif,Pre_event/S1_DESC_20210803/874.tif,Post_event/S1_ASC_20210817/874.tif,Post_event/S1_DESC_20210815/874.tif,Pre_event/S2_20210804/874.tif,Post_event/S2_20210814/874.tif,Annotations/874.tif
875,train,2654,19.104,13254,3130,0,0,7.025,15233,962,189,0,19.104,13254,3130,0,0,7.025,15233,962,189,0,Pre_event/S1_ASC_20210805/875.tif,Pre_event/S1_DESC_20210803/875.tif,Post_event/S1_ASC_20210817/875.tif,Post_event/S1_DESC_20210815/875.tif,Pre_event/S2_20210804/875.tif,Post_event/S2_20210814/875.tif,Annotations/875.tif
876,val,5075,20.093,13092,3291,1,0,6.531,15314,640,430,0,20.093,13092,3291,1,0,6.531,15314,640,430,0,Pre_event/S1_ASC_20210805/876.tif,Pre_event/S1_DESC_20210803/876.tif,Post_event/S1_ASC_20210817/876.tif,Post_event/S1_DESC_20210815/876.tif,Pre_event/S2_20210804/876.tif,Post_event/S2_20210814/876.tif,Annotations/876.tif
877,train,6236,21.741,12822,3509,53,0,11.469,14505,1346,520,13,21.741,12822,3509,53,0,11.469,14505,1346,520,13,Pre_event/S1_ASC_20210805/877.tif,Pre_event/S1_DESC_20210803/877.tif,Post_event/S1_ASC_20210817/877.tif,Post_event/S1_DESC_20210815/877.tif,Pre_event/S2_20210804/877.tif,Post_event/S2_20210814/877.tif,Annotations/877.tif
878,train,4475,27.142,11937,4391,56,0,12.598,14320,1774,277,13,27.142,11937,4391,56,0,12.598,14320,1774,277,13,Pre_event/S1_ASC_20210805/878.tif,Pre_event/S1_DESC_20210803/878.tif,Post_event/S1_ASC_20210817/878.tif,Post_event/S1_DESC_20210815/878.tif,Pre_event/S2_20210804/878.tif,Post_event/S2_20210814/878.tif,Annotations/878.tif
879,test,2458,17.902,13451,2929,4,0,4.456,15654,658,72,0,17.902,13451,2929,4,0,4.456,15654,658,72,0,Pre_event/S1_ASC_20210805/879.tif,Pre_event/S1_DESC_20210803/879.tif,Post_event/S1_ASC_20210817/879.tif,Post_event/S1_DESC_20210815/879.tif,Pre_event/S2_20210804/879.tif,Post_event/S2_20210814/879.tif,Annotations/879.tif
880,val,2820,11.414,14514,1870,0,0,4.022,15725,652,7,0,11.414,14514,1870,0,0,4.022,15725,652,7,0,Pre_event/S1_ASC_20210805/880.tif,Pre_event/S1_DESC_20210803/880.tif,Post_event/S1_ASC_20210817/880.tif,Post_event/S1_DESC_20210815/880.tif,Pre_event/S2_20210804/880.tif,Post_event/S2_20210814/880.tif,Annotations/880.tif
881,train,4383,10.291,14698,1686,0,0,6.604,15302,1082,0,0,10.291,14698,1686,0,0,6.604,15302,1082,0,0,Pre_event/S1_ASC_20210805/881.tif,Pre_event/S1_DESC_20210803/881.tif,Post_event/S1_ASC_20210817/881.tif,Post_event/S1_DESC_20210815/881.tif,Pre_event/S2_20210804/881.tif,Post_event/S2_20210814/881.tif,Annotations/881.tif
882,train,2315,3.058,15883,501,0,0,4.437,15657,727,0,0,3.058,15883,501,0,0,4.437,15657,727,0,0,Pre_event/S1_ASC_20210805/882.tif,Pre_event/S1_DESC_20210803/882.tif,Post_event/S1_ASC_20210817/882.tif,Post_event/S1_DESC_20210815/882.tif,Pre_event/S2_20210804/882.tif,Post_event/S2_20210814/882.tif,Annotations/882.tif
883,train,105,1.196,16188,196,0,0,1.721,16102,282,0,0,1.196,16188,196,0,0,1.721,16102,282,0,0,Pre_event/S1_ASC_20210805/883.tif,Pre_event/S1_DESC_20210803/883.tif,Post_event/S1_ASC_20210817/883.tif,Post_event/S1_DESC_20210815/883.tif,Pre_event/S2_20210804/883.tif,Post_event/S2_20210814/883.tif,Annotations/883.tif
884,train,235,7.025,15233,1151,0,0,0.378,16322,0,61,1,7.025,15233,1151,0,0,0.378,16322,0,61,1,Pre_event/S1_ASC_20210805/884.tif,Pre_event/S1_DESC_20210803/884.tif,Post_event/S1_ASC_20210817/884.tif,Post_event/S1_DESC_20210815/884.tif,Pre_event/S2_20210804/884.tif,Post_event/S2_20210814/884.tif,Annotations/884.tif
885,train,856,12.897,14271,2113,0,0,0.104,16367,0,17,0,12.897,14271,2113,0,0,0.104,16367,0,17,0,Pre_event/S1_ASC_20210805/885.tif,Pre_event/S1_DESC_20210803/885.tif,Post_event/S1_ASC_20210817/885.tif,Post_event/S1_DESC_20210815/885.tif,Pre_event/S2_20210804/885.tif,Post_event/S2_20210814/885.tif,Annotations/885.tif
886,test,667,11.682,14470,1914,0,0,0.0,16384,0,0,0,11.682,14470,1914,0,0,0.0,16384,0,0,0,Pre_event/S1_ASC_20210805/886.tif,Pre_event/S1_DESC_20210803/886.tif,Post_event/S1_ASC_20210817/886.tif,Post_event/S1_DESC_20210815/886.tif,Pre_event/S2_20210804/886.tif,Post_event/S2_20210814/886.tif,Annotations/886.tif
887,train,108,2.716,15939,445,0,0,1.453,16146,238,0,0,2.716,15939,445,0,0,1.453,16146,238,0,0,Pre_event/S1_ASC_20210805/887.tif,Pre_event/S1_DESC_20210803/887.tif,Post_event/S1_ASC_20210817/887.tif,Post_event/S1_DESC_20210815/887.tif,Pre_event/S2_20210804/887.tif,Post_event/S2_20210814/887.tif,Annotations/887.tif
888,test,108,6.445,15328,1056,0,0,2.728,15937,447,0,0,6.445,15328,1056,0,0,2.728,15937,447,0,0,Pre_event/S1_ASC_20210805/888.tif,Pre_event/S1_DESC_20210803/888.tif,Post_event/S1_ASC_20210817/888.tif,Post_event/S1_DESC_20210815/888.tif,Pre_event/S2_20210804/888.tif,Post_event/S2_20210814/888.tif,Annotations/888.tif
889,val,121,27.838,11823,4552,9,0,0.0,16384,0,0,0,27.838,11823,4552,9,0,0.0,16384,0,0,0,Pre_event/S1_ASC_20210805/889.tif,Pre_event/S1_DESC_20210803/889.tif,Post_event/S1_ASC_20210817/889.tif,Post_event/S1_DESC_20210815/889.tif,Pre_event/S2_20210804/889.tif,Post_event/S2_20210814/889.tif,Annotations/889.tif
890,train,380,34.528,10727,5648,9,0,0.0,16384,0,0,0,34.528,10727,5648,9,0,0.0,16384,0,0,0,Pre_event/S1_ASC_20210805/890.tif,Pre_event/S1_DESC_20210803/890.tif,Post_event/S1_ASC_20210817/890.tif,Post_event/S1_DESC_20210815/890.tif,Pre_event/S2_20210804/890.tif,Post_event/S2_20210814/890.tif,Annotations/890.tif
891,train,259,25.488,12208,4176,0,0,0.0,16384,0,0,0,25.488,12208,4176,0,0,0.0,16384,0,0,0,Pre_event/S1_ASC_20210805/891.tif,Pre_event/S1_DESC_20210803/891.tif,Post_event/S1_ASC_20210817/891.tif,Post_event/S1_DESC_20210815/891.tif,Pre_event/S2_20210804/891.tif,Post_event/S2_20210814/891.tif,Annotations/891.tif
892,train,217,1.483,16141,243,0,0,0.0,16384,0,0,0,1.483,16141,243,0,0,0.0,16384,0,0,0,Pre_event/S1_ASC_20210805/892.tif,Pre_event/S1_DESC_20210803/892.tif,Post_event/S1_ASC_20210817/892.tif,Post_event/S1_DESC_20210815/892.tif,Pre_event/S2_20210804/892.tif,Post_event/S2_20210814/892.tif,Annotations/892.tif
893,val,217,3.754,15769,615,0,0,0.0,16384,0,0,0,3.754,15769,615,0,0,0.0,16384,0,0,0,Pre_event/S1_ASC_20210805/893.tif,Pre_event/S1_DESC_20210803/893.tif,Post_event/S1_ASC_20210817/893.tif,Post_event/S1_DESC_20210815/893.tif,Pre_event/S2_20210804/893.tif,Post_event/S2_20210814/893.tif,Annotations/893.tif
894,train,340,0.177,16355,29,0,0,0.0,16384,0,0,0,0.177,16355,29,0,0,0.0,16384,0,0,0,Pre_event/S1_ASC_20210805/894.tif,Pre_event/S1_DESC_20210803/894.tif,Post_event/S1_ASC_20210817/894.tif,Post_event/S1_DESC_20210815/894.tif,Pre_event/S2_20210804/894.tif,Post_event/S2_20210814/894.tif,Annotations/894.tif
895,train,507,0.0,16384,0,0,0,0.0,16384,0,0,0,0.0,16384,0,0,0,0.0,16384,0,0,0,Pre_event/S1_ASC_20210805/895.tif,Pre_event/S1_DESC_20210803/895.tif,Post_event/S1_ASC_20210817/895.tif,Post_event/S1_DESC_20210815/895.tif,Pre_event/S2_20210804/895.tif,Post_event/S2_20210814/895.tif,Annotations/895.tif
896,train,526,2.075,16044,340,0,0,2.35,15999,385,0,0,2.075,16044,340,0,0,2.35,15999,385,0,0,Pre_event/S1_ASC_20210805/896.tif,Pre_event/S1_DESC_20210803/896.tif,Post_event/S1_ASC_20210817/896.tif,Post_event/S1_DESC_20210815/896.tif,Pre_event/S2_20210804/896.tif,Post_event/S2_20210814/896.tif,Annotations/896.tif
897,val,1533,23.035,12610,3774,0,0,3.632,15789,509,86,0,23.035,12610,3774,0,0,3.632,15789,509,86,0,Pre_event/S1_ASC_20210805/897.tif,Pre_event/S1_DESC_20210803/897.tif,Post_event/S1_ASC_20210817/897.tif,Post_event/S1_DESC_20210815/897.tif,Pre_event/S2_20210804/897.tif,Post_event/S2_20210814/897.tif,Annotations/897.tif
898,train,3765,46.075,8835,7549,0,0,3.748,15770,400,214,0,46.075,8835,7549,0,0,3.748,15770,400,214,0,Pre_event/S1_ASC_20210805/898.tif,Pre_event/S1_DESC_20210803/898.tif,Post_event/S1_ASC_20210817/898.tif,Post_event/S1_DESC_20210815/898.tif,Pre_event/S2_20210804/898.tif,Post_event/S2_20210814/898.tif,Annotations/898.tif
899,val,5370,27.1,11944,4440,0,0,4.364,15669,586,129,0,27.1,11944,4440,0,0,4.364,15669,586,129,0,Pre_event/S1_ASC_20210805/899.tif,Pre_event/S1_DESC_20210803/899.tif,Post_event/S1_ASC_20210817/899.tif,Post_event/S1_DESC_20210815/899.tif,Pre_event/S2_20210804/899.tif,Post_event/S2_20210814/899.tif,Annotations/899.tif
900,test,6421,4.254,15687,681,16,0,12.347,14361,2016,7,0,4.254,15687,681,16,0,12.347,14361,2016,7,0,Pre_event/S1_ASC_20210805/900.tif,Pre_event/S1_DESC_20210803/900.tif,Post_event/S1_ASC_20210817/900.tif,Post_event/S1_DESC_20210815/900.tif,Pre_event/S2_20210804/900.tif,Post_event/S2_20210814/900.tif,Annotations/900.tif
901,test,6097,4.846,15590,737,42,15,18.579,13340,2960,37,47,4.846,15590,737,42,15,18.579,13340,2960,37,47,Pre_event/S1_ASC_20210805/901.tif,Pre_event/S1_DESC_20210803/901.tif,Post_event/S1_ASC_20210817/901.tif,Post_event/S1_DESC_20210815/901.tif,Pre_event/S2_20210804/901.tif,Post_event/S2_20210814/901.tif,Annotations/901.tif
902,train,3404,7.22,15201,1142,26,15,9.015,14907,1399,31,47,7.22,15201,1142,26,15,9.015,14907,1399,31,47,Pre_event/S1_ASC_20210805/902.tif,Pre_event/S1_DESC_20210803/902.tif,Post_event/S1_ASC_20210817/902.tif,Post_event/S1_DESC_20210815/902.tif,Pre_event/S2_20210804/902.tif,Post_event/S2_20210814/902.tif,Annotations/902.tif
903,val,3448,30.438,11397,4987,0,0,1.416,16152,163,69,0,30.438,11397,4987,0,0,1.416,16152,163,69,0,Pre_event/S1_ASC_20210805/903.tif,Pre_event/S1_DESC_20210803/903.tif,Post_event/S1_ASC_20210817/903.tif,Post_event/S1_DESC_20210815/903.tif,Pre_event/S2_20210804/903.tif,Post_event/S2_20210814/903.tif,Annotations/903.tif
904,train,6214,52.155,7839,8545,0,0,1.947,16065,181,138,0,52.155,7839,8545,0,0,1.947,16065,181,138,0,Pre_event/S1_ASC_20210805/904.tif,Pre_event/S1_DESC_20210803/904.tif,Post_event/S1_ASC_20210817/904.tif,Post_event/S1_DESC_20210815/904.tif,Pre_event/S2_20210804/904.tif,Post_event/S2_20210814/904.tif,Annotations/904.tif
905,train,5073,36.81,10353,6031,0,0,4.431,15658,657,69,0,36.81,10353,6031,0,0,4.431,15658,657,69,0,Pre_event/S1_ASC_20210805/905.tif,Pre_event/S1_DESC_20210803/905.tif,Post_event/S1_ASC_20210817/905.tif,Post_event/S1_DESC_20210815/905.tif,Pre_event/S2_20210804/905.tif,Post_event/S2_20210814/905.tif,Annotations/905.tif
906,train,1747,15.9,13779,2605,0,0,4.944,15574,810,0,0,15.9,13779,2605,0,0,4.944,15574,810,0,0,Pre_event/S1_ASC_20210805/906.tif,Pre_event/S1_DESC_20210803/906.tif,Post_event/S1_ASC_20210817/906.tif,Post_event/S1_DESC_20210815/906.tif,Pre_event/S2_20210804/906.tif,Post_event/S2_20210814/906.tif,Annotations/906.tif
907,train,482,5.573,15471,913,0,0,2.704,15941,443,0,0,5.573,15471,913,0,0,2.704,15941,443,0,0,Pre_event/S1_ASC_20210805/907.tif,Pre_event/S1_DESC_20210803/907.tif,Post_event/S1_ASC_20210817/907.tif,Post_event/S1_DESC_20210815/907.tif,Pre_event/S2_20210804/907.tif,Post_event/S2_20210814/907.tif,Annotations/907.tif
908,train,282,0.122,16364,20,0,0,2.722,15938,446,0,0,0.122,16364,20,0,0,2.722,15938,446,0,0,Pre_event/S1_ASC_20210805/908.tif,Pre_event/S1_DESC_20210803/908.tif,Post_event/S1_ASC_20210817/908.tif,Post_event/S1_DESC_20210815/908.tif,Pre_event/S2_20210804/908.tif,Post_event/S2_20210814/908.tif,Annotations/908.tif
909,train,347,3.961,15735,649,0,0,1.947,16065,319,0,0,3.961,15735,649,0,0,1.947,16065,319,0,0,Pre_event/S1_ASC_20210805/909.tif,Pre_event/S1_DESC_20210803/909.tif,Post_event/S1_ASC_20210817/909.tif,Post_event/S1_DESC_20210815/909.tif,Pre_event/S2_20210804/909.tif,Post_event/S2_20210814/909.tif,Annotations/909.tif
910,test,278,11.108,14564,1820,0,0,0.0,16384,0,0,0,11.108,14564,1820,0,0,0.0,16384,0,0,0,Pre_event/S1_ASC_20210805/910.tif,Pre_event/S1_DESC_20210803/910.tif,Post_event/S1_ASC_20210817/910.tif,Post_event/S1_DESC_20210815/910.tif,Pre_event/S2_20210804/910.tif,Post_event/S2_20210814/910.tif,Annotations/910.tif
911,val,233,33.948,10822,5562,0,0,0.0,16384,0,0,0,33.948,10822,5562,0,0,0.0,16384,0,0,0,Pre_event/S1_ASC_20210805/911.tif,Pre_event/S1_DESC_20210803/911.tif,Post_event/S1_ASC_20210817/911.tif,Post_event/S1_DESC_20210815/911.tif,Pre_event/S2_20210804/911.tif,Post_event/S2_20210814/911.tif,Annotations/911.tif
912,train,233,24.536,12364,4020,0,0,0.0,16384,0,0,0,24.536,12364,4020,0,0,0.0,16384,0,0,0,Pre_event/S1_ASC_20210805/912.tif,Pre_event/S1_DESC_20210803/912.tif,Post_event/S1_ASC_20210817/912.tif,Post_event/S1_DESC_20210815/912.tif,Pre_event/S2_20210804/912.tif,Post_event/S2_20210814/912.tif,Annotations/912.tif
913,train,185,0.043,16377,7,0,0,0.098,16368,16,0,0,0.043,16377,7,0,0,0.098,16368,16,0,0,Pre_event/S1_ASC_20210805/913.tif,Pre_event/S1_DESC_20210803/913.tif,Post_event/S1_ASC_20210817/913.tif,Post_event/S1_DESC_20210815/913.tif,Pre_event/S2_20210804/913.tif,Post_event/S2_20210814/913.tif,Annotations/913.tif
914,val,231,0.049,16376,8,0,0,0.116,16365,19,0,0,0.049,16376,8,0,0,0.116,16365,19,0,0,Pre_event/S1_ASC_20210805/914.tif,Pre_event/S1_DESC_20210803/914.tif,Post_event/S1_ASC_20210817/914.tif,Post_event/S1_DESC_20210815/914.tif,Pre_event/S2_20210804/914.tif,Post_event/S2_20210814/914.tif,Annotations/914.tif
915,train,845,2.57,15963,421,0,0,0.006,16383,0,1,0,2.57,15963,421,0,0,0.006,16383,0,1,0,Pre_event/S1_ASC_20210805/915.tif,Pre_event/S1_DESC_20210803/915.tif,Post_event/S1_ASC_20210817/915.tif,Post_event/S1_DESC_20210815/915.tif,Pre_event/S2_20210804/915.tif,Post_event/S2_20210814/915.tif,Annotations/915.tif
916,train,2016,3.235,15854,530,0,0,1.959,16063,320,1,0,3.235,15854,530,0,0,1.959,16063,320,1,0,Pre_event/S1_ASC_20210805/916.tif,Pre_event/S1_DESC_20210803/916.tif,Post_event/S1_ASC_20210817/916.tif,Post_event/S1_DESC_20210815/916.tif,Pre_event/S2_20210804/916.tif,Post_event/S2_20210814/916.tif,Annotations/916.tif
917,train,1934,17.761,13474,2910,0,0,2.411,15989,376,19,0,17.761,13474,2910,0,0,2.411,15989,376,19,0,Pre_event/S1_ASC_20210805/917.tif,Pre_event/S1_DESC_20210803/917.tif,Post_event/S1_ASC_20210817/917.tif,Post_event/S1_DESC_20210815/917.tif,Pre_event/S2_20210804/917.tif,Post_event/S2_20210814/917.tif,Annotations/917.tif
918,val,3151,44.165,9148,7236,0,0,1.166,16193,166,25,0,44.165,9148,7236,0,0,1.166,16193,166,25,0,Pre_event/S1_ASC_20210805/918.tif,Pre_event/S1_DESC_20210803/918.tif,Post_event/S1_ASC_20210817/918.tif,Post_event/S1_DESC_20210815/918.tif,Pre_event/S2_20210804/918.tif,Post_event/S2_20210814/918.tif,Annotations/918.tif
919,train,4288,32.111,11123,5252,1,8,4.346,15672,671,17,24,32.111,11123,5252,1,8,4.346,15672,671,17,24,Pre_event/S1_ASC_20210805/919.tif,Pre_event/S1_DESC_20210803/919.tif,Post_event/S1_ASC_20210817/919.tif,Post_event/S1_DESC_20210815/919.tif,Pre_event/S2_20210804/919.tif,Post_event/S2_20210814/919.tif,Annotations/919.tif
920,train,6302,15.826,13791,2547,38,8,10.266,14702,1436,222,24,15.826,13791,2547,38,8,10.266,14702,1436,222,24,Pre_event/S1_ASC_20210805/920.tif,Pre_event/S1_DESC_20210803/920.tif,Post_event/S1_ASC_20210817/920.tif,Post_event/S1_DESC_20210815/920.tif,Pre_event/S2_20210804/920.tif,Post_event/S2_20210814/920.tif,Annotations/920.tif
921,test,7253,24.298,12403,3852,114,15,12.933,14265,1687,385,47,24.298,12403,3852,114,15,12.933,14265,1687,385,47,Pre_event/S1_ASC_20210805/921.tif,Pre_event/S1_DESC_20210803/921.tif,Post_event/S1_ASC_20210817/921.tif,Post_event/S1_DESC_20210815/921.tif,Pre_event/S2_20210804/921.tif,Post_event/S2_20210814/921.tif,Annotations/921.tif
922,val,3490,15.894,13780,2512,77,15,7.074,15225,938,174,47,15.894,13780,2512,77,15,7.074,15225,938,174,47,Pre_event/S1_ASC_20210805/922.tif,Pre_event/S1_DESC_20210803/922.tif,Post_event/S1_ASC_20210817/922.tif,Post_event/S1_DESC_20210815/922.tif,Pre_event/S2_20210804/922.tif,Post_event/S2_20210814/922.tif,Annotations/922.tif
923,train,3172,38.202,10125,6259,0,0,1.605,16121,126,137,0,38.202,10125,6259,0,0,1.605,16121,126,137,0,Pre_event/S1_ASC_20210805/923.tif,Pre_event/S1_DESC_20210803/923.tif,Post_event/S1_ASC_20210817/923.tif,Post_event/S1_DESC_20210815/923.tif,Pre_event/S2_20210804/923.tif,Post_event/S2_20210814/923.tif,Annotations/923.tif
924,train,6470,76.239,3893,12491,0,0,2.899,15909,267,208,0,76.239,3893,12491,0,0,2.899,15909,267,208,0,Pre_event/S1_ASC_20210805/924.tif,Pre_event/S1_DESC_20210803/924.tif,Post_event/S1_ASC_20210817/924.tif,Post_event/S1_DESC_20210815/924.tif,Pre_event/S2_20210804/924.tif,Post_event/S2_20210814/924.tif,Annotations/924.tif
925,train,7134,61.554,6299,10085,0,0,3.381,15830,483,71,0,61.554,6299,10085,0,0,3.381,15830,483,71,0,Pre_event/S1_ASC_20210805/925.tif,Pre_event/S1_DESC_20210803/925.tif,Post_event/S1_ASC_20210817/925.tif,Post_event/S1_DESC_20210815/925.tif,Pre_event/S2_20210804/925.tif,Post_event/S2_20210814/925.tif,Annotations/925.tif
926,train,3627,29.51,11549,4835,0,0,3.223,15856,528,0,0,29.51,11549,4835,0,0,3.223,15856,528,0,0,Pre_event/S1_ASC_20210805/926.tif,Pre_event/S1_DESC_20210803/926.tif,Post_event/S1_ASC_20210817/926.tif,Post_event/S1_DESC_20210815/926.tif,Pre_event/S2_20210804/926.tif,Post_event/S2_20210814/926.tif,Annotations/926.tif
927,train,939,18.018,13432,2952,0,0,2.979,15896,460,28,0,18.018,13432,2952,0,0,2.979,15896,460,28,0,Pre_event/S1_ASC_20210805/927.tif,Pre_event/S1_DESC_20210803/927.tif,Post_event/S1_ASC_20210817/927.tif,Post_event/S1_DESC_20210815/927.tif,Pre_event/S2_20210804/927.tif,Post_event/S2_20210814/927.tif,Annotations/927.tif
928,train,1115,17.981,13438,2946,0,0,3.546,15803,543,38,0,17.981,13438,2946,0,0,3.546,15803,543,38,0,Pre_event/S1_ASC_20210805/928.tif,Pre_event/S1_DESC_20210803/928.tif,Post_event/S1_ASC_20210817/928.tif,Post_event/S1_DESC_20210815/928.tif,Pre_event/S2_20210804/928.tif,Post_event/S2_20210814/928.tif,Annotations/928.tif
929,train,882,14.209,14056,2328,0,0,4.309,15678,654,52,0,14.209,14056,2328,0,0,4.309,15678,654,52,0,Pre_event/S1_ASC_20210805/929.tif,Pre_event/S1_DESC_20210803/929.tif,Post_event/S1_ASC_20210817/929.tif,Post_event/S1_DESC_20210815/929.tif,Pre_event/S2_20210804/929.tif,Post_event/S2_20210814/929.tif,Annotations/929.tif
930,test,597,10.413,14678,1706,0,0,5.548,15475,867,42,0,10.413,14678,1706,0,0,5.548,15475,867,42,0,Pre_event/S1_ASC_20210805/930.tif,Pre_event/S1_DESC_20210803/930.tif,Post_event/S1_ASC_20210817/930.tif,Post_event/S1_DESC_20210815/930.tif,Pre_event/S2_20210804/930.tif,Post_event/S2_20210814/930.tif,Annotations/930.tif
931,val,373,8.856,14933,1451,0,0,3.931,15740,644,0,0,8.856,14933,1451,0,0,3.931,15740,644,0,0,Pre_event/S1_ASC_20210805/931.tif,Pre_event/S1_DESC_20210803/931.tif,Post_event/S1_ASC_20210817/931.tif,Post_event/S1_DESC_20210815/931.tif,Pre_event/S2_20210804/931.tif,Post_event/S2_20210814/931.tif,Annotations/931.tif
932,test,362,0.043,16377,7,0,0,0.0,16384,0,0,0,0.043,16377,7,0,0,0.0,16384,0,0,0,Pre_event/S1_ASC_20210805/932.tif,Pre_event/S1_DESC_20210803/932.tif,Post_event/S1_ASC_20210817/932.tif,Post_event/S1_DESC_20210815/932.tif,Pre_event/S2_20210804/932.tif,Post_event/S2_20210814/932.tif,Annotations/932.tif
933,val,452,0.0,16384,0,0,0,0.0,16384,0,0,0,0.0,16384,0,0,0,0.0,16384,0,0,0,Pre_event/S1_ASC_20210805/933.tif,Pre_event/S1_DESC_20210803/933.tif,Post_event/S1_ASC_20210817/933.tif,Post_event/S1_DESC_20210815/933.tif,Pre_event/S2_20210804/933.tif,Post_event/S2_20210814/933.tif,Annotations/933.tif
934,train,857,3.955,15736,648,0,0,0.006,16383,0,1,0,3.955,15736,648,0,0,0.006,16383,0,1,0,Pre_event/S1_ASC_20210805/934.tif,Pre_event/S1_DESC_20210803/934.tif,Post_event/S1_ASC_20210817/934.tif,Post_event/S1_DESC_20210815/934.tif,Pre_event/S2_20210804/934.tif,Post_event/S2_20210814/934.tif,Annotations/934.tif
935,train,2617,10.071,14734,1650,0,0,1.526,16134,249,1,0,10.071,14734,1650,0,0,1.526,16134,249,1,0,Pre_event/S1_ASC_20210805/935.tif,Pre_event/S1_DESC_20210803/935.tif,Post_event/S1_ASC_20210817/935.tif,Post_event/S1_DESC_20210815/935.tif,Pre_event/S2_20210804/935.tif,Post_event/S2_20210814/935.tif,Annotations/935.tif
936,test,3790,9.802,14778,1606,0,0,1.862,16079,305,0,0,9.802,14778,1606,0,0,1.862,16079,305,0,0,Pre_event/S1_ASC_20210805/936.tif,Pre_event/S1_DESC_20210803/936.tif,Post_event/S1_ASC_20210817/936.tif,Post_event/S1_DESC_20210815/936.tif,Pre_event/S2_20210804/936.tif,Post_event/S2_20210814/936.tif,Annotations/936.tif
937,train,3278,17.932,13446,2938,0,0,0.793,16254,130,0,0,17.932,13446,2938,0,0,0.793,16254,130,0,0,Pre_event/S1_ASC_20210805/937.tif,Pre_event/S1_DESC_20210803/937.tif,Post_event/S1_ASC_20210817/937.tif,Post_event/S1_DESC_20210815/937.tif,Pre_event/S2_20210804/937.tif,Post_event/S2_20210814/937.tif,Annotations/937.tif
938,test,3786,23.218,12580,3795,1,8,3.748,15770,536,54,24,23.218,12580,3795,1,8,3.748,15770,536,54,24,Pre_event/S1_ASC_20210805/938.tif,Pre_event/S1_DESC_20210803/938.tif,Post_event/S1_ASC_20210817/938.tif,Post_event/S1_DESC_20210815/938.tif,Pre_event/S2_20210804/938.tif,Post_event/S2_20210814/938.tif,Annotations/938.tif
939,train,6621,19.177,13242,3112,22,8,7.349,15180,905,275,24,19.177,13242,3112,22,8,7.349,15180,905,275,24,Pre_event/S1_ASC_20210805/939.tif,Pre_event/S1_DESC_20210803/939.tif,Post_event/S1_ASC_20210817/939.tif,Post_event/S1_DESC_20210815/939.tif,Pre_event/S2_20210804/939.tif,Post_event/S2_20210814/939.tif,Annotations/939.tif
940,train,7154,24.377,12390,3912,82,0,10.809,14613,1386,385,0,24.377,12390,3912,82,0,10.809,14613,1386,385,0,Pre_event/S1_ASC_20210805/940.tif,Pre_event/S1_DESC_20210803/940.tif,Post_event/S1_ASC_20210817/940.tif,Post_event/S1_DESC_20210815/940.tif,Pre_event/S2_20210804/940.tif,Post_event/S2_20210814/940.tif,Annotations/940.tif
941,train,3547,12.708,14302,2021,61,0,6.757,15277,943,164,0,12.708,14302,2021,61,0,6.757,15277,943,164,0,Pre_event/S1_ASC_20210805/941.tif,Pre_event/S1_DESC_20210803/941.tif,Post_event/S1_ASC_20210817/941.tif,Post_event/S1_DESC_20210815/941.tif,Pre_event/S2_20210804/941.tif,Post_event/S2_20210814/941.tif,Annotations/941.tif
942,train,1247,12.714,14301,2083,0,0,0.604,16285,31,68,0,12.714,14301,2083,0,0,0.604,16285,31,68,0,Pre_event/S1_ASC_20210805/942.tif,Pre_event/S1_DESC_20210803/942.tif,Post_event/S1_ASC_20210817/942.tif,Post_event/S1_DESC_20210815/942.tif,Pre_event/S2_20210804/942.tif,Post_event/S2_20210814/942.tif,Annotations/942.tif
943,train,3930,39.288,9947,6437,0,0,4.022,15725,589,70,0,39.288,9947,6437,0,0,4.022,15725,589,70,0,Pre_event/S1_ASC_20210805/943.tif,Pre_event/S1_DESC_20210803/943.tif,Post_event/S1_ASC_20210817/943.tif,Post_event/S1_DESC_20210815/943.tif,Pre_event/S2_20210804/943.tif,Post_event/S2_20210814/943.tif,Annotations/943.tif
944,train,6505,43.06,9329,7055,0,0,8.069,15062,1320,2,0,43.06,9329,7055,0,0,8.069,15062,1320,2,0,Pre_event/S1_ASC_20210805/944.tif,Pre_event/S1_DESC_20210803/944.tif,Post_event/S1_ASC_20210817/944.tif,Post_event/S1_DESC_20210815/944.tif,Pre_event/S2_20210804/944.tif,Post_event/S2_20210814/944.tif,Annotations/944.tif
945,val,3537,20.044,13100,3284,0,0,4.651,15622,762,0,0,20.044,13100,3284,0,0,4.651,15622,762,0,0,Pre_event/S1_ASC_20210805/945.tif,Pre_event/S1_DESC_20210803/945.tif,Post_event/S1_ASC_20210817/945.tif,Post_event/S1_DESC_20210815/945.tif,Pre_event/S2_20210804/945.tif,Post_event/S2_20210814/945.tif,Annotations/945.tif
946,test,598,12.592,14321,2063,0,0,0.299,16335,21,28,0,12.592,14321,2063,0,0,0.299,16335,21,28,0,Pre_event/S1_ASC_20210805/946.tif,Pre_event/S1_DESC_20210803/946.tif,Post_event/S1_ASC_20210817/946.tif,Post_event/S1_DESC_20210815/946.tif,Pre_event/S2_20210804/946.tif,Post_event/S2_20210814/946.tif,Annotations/946.tif
947,train,833,17.859,13458,2926,0,0,0.824,16249,97,38,0,17.859,13458,2926,0,0,0.824,16249,97,38,0,Pre_event/S1_ASC_20210805/947.tif,Pre_event/S1_DESC_20210803/947.tif,Post_event/S1_ASC_20210817/947.tif,Post_event/S1_DESC_20210815/947.tif,Pre_event/S2_20210804/947.tif,Post_event/S2_20210814/947.tif,Annotations/947.tif
948,train,761,16.522,13677,2707,0,0,2.362,15997,335,52,0,16.522,13677,2707,0,0,2.362,15997,335,52,0,Pre_event/S1_ASC_20210805/948.tif,Pre_event/S1_DESC_20210803/948.tif,Post_event/S1_ASC_20210817/948.tif,Post_event/S1_DESC_20210815/948.tif,Pre_event/S2_20210804/948.tif,Post_event/S2_20210814/948.tif,Annotations/948.tif
949,test,952,17.761,13474,2910,0,0,6.946,15246,1051,87,0,17.761,13474,2910,0,0,6.946,15246,1051,87,0,Pre_event/S1_ASC_20210805/949.tif,Pre_event/S1_DESC_20210803/949.tif,Post_event/S1_ASC_20210817/949.tif,Post_event/S1_DESC_20210815/949.tif,Pre_event/S2_20210804/949.tif,Post_event/S2_20210814/949.tif,Annotations/949.tif
950,train,952,14.557,13999,2385,0,0,6.39,15337,991,56,0,14.557,13999,2385,0,0,6.39,15337,991,56,0,Pre_event/S1_ASC_20210805/950.tif,Pre_event/S1_DESC_20210803/950.tif,Post_event/S1_ASC_20210817/950.tif,Post_event/S1_DESC_20210815/950.tif,Pre_event/S2_20210804/950.tif,Post_event/S2_20210814/950.tif,Annotations/950.tif
951,train,347,4.492,15648,736,0,0,1.282,16174,199,11,0,4.492,15648,736,0,0,1.282,16174,199,11,0,Pre_event/S1_ASC_20210805/951.tif,Pre_event/S1_DESC_20210803/951.tif,Post_event/S1_ASC_20210817/951.tif,Post_event/S1_DESC_20210815/951.tif,Pre_event/S2_20210804/951.tif,Post_event/S2_20210814/951.tif,Annotations/951.tif
952,train,104,0.0,16384,0,0,0,0.0,16384,0,0,0,0.0,16384,0,0,0,0.0,16384,0,0,0,Pre_event/S1_ASC_20210805/952.tif,Pre_event/S1_DESC_20210803/952.tif,Post_event/S1_ASC_20210817/952.tif,Post_event/S1_DESC_20210815/952.tif,Pre_event/S2_20210804/952.tif,Post_event/S2_20210814/952.tif,Annotations/952.tif
953,train,177,1.312,16169,215,0,0,0.0,16384,0,0,0,1.312,16169,215,0,0,0.0,16384,0,0,0,Pre_event/S1_ASC_20210805/953.tif,Pre_event/S1_DESC_20210803/953.tif,Post_event/S1_ASC_20210817/953.tif,Post_event/S1_DESC_20210815/953.tif,Pre_event/S2_20210804/953.tif,Post_event/S2_20210814/953.tif,Annotations/953.tif
954,train,221,0.519,16299,85,0,0,0.0,16384,0,0,0,0.519,16299,85,0,0,0.0,16384,0,0,0,Pre_event/S1_ASC_20210805/954.tif,Pre_event/S1_DESC_20210803/954.tif,Post_event/S1_ASC_20210817/954.tif,Post_event/S1_DESC_20210815/954.tif,Pre_event/S2_20210804/954.tif,Post_event/S2_20210814/954.tif,Annotations/954.tif
955,train,109,2.545,15967,417,0,0,0.031,16379,0,5,0,2.545,15967,417,0,0,0.031,16379,0,5,0,Pre_event/S1_ASC_20210805/955.tif,Pre_event/S1_DESC_20210803/955.tif,Post_event/S1_ASC_20210817/955.tif,Post_event/S1_DESC_20210815/955.tif,Pre_event/S2_20210804/955.tif,Post_event/S2_20210814/955.tif,Annotations/955.tif
956,train,315,1.385,16157,227,0,0,0.0,16384,0,0,0,1.385,16157,227,0,0,0.0,16384,0,0,0,Pre_event/S1_ASC_20210805/956.tif,Pre_event/S1_DESC_20210803/956.tif,Post_event/S1_ASC_20210817/956.tif,Post_event/S1_DESC_20210815/956.tif,Pre_event/S2_20210804/956.tif,Post_event/S2_20210814/956.tif,Annotations/956.tif
957,val,2215,8.826,14938,1446,0,0,0.995,16221,163,0,0,8.826,14938,1446,0,0,0.995,16221,163,0,0,Pre_event/S1_ASC_20210805/957.tif,Pre_event/S1_DESC_20210803/957.tif,Post_event/S1_ASC_20210817/957.tif,Post_event/S1_DESC_20210815/957.tif,Pre_event/S2_20210804/957.tif,Post_event/S2_20210814/957.tif,Annotations/957.tif
958,train,4156,8.417,15005,1379,0,0,0.995,16221,163,0,0,8.417,15005,1379,0,0,0.995,16221,163,0,0,Pre_event/S1_ASC_20210805/958.tif,Pre_event/S1_DESC_20210803/958.tif,Post_event/S1_ASC_20210817/958.tif,Post_event/S1_DESC_20210815/958.tif,Pre_event/S2_20210804/958.tif,Post_event/S2_20210814/958.tif,Annotations/958.tif
959,train,2738,4.132,15707,677,0,0,0.22,16348,36,0,0,4.132,15707,677,0,0,0.22,16348,36,0,0,Pre_event/S1_ASC_20210805/959.tif,Pre_event/S1_DESC_20210803/959.tif,Post_event/S1_ASC_20210817/959.tif,Post_event/S1_DESC_20210815/959.tif,Pre_event/S2_20210804/959.tif,Post_event/S2_20210814/959.tif,Annotations/959.tif
960,train,3264,10.321,14693,1691,0,0,1.672,16110,228,46,0,10.321,14693,1691,0,0,1.672,16110,228,46,0,Pre_event/S1_ASC_20210805/960.tif,Pre_event/S1_DESC_20210803/960.tif,Post_event/S1_ASC_20210817/960.tif,Post_event/S1_DESC_20210815/960.tif,Pre_event/S2_20210804/960.tif,Post_event/S2_20210814/960.tif,Annotations/960.tif
961,train,6439,13.324,14201,2179,4,0,4.773,15602,616,166,0,13.324,14201,2179,4,0,4.773,15602,616,166,0,Pre_event/S1_ASC_20210805/961.tif,Pre_event/S1_DESC_20210803/961.tif,Post_event/S1_ASC_20210817/961.tif,Post_event/S1_DESC_20210815/961.tif,Pre_event/S2_20210804/961.tif,Post_event/S2_20210814/961.tif,Annotations/961.tif
962,train,7875,14.215,14055,2284,45,0,12.634,14314,1674,396,0,14.215,14055,2284,45,0,12.634,14314,1674,396,0,Pre_event/S1_ASC_20210805/962.tif,Pre_event/S1_DESC_20210803/962.tif,Post_event/S1_ASC_20210817/962.tif,Post_event/S1_DESC_20210815/962.tif,Pre_event/S2_20210804/962.tif,Post_event/S2_20210814/962.tif,Annotations/962.tif
963,train,4827,7.904,15089,1254,41,0,9.766,14784,1324,276,0,7.904,15089,1254,41,0,9.766,14784,1324,276,0,Pre_event/S1_ASC_20210805/963.tif,Pre_event/S1_DESC_20210803/963.tif,Post_event/S1_ASC_20210817/963.tif,Post_event/S1_DESC_20210815/963.tif,Pre_event/S2_20210804/963.tif,Post_event/S2_20210814/963.tif,Annotations/963.tif
964,train,1055,0.824,16249,135,0,0,6.018,15398,986,0,0,0.824,16249,135,0,0,6.018,15398,986,0,0,Pre_event/S1_ASC_20210805/964.tif,Pre_event/S1_DESC_20210803/964.tif,Post_event/S1_ASC_20210817/964.tif,Post_event/S1_DESC_20210815/964.tif,Pre_event/S2_20210804/964.tif,Post_event/S2_20210814/964.tif,Annotations/964.tif
965,train,3094,10.046,14738,1644,2,0,13.129,14233,2151,0,0,10.046,14738,1644,2,0,13.129,14233,2151,0,0,Pre_event/S1_ASC_20210805/965.tif,Pre_event/S1_DESC_20210803/965.tif,Post_event/S1_ASC_20210817/965.tif,Post_event/S1_DESC_20210815/965.tif,Pre_event/S2_20210804/965.tif,Post_event/S2_20210814/965.tif,Annotations/965.tif
966,test,5504,18.762,13310,3072,2,0,13.062,14244,2140,0,0,18.762,13310,3072,2,0,13.062,14244,2140,0,0,Pre_event/S1_ASC_20210805/966.tif,Pre_event/S1_DESC_20210803/966.tif,Post_event/S1_ASC_20210817/966.tif,Post_event/S1_DESC_20210815/966.tif,Pre_event/S2_20210804/966.tif,Post_event/S2_20210814/966.tif,Annotations/966.tif
967,train,3317,8.905,14925,1459,0,0,5.585,15469,915,0,0,8.905,14925,1459,0,0,5.585,15469,915,0,0,Pre_event/S1_ASC_20210805/967.tif,Pre_event/S1_DESC_20210803/967.tif,Post_event/S1_ASC_20210817/967.tif,Post_event/S1_DESC_20210815/967.tif,Pre_event/S2_20210804/967.tif,Post_event/S2_20210814/967.tif,Annotations/967.tif
968,test,537,0.189,16353,31,0,0,0.085,16370,14,0,0,0.189,16353,31,0,0,0.085,16370,14,0,0,Pre_event/S1_ASC_20210805/968.tif,Pre_event/S1_DESC_20210803/968.tif,Post_event/S1_ASC_20210817/968.tif,Post_event/S1_DESC_20210815/968.tif,Pre_event/S2_20210804/968.tif,Post_event/S2_20210814/968.tif,Annotations/968.tif
969,train,458,13.379,14192,2192,0,0,1.624,16118,199,67,0,13.379,14192,2192,0,0,1.624,16118,199,67,0,Pre_event/S1_ASC_20210805/969.tif,Pre_event/S1_DESC_20210803/969.tif,Post_event/S1_ASC_20210817/969.tif,Post_event/S1_DESC_20210815/969.tif,Pre_event/S2_20210804/969.tif,Post_event/S2_20210814/969.tif,Annotations/969.tif
970,train,757,17.407,13532,2852,0,0,2.594,15959,347,78,0,17.407,13532,2852,0,0,2.594,15959,347,78,0,Pre_event/S1_ASC_20210805/970.tif,Pre_event/S1_DESC_20210803/970.tif,Post_event/S1_ASC_20210817/970.tif,Post_event/S1_DESC_20210815/970.tif,Pre_event/S2_20210804/970.tif,Post_event/S2_20210814/970.tif,Annotations/970.tif
971,train,573,12.372,14357,2027,0,0,1.184,16190,181,13,0,12.372,14357,2027,0,0,1.184,16190,181,13,0,Pre_event/S1_ASC_20210805/971.tif,Pre_event/S1_DESC_20210803/971.tif,Post_event/S1_ASC_20210817/971.tif,Post_event/S1_DESC_20210815/971.tif,Pre_event/S2_20210804/971.tif,Post_event/S2_20210814/971.tif,Annotations/971.tif
972,train,571,7.098,15221,1163,0,0,3.345,15836,522,17,9,7.098,15221,1163,0,0,3.345,15836,522,17,9,Pre_event/S1_ASC_20210805/972.tif,Pre_event/S1_DESC_20210803/972.tif,Post_event/S1_ASC_20210817/972.tif,Post_event/S1_DESC_20210815/972.tif,Pre_event/S2_20210804/972.tif,Post_event/S2_20210814/972.tif,Annotations/972.tif
973,test,551,1.361,16161,223,0,0,3.571,15799,561,15,9,1.361,16161,223,0,0,3.571,15799,561,15,9,Pre_event/S1_ASC_20210805/973.tif,Pre_event/S1_DESC_20210803/973.tif,Post_event/S1_ASC_20210817/973.tif,Post_event/S1_DESC_20210815/973.tif,Pre_event/S2_20210804/973.tif,Post_event/S2_20210814/973.tif,Annotations/973.tif
974,train,254,0.0,16384,0,0,0,0.659,16276,108,0,0,0.0,16384,0,0,0,0.659,16276,108,0,0,Pre_event/S1_ASC_20210805/974.tif,Pre_event/S1_DESC_20210803/974.tif,Post_event/S1_ASC_20210817/974.tif,Post_event/S1_DESC_20210815/974.tif,Pre_event/S2_20210804/974.tif,Post_event/S2_20210814/974.tif,Annotations/974.tif
975,train,286,0.0,16384,0,0,0,0.0,16384,0,0,0,0.0,16384,0,0,0,0.0,16384,0,0,0,Pre_event/S1_ASC_20210805/975.tif,Pre_event/S1_DESC_20210803/975.tif,Post_event/S1_ASC_20210817/975.tif,Post_event/S1_DESC_20210815/975.tif,Pre_event/S2_20210804/975.tif,Post_event/S2_20210814/975.tif,Annotations/975.tif
976,val,504,0.0,16384,0,0,0,0.397,16319,65,0,0,0.0,16384,0,0,0,0.397,16319,65,0,0,Pre_event/S1_ASC_20210805/976.tif,Pre_event/S1_DESC_20210803/976.tif,Post_event/S1_ASC_20210817/976.tif,Post_event/S1_DESC_20210815/976.tif,Pre_event/S2_20210804/976.tif,Post_event/S2_20210814/976.tif,Annotations/976.tif
977,train,2465,2.844,15918,466,0,0,0.629,16281,103,0,0,2.844,15918,466,0,0,0.629,16281,103,0,0,Pre_event/S1_ASC_20210805/977.tif,Pre_event/S1_DESC_20210803/977.tif,Post_event/S1_ASC_20210817/977.tif,Post_event/S1_DESC_20210815/977.tif,Pre_event/S2_20210804/977.tif,Post_event/S2_20210814/977.tif,Annotations/977.tif
978,val,3771,2.905,15908,476,0,0,0.378,16322,62,0,0,2.905,15908,476,0,0,0.378,16322,62,0,0,Pre_event/S1_ASC_20210805/978.tif,Pre_event/S1_DESC_20210803/978.tif,Post_event/S1_ASC_20210817/978.tif,Post_event/S1_DESC_20210815/978.tif,Pre_event/S2_20210804/978.tif,Post_event/S2_20210814/978.tif,Annotations/978.tif
979,test,1746,0.116,16365,19,0,0,0.146,16360,24,0,0,0.116,16365,19,0,0,0.146,16360,24,0,0,Pre_event/S1_ASC_20210805/979.tif,Pre_event/S1_DESC_20210803/979.tif,Post_event/S1_ASC_20210817/979.tif,Post_event/S1_DESC_20210815/979.tif,Pre_event/S2_20210804/979.tif,Post_event/S2_20210814/979.tif,Annotations/979.tif
980,train,2581,2.063,16046,338,0,0,1.929,16068,296,20,0,2.063,16046,338,0,0,1.929,16068,296,20,0,Pre_event/S1_ASC_20210805/980.tif,Pre_event/S1_DESC_20210803/980.tif,Post_event/S1_ASC_20210817/980.tif,Post_event/S1_DESC_20210815/980.tif,Pre_event/S2_20210804/980.tif,Post_event/S2_20210814/980.tif,Annotations/980.tif
981,train,5829,17.609,13499,2865,20,0,5.646,15459,762,163,0,17.609,13499,2865,20,0,5.646,15459,762,163,0,Pre_event/S1_ASC_20210805/981.tif,Pre_event/S1_DESC_20210803/981.tif,Post_event/S1_ASC_20210817/981.tif,Post_event/S1_DESC_20210815/981.tif,Pre_event/S2_20210804/981.tif,Post_event/S2_20210814/981.tif,Annotations/981.tif
982,val,7405,32.288,11094,5235,55,0,9.723,14791,970,623,0,32.288,11094,5235,55,0,9.723,14791,970,623,0,Pre_event/S1_ASC_20210805/982.tif,Pre_event/S1_DESC_20210803/982.tif,Post_event/S1_ASC_20210817/982.tif,Post_event/S1_DESC_20210815/982.tif,Pre_event/S2_20210804/982.tif,Post_event/S2_20210814/982.tif,Annotations/982.tif
983,train,4847,22.504,12697,3652,35,0,7.257,15195,633,556,0,22.504,12697,3652,35,0,7.257,15195,633,556,0,Pre_event/S1_ASC_20210805/983.tif,Pre_event/S1_DESC_20210803/983.tif,Post_event/S1_ASC_20210817/983.tif,Post_event/S1_DESC_20210815/983.tif,Pre_event/S2_20210804/983.tif,Post_event/S2_20210814/983.tif,Annotations/983.tif
984,train,1999,9.851,14770,1596,18,0,11.493,14501,1807,76,0,9.851,14770,1596,18,0,11.493,14501,1807,76,0,Pre_event/S1_ASC_20210805/984.tif,Pre_event/S1_DESC_20210803/984.tif,Post_event/S1_ASC_20210817/984.tif,Post_event/S1_DESC_20210815/984.tif,Pre_event/S2_20210804/984.tif,Post_event/S2_20210814/984.tif,Annotations/984.tif
985,test,3616,6.683,15289,1074,21,0,22.882,12635,3749,0,0,6.683,15289,1074,21,0,22.882,12635,3749,0,0,Pre_event/S1_ASC_20210805/985.tif,Pre_event/S1_DESC_20210803/985.tif,Post_event/S1_ASC_20210817/985.tif,Post_event/S1_DESC_20210815/985.tif,Pre_event/S2_20210804/985.tif,Post_event/S2_20210814/985.tif,Annotations/985.tif
986,train,4849,9.137,14887,1494,3,0,16.956,13606,2778,0,0,9.137,14887,1494,3,0,16.956,13606,2778,0,0,Pre_event/S1_ASC_20210805/986.tif,Pre_event/S1_DESC_20210803/986.tif,Post_event/S1_ASC_20210817/986.tif,Post_event/S1_DESC_20210815/986.tif,Pre_event/S2_20210804/986.tif,Post_event/S2_20210814/986.tif,Annotations/986.tif
987,train,3069,8.484,14994,1390,0,0,4.419,15660,724,0,0,8.484,14994,1390,0,0,4.419,15660,724,0,0,Pre_event/S1_ASC_20210805/987.tif,Pre_event/S1_DESC_20210803/987.tif,Post_event/S1_ASC_20210817/987.tif,Post_event/S1_DESC_20210815/987.tif,Pre_event/S2_20210804/987.tif,Post_event/S2_20210814/987.tif,Annotations/987.tif
988,test,711,1.996,16057,327,0,0,0.104,16367,17,0,0,1.996,16057,327,0,0,0.104,16367,17,0,0,Pre_event/S1_ASC_20210805/988.tif,Pre_event/S1_DESC_20210803/988.tif,Post_event/S1_ASC_20210817/988.tif,Post_event/S1_DESC_20210815/988.tif,Pre_event/S2_20210804/988.tif,Post_event/S2_20210814/988.tif,Annotations/988.tif
989,test,300,4.248,15688,696,0,0,0.72,16266,96,22,0,4.248,15688,696,0,0,0.72,16266,96,22,0,Pre_event/S1_ASC_20210805/989.tif,Pre_event/S1_DESC_20210803/989.tif,Post_event/S1_ASC_20210817/989.tif,Post_event/S1_DESC_20210815/989.tif,Pre_event/S2_20210804/989.tif,Post_event/S2_20210814/989.tif,Annotations/989.tif
990,train,1155,14.459,14015,2368,1,0,4.767,15603,687,94,0,14.459,14015,2368,1,0,4.767,15603,687,94,0,Pre_event/S1_ASC_20210805/990.tif,Pre_event/S1_DESC_20210803/990.tif,Post_event/S1_ASC_20210817/990.tif,Post_event/S1_DESC_20210815/990.tif,Pre_event/S2_20210804/990.tif,Post_event/S2_20210814/990.tif,Annotations/990.tif
991,train,1597,31.445,11232,5151,1,0,9.802,14778,1128,469,9,31.445,11232,5151,1,0,9.802,14778,1128,469,9,Pre_event/S1_ASC_20210805/991.tif,Pre_event/S1_DESC_20210803/991.tif,Post_event/S1_ASC_20210817/991.tif,Post_event/S1_DESC_20210815/991.tif,Pre_event/S2_20210804/991.tif,Post_event/S2_20210814/991.tif,Annotations/991.tif
992,train,1688,31.628,11202,5182,0,0,11.688,14469,1235,671,9,31.628,11202,5182,0,0,11.688,14469,1235,671,9,Pre_event/S1_ASC_20210805/992.tif,Pre_event/S1_DESC_20210803/992.tif,Post_event/S1_ASC_20210817/992.tif,Post_event/S1_DESC_20210815/992.tif,Pre_event/S2_20210804/992.tif,Post_event/S2_20210814/992.tif,Annotations/992.tif
993,test,1281,14.459,14015,2369,0,0,10.577,14651,1437,296,0,14.459,14015,2369,0,0,10.577,14651,1437,296,0,Pre_event/S1_ASC_20210805/993.tif,Pre_event/S1_DESC_20210803/993.tif,Post_event/S1_ASC_20210817/993.tif,Post_event/S1_DESC_20210815/993.tif,Pre_event/S2_20210804/993.tif,Post_event/S2_20210814/993.tif,Annotations/993.tif
994,train,239,2.197,16024,360,0,0,5.731,15445,939,0,0,2.197,16024,360,0,0,5.731,15445,939,0,0,Pre_event/S1_ASC_20210805/994.tif,Pre_event/S1_DESC_20210803/994.tif,Post_event/S1_ASC_20210817/994.tif,Post_event/S1_DESC_20210815/994.tif,Pre_event/S2_20210804/994.tif,Post_event/S2_20210814/994.tif,Annotations/994.tif
995,train,181,0.928,16232,152,0,0,0.0,16384,0,0,0,0.928,16232,152,0,0,0.0,16384,0,0,0,Pre_event/S1_ASC_20210805/995.tif,Pre_event/S1_DESC_20210803/995.tif,Post_event/S1_ASC_20210817/995.tif,Post_event/S1_DESC_20210815/995.tif,Pre_event/S2_20210804/995.tif,Post_event/S2_20210814/995.tif,Annotations/995.tif
996,train,629,0.836,16247,137,0,0,0.018,16381,0,3,0,0.836,16247,137,0,0,0.018,16381,0,3,0,Pre_event/S1_ASC_20210805/996.tif,Pre_event/S1_DESC_20210803/996.tif,Post_event/S1_ASC_20210817/996.tif,Post_event/S1_DESC_20210815/996.tif,Pre_event/S2_20210804/996.tif,Post_event/S2_20210814/996.tif,Annotations/996.tif
997,train,684,0.714,16267,117,0,0,0.415,16316,65,3,0,0.714,16267,117,0,0,0.415,16316,65,3,0,Pre_event/S1_ASC_20210805/997.tif,Pre_event/S1_DESC_20210803/997.tif,Post_event/S1_ASC_20210817/997.tif,Post_event/S1_DESC_20210815/997.tif,Pre_event/S2_20210804/997.tif,Post_event/S2_20210814/997.tif,Annotations/997.tif
998,train,1963,3.528,15806,578,0,0,1.025,16216,168,0,0,3.528,15806,578,0,0,1.025,16216,168,0,0,Pre_event/S1_ASC_20210805/998.tif,Pre_event/S1_DESC_20210803/998.tif,Post_event/S1_ASC_20210817/998.tif,Post_event/S1_DESC_20210815/998.tif,Pre_event/S2_20210804/998.tif,Post_event/S2_20210814/998.tif,Annotations/998.tif
999,train,3936,5.585,15469,915,0,0,3.29,15845,539,0,0,5.585,15469,915,0,0,3.29,15845,539,0,0,Pre_event/S1_ASC_20210805/999.tif,Pre_event/S1_DESC_20210803/999.tif,Post_event/S1_ASC_20210817/999.tif,Post_event/S1_DESC_20210815/999.tif,Pre_event/S2_20210804/999.tif,Post_event/S2_20210814/999.tif,Annotations/999.tif
1000,train,2701,2.197,16024,360,0,0,2.911,15907,477,0,0,2.197,16024,360,0,0,2.911,15907,477,0,0,Pre_event/S1_ASC_20210805/1000.tif,Pre_event/S1_DESC_20210803/1000.tif,Post_event/S1_ASC_20210817/1000.tif,Post_event/S1_DESC_20210815/1000.tif,Pre_event/S2_20210804/1000.tif,Post_event/S2_20210814/1000.tif,Annotations/1000.tif
1001,train,2600,2.277,16011,363,10,0,1.166,16193,173,18,0,2.277,16011,363,10,0,1.166,16193,173,18,0,Pre_event/S1_ASC_20210805/1001.tif,Pre_event/S1_DESC_20210803/1001.tif,Post_event/S1_ASC_20210817/1001.tif,Post_event/S1_DESC_20210815/1001.tif,Pre_event/S2_20210804/1001.tif,Post_event/S2_20210814/1001.tif,Annotations/1001.tif
1002,val,5692,19.226,13234,3124,26,0,4.382,15666,423,295,0,19.226,13234,3124,26,0,4.382,15666,423,295,0,Pre_event/S1_ASC_20210805/1002.tif,Pre_event/S1_DESC_20210803/1002.tif,Post_event/S1_ASC_20210817/1002.tif,Post_event/S1_DESC_20210815/1002.tif,Pre_event/S2_20210804/1002.tif,Post_event/S2_20210814/1002.tif,Annotations/1002.tif
1003,train,6536,27.112,11942,4426,16,0,13.232,14216,1680,488,0,27.112,11942,4426,16,0,13.232,14216,1680,488,0,Pre_event/S1_ASC_20210805/1003.tif,Pre_event/S1_DESC_20210803/1003.tif,Post_event/S1_ASC_20210817/1003.tif,Post_event/S1_DESC_20210815/1003.tif,Pre_event/S2_20210804/1003.tif,Post_event/S2_20210814/1003.tif,Annotations/1003.tif
1004,train,3769,15.735,13806,2578,0,0,10.919,14595,1502,287,0,15.735,13806,2578,0,0,10.919,14595,1502,287,0,Pre_event/S1_ASC_20210805/1004.tif,Pre_event/S1_DESC_20210803/1004.tif,Post_event/S1_ASC_20210817/1004.tif,Post_event/S1_DESC_20210815/1004.tif,Pre_event/S2_20210804/1004.tif,Post_event/S2_20210814/1004.tif,Annotations/1004.tif
1005,train,1992,20.819,12973,3393,18,0,6.86,15260,923,201,0,20.819,12973,3393,18,0,6.86,15260,923,201,0,Pre_event/S1_ASC_20210805/1005.tif,Pre_event/S1_DESC_20210803/1005.tif,Post_event/S1_ASC_20210817/1005.tif,Post_event/S1_DESC_20210815/1005.tif,Pre_event/S2_20210804/1005.tif,Post_event/S2_20210814/1005.tif,Annotations/1005.tif
1006,train,5132,37.817,10188,6168,28,0,17.01,13597,2535,252,0,37.817,10188,6168,28,0,17.01,13597,2535,252,0,Pre_event/S1_ASC_20210805/1006.tif,Pre_event/S1_DESC_20210803/1006.tif,Post_event/S1_ASC_20210817/1006.tif,Post_event/S1_DESC_20210815/1006.tif,Pre_event/S2_20210804/1006.tif,Post_event/S2_20210814/1006.tif,Annotations/1006.tif
1007,test,7120,41.162,9640,6734,10,0,22.278,12734,3292,358,0,41.162,9640,6734,10,0,22.278,12734,3292,358,0,Pre_event/S1_ASC_20210805/1007.tif,Pre_event/S1_DESC_20210803/1007.tif,Post_event/S1_ASC_20210817/1007.tif,Post_event/S1_DESC_20210815/1007.tif,Pre_event/S2_20210804/1007.tif,Post_event/S2_20210814/1007.tif,Annotations/1007.tif
1008,train,4420,25.427,12218,4166,0,0,13.831,14118,1995,271,0,25.427,12218,4166,0,0,13.831,14118,1995,271,0,Pre_event/S1_ASC_20210805/1008.tif,Pre_event/S1_DESC_20210803/1008.tif,Post_event/S1_ASC_20210817/1008.tif,Post_event/S1_DESC_20210815/1008.tif,Pre_event/S2_20210804/1008.tif,Post_event/S2_20210814/1008.tif,Annotations/1008.tif
1009,val,1260,8.392,15009,1375,0,0,2.856,15916,428,40,0,8.392,15009,1375,0,0,2.856,15916,428,40,0,Pre_event/S1_ASC_20210805/1009.tif,Pre_event/S1_DESC_20210803/1009.tif,Post_event/S1_ASC_20210817/1009.tif,Post_event/S1_DESC_20210815/1009.tif,Pre_event/S2_20210804/1009.tif,Post_event/S2_20210814/1009.tif,Annotations/1009.tif
1010,train,658,5.762,15440,944,0,0,2.319,16004,305,75,0,5.762,15440,944,0,0,2.319,16004,305,75,0,Pre_event/S1_ASC_20210805/1010.tif,Pre_event/S1_DESC_20210803/1010.tif,Post_event/S1_ASC_20210817/1010.tif,Post_event/S1_DESC_20210815/1010.tif,Pre_event/S2_20210804/1010.tif,Post_event/S2_20210814/1010.tif,Annotations/1010.tif
1011,val,1326,13.403,14188,2195,1,0,6.781,15273,878,233,0,13.403,14188,2195,1,0,6.781,15273,878,233,0,Pre_event/S1_ASC_20210805/1011.tif,Pre_event/S1_DESC_20210803/1011.tif,Post_event/S1_ASC_20210817/1011.tif,Post_event/S1_DESC_20210815/1011.tif,Pre_event/S2_20210804/1011.tif,Post_event/S2_20210814/1011.tif,Annotations/1011.tif
1012,train,1110,26.117,12105,4278,1,0,6.86,15260,606,518,0,26.117,12105,4278,1,0,6.86,15260,606,518,0,Pre_event/S1_ASC_20210805/1012.tif,Pre_event/S1_DESC_20210803/1012.tif,Post_event/S1_ASC_20210817/1012.tif,Post_event/S1_DESC_20210815/1012.tif,Pre_event/S2_20210804/1012.tif,Post_event/S2_20210814/1012.tif,Annotations/1012.tif
1013,train,1172,38.263,10115,6269,0,0,8.118,15054,674,656,0,38.263,10115,6269,0,0,8.118,15054,674,656,0,Pre_event/S1_ASC_20210805/1013.tif,Pre_event/S1_DESC_20210803/1013.tif,Post_event/S1_ASC_20210817/1013.tif,Post_event/S1_DESC_20210815/1013.tif,Pre_event/S2_20210804/1013.tif,Post_event/S2_20210814/1013.tif,Annotations/1013.tif
1014,val,1767,39.197,9962,6422,0,0,9.918,14759,1329,296,0,39.197,9962,6422,0,0,9.918,14759,1329,296,0,Pre_event/S1_ASC_20210805/1014.tif,Pre_event/S1_DESC_20210803/1014.tif,Post_event/S1_ASC_20210817/1014.tif,Post_event/S1_DESC_20210815/1014.tif,Pre_event/S2_20210804/1014.tif,Post_event/S2_20210814/1014.tif,Annotations/1014.tif
1015,train,944,21.417,12875,3509,0,0,4.059,15719,665,0,0,21.417,12875,3509,0,0,4.059,15719,665,0,0,Pre_event/S1_ASC_20210805/1015.tif,Pre_event/S1_DESC_20210803/1015.tif,Post_event/S1_ASC_20210817/1015.tif,Post_event/S1_DESC_20210815/1015.tif,Pre_event/S2_20210804/1015.tif,Post_event/S2_20210814/1015.tif,Annotations/1015.tif
1016,train,601,2.295,16008,376,0,0,0.0,16384,0,0,0,2.295,16008,376,0,0,0.0,16384,0,0,0,Pre_event/S1_ASC_20210805/1016.tif,Pre_event/S1_DESC_20210803/1016.tif,Post_event/S1_ASC_20210817/1016.tif,Post_event/S1_DESC_20210815/1016.tif,Pre_event/S2_20210804/1016.tif,Post_event/S2_20210814/1016.tif,Annotations/1016.tif
1017,train,853,1.215,16185,199,0,0,0.049,16376,0,8,0,1.215,16185,199,0,0,0.049,16376,0,8,0,Pre_event/S1_ASC_20210805/1017.tif,Pre_event/S1_DESC_20210803/1017.tif,Post_event/S1_ASC_20210817/1017.tif,Post_event/S1_DESC_20210815/1017.tif,Pre_event/S2_20210804/1017.tif,Post_event/S2_20210814/1017.tif,Annotations/1017.tif
1018,val,316,1.093,16205,179,0,0,0.049,16376,0,8,0,1.093,16205,179,0,0,0.049,16376,0,8,0,Pre_event/S1_ASC_20210805/1018.tif,Pre_event/S1_DESC_20210803/1018.tif,Post_event/S1_ASC_20210817/1018.tif,Post_event/S1_DESC_20210815/1018.tif,Pre_event/S2_20210804/1018.tif,Post_event/S2_20210814/1018.tif,Annotations/1018.tif
1019,train,1413,5.469,15488,896,0,0,1.166,16193,191,0,0,5.469,15488,896,0,0,1.166,16193,191,0,0,Pre_event/S1_ASC_20210805/1019.tif,Pre_event/S1_DESC_20210803/1019.tif,Post_event/S1_ASC_20210817/1019.tif,Post_event/S1_DESC_20210815/1019.tif,Pre_event/S2_20210804/1019.tif,Post_event/S2_20210814/1019.tif,Annotations/1019.tif
1020,train,3824,9.534,14822,1562,0,0,3.717,15775,609,0,0,9.534,14822,1562,0,0,3.717,15775,609,0,0,Pre_event/S1_ASC_20210805/1020.tif,Pre_event/S1_DESC_20210803/1020.tif,Post_event/S1_ASC_20210817/1020.tif,Post_event/S1_DESC_20210815/1020.tif,Pre_event/S2_20210804/1020.tif,Post_event/S2_20210814/1020.tif,Annotations/1020.tif
1021,train,3642,11.469,14505,1866,13,0,12.72,14300,1990,94,0,11.469,14505,1866,13,0,12.72,14300,1990,94,0,Pre_event/S1_ASC_20210805/1021.tif,Pre_event/S1_DESC_20210803/1021.tif,Post_event/S1_ASC_20210817/1021.tif,Post_event/S1_DESC_20210815/1021.tif,Pre_event/S2_20210804/1021.tif,Post_event/S2_20210814/1021.tif,Annotations/1021.tif
1022,train,3199,11.859,14441,1920,23,0,11.377,14520,1770,94,0,11.859,14441,1920,23,0,11.377,14520,1770,94,0,Pre_event/S1_ASC_20210805/1022.tif,Pre_event/S1_DESC_20210803/1022.tif,Post_event/S1_ASC_20210817/1022.tif,Post_event/S1_DESC_20210815/1022.tif,Pre_event/S2_20210804/1022.tif,Post_event/S2_20210814/1022.tif,Annotations/1022.tif
1023,train,6065,13.885,14109,2234,41,0,8.215,15038,1067,279,0,13.885,14109,2234,41,0,8.215,15038,1067,279,0,Pre_event/S1_ASC_20210805/1023.tif,Pre_event/S1_DESC_20210803/1023.tif,Post_event/S1_ASC_20210817/1023.tif,Post_event/S1_DESC_20210815/1023.tif,Pre_event/S2_20210804/1023.tif,Post_event/S2_20210814/1023.tif,Annotations/1023.tif
1024,train,6789,10.077,14733,1606,45,0,20.557,13016,3082,286,0,10.077,14733,1606,45,0,20.557,13016,3082,286,0,Pre_event/S1_ASC_20210805/1024.tif,Pre_event/S1_DESC_20210803/1024.tif,Post_event/S1_ASC_20210817/1024.tif,Post_event/S1_DESC_20210815/1024.tif,Pre_event/S2_20210804/1024.tif,Post_event/S2_20210814/1024.tif,Annotations/1024.tif
1025,train,3453,1.917,16070,300,14,0,14.398,14025,2352,7,0,1.917,16070,300,14,0,14.398,14025,2352,7,0,Pre_event/S1_ASC_20210805/1025.tif,Pre_event/S1_DESC_20210803/1025.tif,Post_event/S1_ASC_20210817/1025.tif,Post_event/S1_DESC_20210815/1025.tif,Pre_event/S2_20210804/1025.tif,Post_event/S2_20210814/1025.tif,Annotations/1025.tif
1026,train,1334,13.666,14145,2239,0,0,2.496,15975,284,125,0,13.666,14145,2239,0,0,2.496,15975,284,125,0,Pre_event/S1_ASC_20210805/1026.tif,Pre_event/S1_DESC_20210803/1026.tif,Post_event/S1_ASC_20210817/1026.tif,Post_event/S1_DESC_20210815/1026.tif,Pre_event/S2_20210804/1026.tif,Post_event/S2_20210814/1026.tif,Annotations/1026.tif
1027,test,3483,40.668,9721,6654,9,0,6.488,15321,811,252,0,40.668,9721,6654,9,0,6.488,15321,811,252,0,Pre_event/S1_ASC_20210805/1027.tif,Pre_event/S1_DESC_20210803/1027.tif,Post_event/S1_ASC_20210817/1027.tif,Post_event/S1_DESC_20210815/1027.tif,Pre_event/S2_20210804/1027.tif,Post_event/S2_20210814/1027.tif,Annotations/1027.tif
1028,train,6489,49.152,8331,8044,9,0,13.605,14155,1868,361,0,49.152,8331,8044,9,0,13.605,14155,1868,361,0,Pre_event/S1_ASC_20210805/1028.tif,Pre_event/S1_DESC_20210803/1028.tif,Post_event/S1_ASC_20210817/1028.tif,Post_event/S1_DESC_20210815/1028.tif,Pre_event/S2_20210804/1028.tif,Post_event/S2_20210814/1028.tif,Annotations/1028.tif
1029,train,5489,29.016,11630,4754,0,0,12.384,14355,1755,274,0,29.016,11630,4754,0,0,12.384,14355,1755,274,0,Pre_event/S1_ASC_20210805/1029.tif,Pre_event/S1_DESC_20210803/1029.tif,Post_event/S1_ASC_20210817/1029.tif,Post_event/S1_DESC_20210815/1029.tif,Pre_event/S2_20210804/1029.tif,Post_event/S2_20210814/1029.tif,Annotations/1029.tif
1030,train,1864,9.552,14819,1565,0,0,3.955,15736,608,40,0,9.552,14819,1565,0,0,3.955,15736,608,40,0,Pre_event/S1_ASC_20210805/1030.tif,Pre_event/S1_DESC_20210803/1030.tif,Post_event/S1_ASC_20210817/1030.tif,Post_event/S1_DESC_20210815/1030.tif,Pre_event/S2_20210804/1030.tif,Post_event/S2_20210814/1030.tif,Annotations/1030.tif
1031,train,342,4.663,15620,764,0,0,0.067,16373,0,11,0,4.663,15620,764,0,0,0.067,16373,0,11,0,Pre_event/S1_ASC_20210805/1031.tif,Pre_event/S1_DESC_20210803/1031.tif,Post_event/S1_ASC_20210817/1031.tif,Post_event/S1_DESC_20210815/1031.tif,Pre_event/S2_20210804/1031.tif,Post_event/S2_20210814/1031.tif,Annotations/1031.tif
1032,train,799,8.881,14929,1455,0,0,1.99,16058,209,117,0,8.881,14929,1455,0,0,1.99,16058,209,117,0,Pre_event/S1_ASC_20210805/1032.tif,Pre_event/S1_DESC_20210803/1032.tif,Post_event/S1_ASC_20210817/1032.tif,Post_event/S1_DESC_20210815/1032.tif,Pre_event/S2_20210804/1032.tif,Post_event/S2_20210814/1032.tif,Annotations/1032.tif
1033,test,496,8.026,15069,1315,0,0,2.325,16003,209,172,0,8.026,15069,1315,0,0,2.325,16003,209,172,0,Pre_event/S1_ASC_20210805/1033.tif,Pre_event/S1_DESC_20210803/1033.tif,Post_event/S1_ASC_20210817/1033.tif,Post_event/S1_DESC_20210815/1033.tif,Pre_event/S2_20210804/1033.tif,Post_event/S2_20210814/1033.tif,Annotations/1033.tif
1034,test,740,24.939,12298,4086,0,0,0.0,16384,0,0,0,24.939,12298,4086,0,0,0.0,16384,0,0,0,Pre_event/S1_ASC_20210805/1034.tif,Pre_event/S1_DESC_20210803/1034.tif,Post_event/S1_ASC_20210817/1034.tif,Post_event/S1_DESC_20210815/1034.tif,Pre_event/S2_20210804/1034.tif,Post_event/S2_20210814/1034.tif,Annotations/1034.tif
1035,train,705,25.763,12163,4221,0,0,0.0,16384,0,0,0,25.763,12163,4221,0,0,0.0,16384,0,0,0,Pre_event/S1_ASC_20210805/1035.tif,Pre_event/S1_DESC_20210803/1035.tif,Post_event/S1_ASC_20210817/1035.tif,Post_event/S1_DESC_20210815/1035.tif,Pre_event/S2_20210804/1035.tif,Post_event/S2_20210814/1035.tif,Annotations/1035.tif
1036,train,615,1.447,16147,237,0,0,0.0,16384,0,0,0,1.447,16147,237,0,0,0.0,16384,0,0,0,Pre_event/S1_ASC_20210805/1036.tif,Pre_event/S1_DESC_20210803/1036.tif,Post_event/S1_ASC_20210817/1036.tif,Post_event/S1_DESC_20210815/1036.tif,Pre_event/S2_20210804/1036.tif,Post_event/S2_20210814/1036.tif,Annotations/1036.tif
1037,val,1100,0.848,16245,139,0,0,0.037,16378,0,6,0,0.848,16245,139,0,0,0.037,16378,0,6,0,Pre_event/S1_ASC_20210805/1037.tif,Pre_event/S1_DESC_20210803/1037.tif,Post_event/S1_ASC_20210817/1037.tif,Post_event/S1_DESC_20210815/1037.tif,Pre_event/S2_20210804/1037.tif,Post_event/S2_20210814/1037.tif,Annotations/1037.tif
1038,val,699,0.958,16227,157,0,0,0.037,16378,0,6,0,0.958,16227,157,0,0,0.037,16378,0,6,0,Pre_event/S1_ASC_20210805/1038.tif,Pre_event/S1_DESC_20210803/1038.tif,Post_event/S1_ASC_20210817/1038.tif,Post_event/S1_DESC_20210815/1038.tif,Pre_event/S2_20210804/1038.tif,Post_event/S2_20210814/1038.tif,Annotations/1038.tif
1039,train,1092,4.041,15722,662,0,0,0.537,16296,88,0,0,4.041,15722,662,0,0,0.537,16296,88,0,0,Pre_event/S1_ASC_20210805/1039.tif,Pre_event/S1_DESC_20210803/1039.tif,Post_event/S1_ASC_20210817/1039.tif,Post_event/S1_DESC_20210815/1039.tif,Pre_event/S2_20210804/1039.tif,Post_event/S2_20210814/1039.tif,Annotations/1039.tif
1040,train,3019,26.099,12108,4276,0,0,0.842,16246,94,44,0,26.099,12108,4276,0,0,0.842,16246,94,44,0,Pre_event/S1_ASC_20210805/1040.tif,Pre_event/S1_DESC_20210803/1040.tif,Post_event/S1_ASC_20210817/1040.tif,Post_event/S1_DESC_20210815/1040.tif,Pre_event/S2_20210804/1040.tif,Post_event/S2_20210814/1040.tif,Annotations/1040.tif
1041,val,4003,46.198,8815,7556,13,0,10.522,14660,1537,187,0,46.198,8815,7556,13,0,10.522,14660,1537,187,0,Pre_event/S1_ASC_20210805/1041.tif,Pre_event/S1_DESC_20210803/1041.tif,Post_event/S1_ASC_20210817/1041.tif,Post_event/S1_DESC_20210815/1041.tif,Pre_event/S2_20210804/1041.tif,Post_event/S2_20210814/1041.tif,Annotations/1041.tif
1042,train,4796,41.296,9618,6753,13,0,11.517,14497,1735,152,0,41.296,9618,6753,13,0,11.517,14497,1735,152,0,Pre_event/S1_ASC_20210805/1042.tif,Pre_event/S1_DESC_20210803/1042.tif,Post_event/S1_ASC_20210817/1042.tif,Post_event/S1_DESC_20210815/1042.tif,Pre_event/S2_20210804/1042.tif,Post_event/S2_20210814/1042.tif,Annotations/1042.tif
1043,test,5817,19.855,13131,3222,31,0,6.897,15254,1061,69,0,19.855,13131,3222,31,0,6.897,15254,1061,69,0,Pre_event/S1_ASC_20210805/1043.tif,Pre_event/S1_DESC_20210803/1043.tif,Post_event/S1_ASC_20210817/1043.tif,Post_event/S1_DESC_20210815/1043.tif,Pre_event/S2_20210804/1043.tif,Post_event/S2_20210814/1043.tif,Annotations/1043.tif
1044,train,6198,3.046,15885,454,45,0,11.322,14529,1795,60,0,3.046,15885,454,45,0,11.322,14529,1795,60,0,Pre_event/S1_ASC_20210805/1044.tif,Pre_event/S1_DESC_20210803/1044.tif,Post_event/S1_ASC_20210817/1044.tif,Post_event/S1_DESC_20210815/1044.tif,Pre_event/S2_20210804/1044.tif,Post_event/S2_20210814/1044.tif,Annotations/1044.tif
1045,train,4516,1.086,16206,164,14,0,10.98,14585,1799,0,0,1.086,16206,164,14,0,10.98,14585,1799,0,0,Pre_event/S1_ASC_20210805/1045.tif,Pre_event/S1_DESC_20210803/1045.tif,Post_event/S1_ASC_20210817/1045.tif,Post_event/S1_DESC_20210815/1045.tif,Pre_event/S2_20210804/1045.tif,Post_event/S2_20210814/1045.tif,Annotations/1045.tif
1046,train,1578,2.197,16024,360,0,0,7.025,15233,1151,0,0,2.197,16024,360,0,0,7.025,15233,1151,0,0,Pre_event/S1_ASC_20210805/1046.tif,Pre_event/S1_DESC_20210803/1046.tif,Post_event/S1_ASC_20210817/1046.tif,Post_event/S1_DESC_20210815/1046.tif,Pre_event/S2_20210804/1046.tif,Post_event/S2_20210814/1046.tif,Annotations/1046.tif
1047,val,1295,9.46,14834,1550,0,0,3.278,15847,537,0,0,9.46,14834,1550,0,0,3.278,15847,537,0,0,Pre_event/S1_ASC_20210805/1047.tif,Pre_event/S1_DESC_20210803/1047.tif,Post_event/S1_ASC_20210817/1047.tif,Post_event/S1_DESC_20210815/1047.tif,Pre_event/S2_20210804/1047.tif,Post_event/S2_20210814/1047.tif,Annotations/1047.tif
1048,val,3591,24.097,12436,3948,0,0,2.808,15924,450,10,0,24.097,12436,3948,0,0,2.808,15924,450,10,0,Pre_event/S1_ASC_20210805/1048.tif,Pre_event/S1_DESC_20210803/1048.tif,Post_event/S1_ASC_20210817/1048.tif,Post_event/S1_DESC_20210815/1048.tif,Pre_event/S2_20210804/1048.tif,Post_event/S2_20210814/1048.tif,Annotations/1048.tif
1049,train,5146,32.031,11136,5248,0,0,2.087,16042,331,11,0,32.031,11136,5248,0,0,2.087,16042,331,11,0,Pre_event/S1_ASC_20210805/1049.tif,Pre_event/S1_DESC_20210803/1049.tif,Post_event/S1_ASC_20210817/1049.tif,Post_event/S1_DESC_20210815/1049.tif,Pre_event/S2_20210804/1049.tif,Post_event/S2_20210814/1049.tif,Annotations/1049.tif
1050,train,2916,18.018,13432,2952,0,0,1.123,16200,183,1,0,18.018,13432,2952,0,0,1.123,16200,183,1,0,Pre_event/S1_ASC_20210805/1050.tif,Pre_event/S1_DESC_20210803/1050.tif,Post_event/S1_ASC_20210817/1050.tif,Post_event/S1_DESC_20210815/1050.tif,Pre_event/S2_20210804/1050.tif,Post_event/S2_20210814/1050.tif,Annotations/1050.tif
1051,train,447,2.625,15954,430,0,0,0.336,16329,55,0,0,2.625,15954,430,0,0,0.336,16329,55,0,0,Pre_event/S1_ASC_20210805/1051.tif,Pre_event/S1_DESC_20210803/1051.tif,Post_event/S1_ASC_20210817/1051.tif,Post_event/S1_DESC_20210815/1051.tif,Pre_event/S2_20210804/1051.tif,Post_event/S2_20210814/1051.tif,Annotations/1051.tif
1052,train,249,3.534,15805,579,0,0,0.067,16373,0,11,0,3.534,15805,579,0,0,0.067,16373,0,11,0,Pre_event/S1_ASC_20210805/1052.tif,Pre_event/S1_DESC_20210803/1052.tif,Post_event/S1_ASC_20210817/1052.tif,Post_event/S1_DESC_20210815/1052.tif,Pre_event/S2_20210804/1052.tif,Post_event/S2_20210814/1052.tif,Annotations/1052.tif
1053,test,274,3.119,15873,511,0,0,0.256,16342,0,42,0,3.119,15873,511,0,0,0.256,16342,0,42,0,Pre_event/S1_ASC_20210805/1053.tif,Pre_event/S1_DESC_20210803/1053.tif,Post_event/S1_ASC_20210817/1053.tif,Post_event/S1_DESC_20210815/1053.tif,Pre_event/S2_20210804/1053.tif,Post_event/S2_20210814/1053.tif,Annotations/1053.tif
1054,train,301,0.079,16371,13,0,0,0.0,16384,0,0,0,0.079,16371,13,0,0,0.0,16384,0,0,0,Pre_event/S1_ASC_20210805/1054.tif,Pre_event/S1_DESC_20210803/1054.tif,Post_event/S1_ASC_20210817/1054.tif,Post_event/S1_DESC_20210815/1054.tif,Pre_event/S2_20210804/1054.tif,Post_event/S2_20210814/1054.tif,Annotations/1054.tif
1055,train,731,0.47,16307,77,0,0,0.006,16383,0,1,0,0.47,16307,77,0,0,0.006,16383,0,1,0,Pre_event/S1_ASC_20210805/1055.tif,Pre_event/S1_DESC_20210803/1055.tif,Post_event/S1_ASC_20210817/1055.tif,Post_event/S1_DESC_20210815/1055.tif,Pre_event/S2_20210804/1055.tif,Post_event/S2_20210814/1055.tif,Annotations/1055.tif
1056,train,900,0.58,16289,95,0,0,0.006,16383,0,1,0,0.58,16289,95,0,0,0.006,16383,0,1,0,Pre_event/S1_ASC_20210805/1056.tif,Pre_event/S1_DESC_20210803/1056.tif,Post_event/S1_ASC_20210817/1056.tif,Post_event/S1_DESC_20210815/1056.tif,Pre_event/S2_20210804/1056.tif,Post_event/S2_20210814/1056.tif,Annotations/1056.tif
1057,train,557,0.806,16252,132,0,0,0.0,16384,0,0,0,0.806,16252,132,0,0,0.0,16384,0,0,0,Pre_event/S1_ASC_20210805/1057.tif,Pre_event/S1_DESC_20210803/1057.tif,Post_event/S1_ASC_20210817/1057.tif,Post_event/S1_DESC_20210815/1057.tif,Pre_event/S2_20210804/1057.tif,Post_event/S2_20210814/1057.tif,Annotations/1057.tif
1058,train,967,24.908,12303,4081,0,0,0.269,16340,0,44,0,24.908,12303,4081,0,0,0.269,16340,0,44,0,Pre_event/S1_ASC_20210805/1058.tif,Pre_event/S1_DESC_20210803/1058.tif,Post_event/S1_ASC_20210817/1058.tif,Post_event/S1_DESC_20210815/1058.tif,Pre_event/S2_20210804/1058.tif,Post_event/S2_20210814/1058.tif,Annotations/1058.tif
1059,train,2122,43.054,9330,7054,0,0,0.775,16257,23,104,0,43.054,9330,7054,0,0,0.775,16257,23,104,0,Pre_event/S1_ASC_20210805/1059.tif,Pre_event/S1_DESC_20210803/1059.tif,Post_event/S1_ASC_20210817/1059.tif,Post_event/S1_DESC_20210815/1059.tif,Pre_event/S2_20210804/1059.tif,Post_event/S2_20210814/1059.tif,Annotations/1059.tif
1060,train,5566,39.722,9876,6508,0,0,2.386,15993,322,69,0,39.722,9876,6508,0,0,2.386,15993,322,69,0,Pre_event/S1_ASC_20210805/1060.tif,Pre_event/S1_DESC_20210803/1060.tif,Post_event/S1_ASC_20210817/1060.tif,Post_event/S1_DESC_20210815/1060.tif,Pre_event/S2_20210804/1060.tif,Post_event/S2_20210814/1060.tif,Annotations/1060.tif
1061,train,5893,24.506,12369,4015,0,0,2.1,16040,299,45,0,24.506,12369,4015,0,0,2.1,16040,299,45,0,Pre_event/S1_ASC_20210805/1061.tif,Pre_event/S1_DESC_20210803/1061.tif,Post_event/S1_ASC_20210817/1061.tif,Post_event/S1_DESC_20210815/1061.tif,Pre_event/S2_20210804/1061.tif,Post_event/S2_20210814/1061.tif,Annotations/1061.tif
1062,val,4620,6.329,15347,1037,0,0,1.996,16057,252,75,0,6.329,15347,1037,0,0,1.996,16057,252,75,0,Pre_event/S1_ASC_20210805/1062.tif,Pre_event/S1_DESC_20210803/1062.tif,Post_event/S1_ASC_20210817/1062.tif,Post_event/S1_DESC_20210815/1062.tif,Pre_event/S2_20210804/1062.tif,Post_event/S2_20210814/1062.tif,Annotations/1062.tif
1063,train,4518,2.814,15923,461,0,0,11.292,14534,1811,39,0,2.814,15923,461,0,0,11.292,14534,1811,39,0,Pre_event/S1_ASC_20210805/1063.tif,Pre_event/S1_DESC_20210803/1063.tif,Post_event/S1_ASC_20210817/1063.tif,Post_event/S1_DESC_20210815/1063.tif,Pre_event/S2_20210804/1063.tif,Post_event/S2_20210814/1063.tif,Annotations/1063.tif
1064,train,1777,1.837,16083,301,0,0,10.657,14638,1746,0,0,1.837,16083,301,0,0,10.657,14638,1746,0,0,Pre_event/S1_ASC_20210805/1064.tif,Pre_event/S1_DESC_20210803/1064.tif,Post_event/S1_ASC_20210817/1064.tif,Post_event/S1_DESC_20210815/1064.tif,Pre_event/S2_20210804/1064.tif,Post_event/S2_20210814/1064.tif,Annotations/1064.tif
1065,train,1020,4.633,15625,759,0,0,3.796,15762,622,0,0,4.633,15625,759,0,0,3.796,15762,622,0,0,Pre_event/S1_ASC_20210805/1065.tif,Pre_event/S1_DESC_20210803/1065.tif,Post_event/S1_ASC_20210817/1065.tif,Post_event/S1_DESC_20210815/1065.tif,Pre_event/S2_20210804/1065.tif,Post_event/S2_20210814/1065.tif,Annotations/1065.tif
1066,train,1926,12.622,14316,2068,0,0,2.698,15942,435,7,0,12.622,14316,2068,0,0,2.698,15942,435,7,0,Pre_event/S1_ASC_20210805/1066.tif,Pre_event/S1_DESC_20210803/1066.tif,Post_event/S1_ASC_20210817/1066.tif,Post_event/S1_DESC_20210815/1066.tif,Pre_event/S2_20210804/1066.tif,Post_event/S2_20210814/1066.tif,Annotations/1066.tif
1067,train,2991,23.578,12521,3863,0,0,0.049,16376,0,8,0,23.578,12521,3863,0,0,0.049,16376,0,8,0,Pre_event/S1_ASC_20210805/1067.tif,Pre_event/S1_DESC_20210803/1067.tif,Post_event/S1_ASC_20210817/1067.tif,Post_event/S1_DESC_20210815/1067.tif,Pre_event/S2_20210804/1067.tif,Post_event/S2_20210814/1067.tif,Annotations/1067.tif
1068,test,2437,18.243,13395,2989,0,0,0.031,16379,0,5,0,18.243,13395,2989,0,0,0.031,16379,0,5,0,Pre_event/S1_ASC_20210805/1068.tif,Pre_event/S1_DESC_20210803/1068.tif,Post_event/S1_ASC_20210817/1068.tif,Post_event/S1_DESC_20210815/1068.tif,Pre_event/S2_20210804/1068.tif,Post_event/S2_20210814/1068.tif,Annotations/1068.tif
1069,train,636,4.462,15653,731,0,0,0.024,16380,0,4,0,4.462,15653,731,0,0,0.024,16380,0,4,0,Pre_event/S1_ASC_20210805/1069.tif,Pre_event/S1_DESC_20210803/1069.tif,Post_event/S1_ASC_20210817/1069.tif,Post_event/S1_DESC_20210815/1069.tif,Pre_event/S2_20210804/1069.tif,Post_event/S2_20210814/1069.tif,Annotations/1069.tif
1070,train,222,0.0,16384,0,0,0,0.0,16384,0,0,0,0.0,16384,0,0,0,0.0,16384,0,0,0,Pre_event/S1_ASC_20210805/1070.tif,Pre_event/S1_DESC_20210803/1070.tif,Post_event/S1_ASC_20210817/1070.tif,Post_event/S1_DESC_20210815/1070.tif,Pre_event/S2_20210804/1070.tif,Post_event/S2_20210814/1070.tif,Annotations/1070.tif
1071,train,585,0.0,16384,0,0,0,0.0,16384,0,0,0,0.0,16384,0,0,0,0.0,16384,0,0,0,Pre_event/S1_ASC_20210805/1071.tif,Pre_event/S1_DESC_20210803/1071.tif,Post_event/S1_ASC_20210817/1071.tif,Post_event/S1_DESC_20210815/1071.tif,Pre_event/S2_20210804/1071.tif,Post_event/S2_20210814/1071.tif,Annotations/1071.tif
1072,val,783,0.0,16384,0,0,0,0.0,16384,0,0,0,0.0,16384,0,0,0,0.0,16384,0,0,0,Pre_event/S1_ASC_20210805/1072.tif,Pre_event/S1_DESC_20210803/1072.tif,Post_event/S1_ASC_20210817/1072.tif,Post_event/S1_DESC_20210815/1072.tif,Pre_event/S2_20210804/1072.tif,Post_event/S2_20210814/1072.tif,Annotations/1072.tif
1073,val,418,0.0,16384,0,0,0,0.0,16384,0,0,0,0.0,16384,0,0,0,0.0,16384,0,0,0,Pre_event/S1_ASC_20210805/1073.tif,Pre_event/S1_DESC_20210803/1073.tif,Post_event/S1_ASC_20210817/1073.tif,Post_event/S1_DESC_20210815/1073.tif,Pre_event/S2_20210804/1073.tif,Post_event/S2_20210814/1073.tif,Annotations/1073.tif
1074,train,385,4.114,15710,674,0,0,0.128,16363,21,0,0,4.114,15710,674,0,0,0.128,16363,21,0,0,Pre_event/S1_ASC_20210805/1074.tif,Pre_event/S1_DESC_20210803/1074.tif,Post_event/S1_ASC_20210817/1074.tif,Post_event/S1_DESC_20210815/1074.tif,Pre_event/S2_20210804/1074.tif,Post_event/S2_20210814/1074.tif,Annotations/1074.tif
1075,train,624,6.244,15361,1023,0,0,1.019,16217,156,11,0,6.244,15361,1023,0,0,1.019,16217,156,11,0,Pre_event/S1_ASC_20210805/1075.tif,Pre_event/S1_DESC_20210803/1075.tif,Post_event/S1_ASC_20210817/1075.tif,Post_event/S1_DESC_20210815/1075.tif,Pre_event/S2_20210804/1075.tif,Post_event/S2_20210814/1075.tif,Annotations/1075.tif
1076,train,3314,15.363,13867,2517,0,0,2.509,15973,400,11,0,15.363,13867,2517,0,0,2.509,15973,400,11,0,Pre_event/S1_ASC_20210805/1076.tif,Pre_event/S1_DESC_20210803/1076.tif,Post_event/S1_ASC_20210817/1076.tif,Post_event/S1_DESC_20210815/1076.tif,Pre_event/S2_20210804/1076.tif,Post_event/S2_20210814/1076.tif,Annotations/1076.tif
1077,train,4620,17.316,13547,2837,0,0,1.697,16106,265,13,0,17.316,13547,2837,0,0,1.697,16106,265,13,0,Pre_event/S1_ASC_20210805/1077.tif,Pre_event/S1_DESC_20210803/1077.tif,Post_event/S1_ASC_20210817/1077.tif,Post_event/S1_DESC_20210815/1077.tif,Pre_event/S2_20210804/1077.tif,Post_event/S2_20210814/1077.tif,Annotations/1077.tif
1078,test,2912,7.965,15079,1305,0,0,1.16,16194,138,52,0,7.965,15079,1305,0,0,1.16,16194,138,52,0,Pre_event/S1_ASC_20210805/1078.tif,Pre_event/S1_DESC_20210803/1078.tif,Post_event/S1_ASC_20210817/1078.tif,Post_event/S1_DESC_20210815/1078.tif,Pre_event/S2_20210804/1078.tif,Post_event/S2_20210814/1078.tif,Annotations/1078.tif
1079,train,2014,8.472,14996,1388,0,0,5.835,15428,917,39,0,8.472,14996,1388,0,0,5.835,15428,917,39,0,Pre_event/S1_ASC_20210805/1079.tif,Pre_event/S1_DESC_20210803/1079.tif,Post_event/S1_ASC_20210817/1079.tif,Post_event/S1_DESC_20210815/1079.tif,Pre_event/S2_20210804/1079.tif,Post_event/S2_20210814/1079.tif,Annotations/1079.tif
1080,val,1038,7.446,15164,1220,0,0,6.165,15374,1010,0,0,7.446,15164,1220,0,0,6.165,15374,1010,0,0,Pre_event/S1_ASC_20210805/1080.tif,Pre_event/S1_DESC_20210803/1080.tif,Post_event/S1_ASC_20210817/1080.tif,Post_event/S1_DESC_20210815/1080.tif,Pre_event/S2_20210804/1080.tif,Post_event/S2_20210814/1080.tif,Annotations/1080.tif
1081,val,1300,8.813,14940,1444,0,0,8.051,15065,1319,0,0,8.813,14940,1444,0,0,8.051,15065,1319,0,0,Pre_event/S1_ASC_20210805/1081.tif,Pre_event/S1_DESC_20210803/1081.tif,Post_event/S1_ASC_20210817/1081.tif,Post_event/S1_DESC_20210815/1081.tif,Pre_event/S2_20210804/1081.tif,Post_event/S2_20210814/1081.tif,Annotations/1081.tif
1082,train,1277,6.494,15320,1064,0,0,8.368,15013,1371,0,0,6.494,15320,1064,0,0,8.368,15013,1371,0,0,Pre_event/S1_ASC_20210805/1082.tif,Pre_event/S1_DESC_20210803/1082.tif,Post_event/S1_ASC_20210817/1082.tif,Post_event/S1_DESC_20210815/1082.tif,Pre_event/S2_20210804/1082.tif,Post_event/S2_20210814/1082.tif,Annotations/1082.tif
1083,train,638,2.771,15930,454,0,0,1.727,16101,283,0,0,2.771,15930,454,0,0,1.727,16101,283,0,0,Pre_event/S1_ASC_20210805/1083.tif,Pre_event/S1_DESC_20210803/1083.tif,Post_event/S1_ASC_20210817/1083.tif,Post_event/S1_DESC_20210815/1083.tif,Pre_event/S2_20210804/1083.tif,Post_event/S2_20210814/1083.tif,Annotations/1083.tif
1084,train,588,6.75,15278,1106,0,0,0.037,16378,0,6,0,6.75,15278,1106,0,0,0.037,16378,0,6,0,Pre_event/S1_ASC_20210805/1084.tif,Pre_event/S1_DESC_20210803/1084.tif,Post_event/S1_ASC_20210817/1084.tif,Post_event/S1_DESC_20210815/1084.tif,Pre_event/S2_20210804/1084.tif,Post_event/S2_20210814/1084.tif,Annotations/1084.tif
1085,train,287,4.517,15644,740,0,0,0.037,16378,0,6,0,4.517,15644,740,0,0,0.037,16378,0,6,0,Pre_event/S1_ASC_20210805/1085.tif,Pre_event/S1_DESC_20210803/1085.tif,Post_event/S1_ASC_20210817/1085.tif,Post_event/S1_DESC_20210815/1085.tif,Pre_event/S2_20210804/1085.tif,Post_event/S2_20210814/1085.tif,Annotations/1085.tif
1086,train,350,0.0,16384,0,0,0,0.165,16357,27,0,0,0.0,16384,0,0,0,0.165,16357,27,0,0,Pre_event/S1_ASC_20210805/1086.tif,Pre_event/S1_DESC_20210803/1086.tif,Post_event/S1_ASC_20210817/1086.tif,Post_event/S1_DESC_20210815/1086.tif,Pre_event/S2_20210804/1086.tif,Post_event/S2_20210814/1086.tif,Annotations/1086.tif
1087,train,1736,0.104,16367,17,0,0,0.037,16378,0,6,0,0.104,16367,17,0,0,0.037,16378,0,6,0,Pre_event/S1_ASC_20210805/1087.tif,Pre_event/S1_DESC_20210803/1087.tif,Post_event/S1_ASC_20210817/1087.tif,Post_event/S1_DESC_20210815/1087.tif,Pre_event/S2_20210804/1087.tif,Post_event/S2_20210814/1087.tif,Annotations/1087.tif
1088,train,1776,0.104,16367,17,0,0,0.037,16378,0,6,0,0.104,16367,17,0,0,0.037,16378,0,6,0,Pre_event/S1_ASC_20210805/1088.tif,Pre_event/S1_DESC_20210803/1088.tif,Post_event/S1_ASC_20210817/1088.tif,Post_event/S1_DESC_20210815/1088.tif,Pre_event/S2_20210804/1088.tif,Post_event/S2_20210814/1088.tif,Annotations/1088.tif
1089,test,394,0.0,16384,0,0,0,0.0,16384,0,0,0,0.0,16384,0,0,0,0.0,16384,0,0,0,Pre_event/S1_ASC_20210805/1089.tif,Pre_event/S1_DESC_20210803/1089.tif,Post_event/S1_ASC_20210817/1089.tif,Post_event/S1_DESC_20210815/1089.tif,Pre_event/S2_20210804/1089.tif,Post_event/S2_20210814/1089.tif,Annotations/1089.tif
1090,val,580,0.317,16332,52,0,0,0.128,16363,21,0,0,0.317,16332,52,0,0,0.128,16363,21,0,0,Pre_event/S1_ASC_20210805/1090.tif,Pre_event/S1_DESC_20210803/1090.tif,Post_event/S1_ASC_20210817/1090.tif,Post_event/S1_DESC_20210815/1090.tif,Pre_event/S2_20210804/1090.tif,Post_event/S2_20210814/1090.tif,Annotations/1090.tif
1091,train,829,1.123,16200,184,0,0,0.812,16251,133,0,0,1.123,16200,184,0,0,0.812,16251,133,0,0,Pre_event/S1_ASC_20210805/1091.tif,Pre_event/S1_DESC_20210803/1091.tif,Post_event/S1_ASC_20210817/1091.tif,Post_event/S1_DESC_20210815/1091.tif,Pre_event/S2_20210804/1091.tif,Post_event/S2_20210814/1091.tif,Annotations/1091.tif
1092,train,1305,8.838,14936,1448,0,0,0.922,16233,151,0,0,8.838,14936,1448,0,0,0.922,16233,151,0,0,Pre_event/S1_ASC_20210805/1092.tif,Pre_event/S1_DESC_20210803/1092.tif,Post_event/S1_ASC_20210817/1092.tif,Post_event/S1_DESC_20210815/1092.tif,Pre_event/S2_20210804/1092.tif,Post_event/S2_20210814/1092.tif,Annotations/1092.tif
1093,train,3520,14.13,14069,2315,0,0,0.238,16345,39,0,0,14.13,14069,2315,0,0,0.238,16345,39,0,0,Pre_event/S1_ASC_20210805/1093.tif,Pre_event/S1_DESC_20210803/1093.tif,Post_event/S1_ASC_20210817/1093.tif,Post_event/S1_DESC_20210815/1093.tif,Pre_event/S2_20210804/1093.tif,Post_event/S2_20210814/1093.tif,Annotations/1093.tif
1094,test,4292,8.484,14994,1389,1,0,1.367,16160,224,0,0,8.484,14994,1389,1,0,1.367,16160,224,0,0,Pre_event/S1_ASC_20210805/1094.tif,Pre_event/S1_DESC_20210803/1094.tif,Post_event/S1_ASC_20210817/1094.tif,Post_event/S1_DESC_20210815/1094.tif,Pre_event/S2_20210804/1094.tif,Post_event/S2_20210814/1094.tif,Annotations/1094.tif
1095,train,2173,7.294,15189,1194,1,0,2.1,16040,344,0,0,7.294,15189,1194,1,0,2.1,16040,344,0,0,Pre_event/S1_ASC_20210805/1095.tif,Pre_event/S1_DESC_20210803/1095.tif,Post_event/S1_ASC_20210817/1095.tif,Post_event/S1_DESC_20210815/1095.tif,Pre_event/S2_20210804/1095.tif,Post_event/S2_20210814/1095.tif,Annotations/1095.tif
1096,train,790,6.421,15332,1029,23,0,7.196,15205,1179,0,0,6.421,15332,1029,23,0,7.196,15205,1179,0,0,Pre_event/S1_ASC_20210805/1096.tif,Pre_event/S1_DESC_20210803/1096.tif,Post_event/S1_ASC_20210817/1096.tif,Post_event/S1_DESC_20210815/1096.tif,Pre_event/S2_20210804/1096.tif,Post_event/S2_20210814/1096.tif,Annotations/1096.tif
1097,train,1087,5.255,15523,827,34,0,18.524,13349,3035,0,0,5.255,15523,827,34,0,18.524,13349,3035,0,0,Pre_event/S1_ASC_20210805/1097.tif,Pre_event/S1_DESC_20210803/1097.tif,Post_event/S1_ASC_20210817/1097.tif,Post_event/S1_DESC_20210815/1097.tif,Pre_event/S2_20210804/1097.tif,Post_event/S2_20210814/1097.tif,Annotations/1097.tif
1098,train,1014,4.443,15656,717,11,0,13.837,14117,2259,8,0,4.443,15656,717,11,0,13.837,14117,2259,8,0,Pre_event/S1_ASC_20210805/1098.tif,Pre_event/S1_DESC_20210803/1098.tif,Post_event/S1_ASC_20210817/1098.tif,Post_event/S1_DESC_20210815/1098.tif,Pre_event/S2_20210804/1098.tif,Post_event/S2_20210814/1098.tif,Annotations/1098.tif
1099,train,414,1.788,16091,293,0,0,1.776,16093,283,8,0,1.788,16091,293,0,0,1.776,16093,283,8,0,Pre_event/S1_ASC_20210805/1099.tif,Pre_event/S1_DESC_20210803/1099.tif,Post_event/S1_ASC_20210817/1099.tif,Post_event/S1_DESC_20210815/1099.tif,Pre_event/S2_20210804/1099.tif,Post_event/S2_20210814/1099.tif,Annotations/1099.tif
1100,train,199,3.577,15798,586,0,0,0.012,16382,0,2,0,3.577,15798,586,0,0,0.012,16382,0,2,0,Pre_event/S1_ASC_20210805/1100.tif,Pre_event/S1_DESC_20210803/1100.tif,Post_event/S1_ASC_20210817/1100.tif,Post_event/S1_DESC_20210815/1100.tif,Pre_event/S2_20210804/1100.tif,Post_event/S2_20210814/1100.tif,Annotations/1100.tif
1101,test,138,3.601,15794,590,0,0,0.012,16382,0,2,0,3.601,15794,590,0,0,0.012,16382,0,2,0,Pre_event/S1_ASC_20210805/1101.tif,Pre_event/S1_DESC_20210803/1101.tif,Post_event/S1_ASC_20210817/1101.tif,Post_event/S1_DESC_20210815/1101.tif,Pre_event/S2_20210804/1101.tif,Post_event/S2_20210814/1101.tif,Annotations/1101.tif
1102,train,489,1.031,16215,169,0,0,1.447,16147,237,0,0,1.031,16215,169,0,0,1.447,16147,237,0,0,Pre_event/S1_ASC_20210805/1102.tif,Pre_event/S1_DESC_20210803/1102.tif,Post_event/S1_ASC_20210817/1102.tif,Post_event/S1_DESC_20210815/1102.tif,Pre_event/S2_20210804/1102.tif,Post_event/S2_20210814/1102.tif,Annotations/1102.tif
1103,train,1753,1.135,16198,186,0,0,0.403,16318,60,6,0,1.135,16198,186,0,0,0.403,16318,60,6,0,Pre_event/S1_ASC_20210805/1103.tif,Pre_event/S1_DESC_20210803/1103.tif,Post_event/S1_ASC_20210817/1103.tif,Post_event/S1_DESC_20210815/1103.tif,Pre_event/S2_20210804/1103.tif,Post_event/S2_20210814/1103.tif,Annotations/1103.tif
1104,train,1544,0.104,16367,17,0,0,0.189,16353,25,6,0,0.104,16367,17,0,0,0.189,16353,25,6,0,Pre_event/S1_ASC_20210805/1104.tif,Pre_event/S1_DESC_20210803/1104.tif,Post_event/S1_ASC_20210817/1104.tif,Post_event/S1_DESC_20210815/1104.tif,Pre_event/S2_20210804/1104.tif,Post_event/S2_20210814/1104.tif,Annotations/1104.tif
1105,train,243,0.0,16384,0,0,0,0.0,16384,0,0,0,0.0,16384,0,0,0,0.0,16384,0,0,0,Pre_event/S1_ASC_20210805/1105.tif,Pre_event/S1_DESC_20210803/1105.tif,Post_event/S1_ASC_20210817/1105.tif,Post_event/S1_DESC_20210815/1105.tif,Pre_event/S2_20210804/1105.tif,Post_event/S2_20210814/1105.tif,Annotations/1105.tif
1106,train,271,0.317,16332,52,0,0,0.0,16384,0,0,0,0.317,16332,52,0,0,0.0,16384,0,0,0,Pre_event/S1_ASC_20210805/1106.tif,Pre_event/S1_DESC_20210803/1106.tif,Post_event/S1_ASC_20210817/1106.tif,Post_event/S1_DESC_20210815/1106.tif,Pre_event/S2_20210804/1106.tif,Post_event/S2_20210814/1106.tif,Annotations/1106.tif
1107,train,598,1.123,16200,184,0,0,0.0,16384,0,0,0,1.123,16200,184,0,0,0.0,16384,0,0,0,Pre_event/S1_ASC_20210805/1107.tif,Pre_event/S1_DESC_20210803/1107.tif,Post_event/S1_ASC_20210817/1107.tif,Post_event/S1_DESC_20210815/1107.tif,Pre_event/S2_20210804/1107.tif,Post_event/S2_20210814/1107.tif,Annotations/1107.tif
1108,train,1599,5.066,15554,830,0,0,2.545,15967,417,0,0,5.066,15554,830,0,0,2.545,15967,417,0,0,Pre_event/S1_ASC_20210805/1108.tif,Pre_event/S1_DESC_20210803/1108.tif,Post_event/S1_ASC_20210817/1108.tif,Post_event/S1_DESC_20210815/1108.tif,Pre_event/S2_20210804/1108.tif,Post_event/S2_20210814/1108.tif,Annotations/1108.tif
1109,train,4320,9.412,14842,1542,0,0,3.845,15754,630,0,0,9.412,14842,1542,0,0,3.845,15754,630,0,0,Pre_event/S1_ASC_20210805/1109.tif,Pre_event/S1_DESC_20210803/1109.tif,Post_event/S1_ASC_20210817/1109.tif,Post_event/S1_DESC_20210815/1109.tif,Pre_event/S2_20210804/1109.tif,Post_event/S2_20210814/1109.tif,Annotations/1109.tif
1110,test,8005,7.312,15186,1191,7,0,5.17,15537,776,71,0,7.312,15186,1191,7,0,5.17,15537,776,71,0,Pre_event/S1_ASC_20210805/1110.tif,Pre_event/S1_DESC_20210803/1110.tif,Post_event/S1_ASC_20210817/1110.tif,Post_event/S1_DESC_20210815/1110.tif,Pre_event/S2_20210804/1110.tif,Post_event/S2_20210814/1110.tif,Annotations/1110.tif
1111,train,6686,4.285,15682,695,7,0,9.412,14842,1449,93,0,4.285,15682,695,7,0,9.412,14842,1449,93,0,Pre_event/S1_ASC_20210805/1111.tif,Pre_event/S1_DESC_20210803/1111.tif,Post_event/S1_ASC_20210817/1111.tif,Post_event/S1_DESC_20210815/1111.tif,Pre_event/S2_20210804/1111.tif,Post_event/S2_20210814/1111.tif,Annotations/1111.tif
1112,test,1965,2.264,16013,348,23,0,10.901,14598,1764,22,0,2.264,16013,348,23,0,10.901,14598,1764,22,0,Pre_event/S1_ASC_20210805/1112.tif,Pre_event/S1_DESC_20210803/1112.tif,Post_event/S1_ASC_20210817/1112.tif,Post_event/S1_DESC_20210815/1112.tif,Pre_event/S2_20210804/1112.tif,Post_event/S2_20210814/1112.tif,Annotations/1112.tif
1113,train,296,0.323,16331,19,34,0,12.415,14350,2031,3,0,0.323,16331,19,34,0,12.415,14350,2031,3,0,Pre_event/S1_ASC_20210805/1113.tif,Pre_event/S1_DESC_20210803/1113.tif,Post_event/S1_ASC_20210817/1113.tif,Post_event/S1_DESC_20210815/1113.tif,Pre_event/S2_20210804/1113.tif,Post_event/S2_20210814/1113.tif,Annotations/1113.tif
1114,train,155,0.397,16319,54,11,0,7.123,15217,1153,14,0,0.397,16319,54,11,0,7.123,15217,1153,14,0,Pre_event/S1_ASC_20210805/1114.tif,Pre_event/S1_DESC_20210803/1114.tif,Post_event/S1_ASC_20210817/1114.tif,Post_event/S1_DESC_20210815/1114.tif,Pre_event/S2_20210804/1114.tif,Post_event/S2_20210814/1114.tif,Annotations/1114.tif
1115,val,160,0.0,16384,0,0,0,1.068,16209,175,0,0,0.0,16384,0,0,0,1.068,16209,175,0,0,Pre_event/S1_ASC_20210805/1115.tif,Pre_event/S1_DESC_20210803/1115.tif,Post_event/S1_ASC_20210817/1115.tif,Post_event/S1_DESC_20210815/1115.tif,Pre_event/S2_20210804/1115.tif,Post_event/S2_20210814/1115.tif,Annotations/1115.tif
1116,train,356,1.294,16172,212,0,0,1.282,16174,210,0,0,1.294,16172,212,0,0,1.282,16174,210,0,0,Pre_event/S1_ASC_20210805/1116.tif,Pre_event/S1_DESC_20210803/1116.tif,Post_event/S1_ASC_20210817/1116.tif,Post_event/S1_DESC_20210815/1116.tif,Pre_event/S2_20210804/1116.tif,Post_event/S2_20210814/1116.tif,Annotations/1116.tif
1117,test,521,1.294,16172,212,0,0,0.366,16324,60,0,0,1.294,16172,212,0,0,0.366,16324,60,0,0,Pre_event/S1_ASC_20210805/1117.tif,Pre_event/S1_DESC_20210803/1117.tif,Post_event/S1_ASC_20210817/1117.tif,Post_event/S1_DESC_20210815/1117.tif,Pre_event/S2_20210804/1117.tif,Post_event/S2_20210814/1117.tif,Annotations/1117.tif
1118,train,328,0.0,16384,0,0,0,0.153,16359,25,0,0,0.0,16384,0,0,0,0.153,16359,25,0,0,Pre_event/S1_ASC_20210805/1118.tif,Pre_event/S1_DESC_20210803/1118.tif,Post_event/S1_ASC_20210817/1118.tif,Post_event/S1_DESC_20210815/1118.tif,Pre_event/S2_20210804/1118.tif,Post_event/S2_20210814/1118.tif,Annotations/1118.tif
1119,train,189,0.0,16384,0,0,0,0.0,16384,0,0,0,0.0,16384,0,0,0,0.0,16384,0,0,0,Pre_event/S1_ASC_20210805/1119.tif,Pre_event/S1_DESC_20210803/1119.tif,Post_event/S1_ASC_20210817/1119.tif,Post_event/S1_DESC_20210815/1119.tif,Pre_event/S2_20210804/1119.tif,Post_event/S2_20210814/1119.tif,Annotations/1119.tif
1120,train,330,0.0,16384,0,0,0,0.0,16384,0,0,0,0.0,16384,0,0,0,0.0,16384,0,0,0,Pre_event/S1_ASC_20210805/1120.tif,Pre_event/S1_DESC_20210803/1120.tif,Post_event/S1_ASC_20210817/1120.tif,Post_event/S1_DESC_20210815/1120.tif,Pre_event/S2_20210804/1120.tif,Post_event/S2_20210814/1120.tif,Annotations/1120.tif
1121,val,615,0.568,16291,93,0,0,0.0,16384,0,0,0,0.568,16291,93,0,0,0.0,16384,0,0,0,Pre_event/S1_ASC_20210805/1121.tif,Pre_event/S1_DESC_20210803/1121.tif,Post_event/S1_ASC_20210817/1121.tif,Post_event/S1_DESC_20210815/1121.tif,Pre_event/S2_20210804/1121.tif,Post_event/S2_20210814/1121.tif,Annotations/1121.tif
1122,train,1362,8.27,15029,1355,0,0,2.307,16006,378,0,0,8.27,15029,1355,0,0,2.307,16006,378,0,0,Pre_event/S1_ASC_20210805/1122.tif,Pre_event/S1_DESC_20210803/1122.tif,Post_event/S1_ASC_20210817/1122.tif,Post_event/S1_DESC_20210815/1122.tif,Pre_event/S2_20210804/1122.tif,Post_event/S2_20210814/1122.tif,Annotations/1122.tif
1123,train,3315,11.084,14568,1816,0,0,3.723,15774,610,0,0,11.084,14568,1816,0,0,3.723,15774,610,0,0,Pre_event/S1_ASC_20210805/1123.tif,Pre_event/S1_DESC_20210803/1123.tif,Post_event/S1_ASC_20210817/1123.tif,Post_event/S1_DESC_20210815/1123.tif,Pre_event/S2_20210804/1123.tif,Post_event/S2_20210814/1123.tif,Annotations/1123.tif
1124,test,6548,5.493,15484,894,6,0,4.919,15578,732,74,0,5.493,15484,894,6,0,4.919,15578,732,74,0,Pre_event/S1_ASC_20210805/1124.tif,Pre_event/S1_DESC_20210803/1124.tif,Post_event/S1_ASC_20210817/1124.tif,Post_event/S1_DESC_20210815/1124.tif,Pre_event/S2_20210804/1124.tif,Post_event/S2_20210814/1124.tif,Annotations/1124.tif
1125,train,6126,3.888,15747,631,6,0,11.151,14557,1731,96,0,3.888,15747,631,6,0,11.151,14557,1731,96,0,Pre_event/S1_ASC_20210805/1125.tif,Pre_event/S1_DESC_20210803/1125.tif,Post_event/S1_ASC_20210817/1125.tif,Post_event/S1_DESC_20210815/1125.tif,Pre_event/S2_20210804/1125.tif,Post_event/S2_20210814/1125.tif,Annotations/1125.tif
1126,train,2176,1.776,16093,291,0,0,8.521,14988,1374,22,0,1.776,16093,291,0,0,8.521,14988,1374,22,0,Pre_event/S1_ASC_20210805/1126.tif,Pre_event/S1_DESC_20210803/1126.tif,Post_event/S1_ASC_20210817/1126.tif,Post_event/S1_DESC_20210815/1126.tif,Pre_event/S2_20210804/1126.tif,Post_event/S2_20210814/1126.tif,Annotations/1126.tif
1127,train,317,0.208,16350,34,0,0,0.94,16230,151,3,0,0.208,16350,34,0,0,0.94,16230,151,3,0,Pre_event/S1_ASC_20210805/1127.tif,Pre_event/S1_DESC_20210803/1127.tif,Post_event/S1_ASC_20210817/1127.tif,Post_event/S1_DESC_20210815/1127.tif,Pre_event/S2_20210804/1127.tif,Post_event/S2_20210814/1127.tif,Annotations/1127.tif
1128,train,213,0.732,16264,120,0,0,0.085,16370,8,6,0,0.732,16264,120,0,0,0.085,16370,8,6,0,Pre_event/S1_ASC_20210805/1128.tif,Pre_event/S1_DESC_20210803/1128.tif,Post_event/S1_ASC_20210817/1128.tif,Post_event/S1_DESC_20210815/1128.tif,Pre_event/S2_20210804/1128.tif,Post_event/S2_20210814/1128.tif,Annotations/1128.tif
1129,train,130,0.525,16298,86,0,0,0.018,16381,0,3,0,0.525,16298,86,0,0,0.018,16381,0,3,0,Pre_event/S1_ASC_20210805/1129.tif,Pre_event/S1_DESC_20210803/1129.tif,Post_event/S1_ASC_20210817/1129.tif,Post_event/S1_DESC_20210815/1129.tif,Pre_event/S2_20210804/1129.tif,Post_event/S2_20210814/1129.tif,Annotations/1129.tif
1130,train,644,1.52,16135,249,0,0,2.533,15969,408,7,0,1.52,16135,249,0,0,2.533,15969,408,7,0,Pre_event/S1_ASC_20210805/1130.tif,Pre_event/S1_DESC_20210803/1130.tif,Post_event/S1_ASC_20210817/1130.tif,Post_event/S1_DESC_20210815/1130.tif,Pre_event/S2_20210804/1130.tif,Post_event/S2_20210814/1130.tif,Annotations/1130.tif
1131,val,715,7.05,15229,1155,0,0,2.368,15996,381,7,0,7.05,15229,1155,0,0,2.368,15996,381,7,0,Pre_event/S1_ASC_20210805/1131.tif,Pre_event/S1_DESC_20210803/1131.tif,Post_event/S1_ASC_20210817/1131.tif,Post_event/S1_DESC_20210815/1131.tif,Pre_event/S2_20210804/1131.tif,Post_event/S2_20210814/1131.tif,Annotations/1131.tif
1132,test,116,5.884,15420,964,0,0,0.0,16384,0,0,0,5.884,15420,964,0,0,0.0,16384,0,0,0,Pre_event/S1_ASC_20210805/1132.tif,Pre_event/S1_DESC_20210803/1132.tif,Post_event/S1_ASC_20210817/1132.tif,Post_event/S1_DESC_20210815/1132.tif,Pre_event/S2_20210804/1132.tif,Post_event/S2_20210814/1132.tif,Annotations/1132.tif
1133,train,157,0.354,16326,58,0,0,0.0,16384,0,0,0,0.354,16326,58,0,0,0.0,16384,0,0,0,Pre_event/S1_ASC_20210805/1133.tif,Pre_event/S1_DESC_20210803/1133.tif,Post_event/S1_ASC_20210817/1133.tif,Post_event/S1_DESC_20210815/1133.tif,Pre_event/S2_20210804/1133.tif,Post_event/S2_20210814/1133.tif,Annotations/1133.tif
1134,train,143,0.262,16341,43,0,0,0.0,16384,0,0,0,0.262,16341,43,0,0,0.0,16384,0,0,0,Pre_event/S1_ASC_20210805/1134.tif,Pre_event/S1_DESC_20210803/1134.tif,Post_event/S1_ASC_20210817/1134.tif,Post_event/S1_DESC_20210815/1134.tif,Pre_event/S2_20210804/1134.tif,Post_event/S2_20210814/1134.tif,Annotations/1134.tif
1135,train,178,0.0,16384,0,0,0,0.0,16384,0,0,0,0.0,16384,0,0,0,0.0,16384,0,0,0,Pre_event/S1_ASC_20210805/1135.tif,Pre_event/S1_DESC_20210803/1135.tif,Post_event/S1_ASC_20210817/1135.tif,Post_event/S1_DESC_20210815/1135.tif,Pre_event/S2_20210804/1135.tif,Post_event/S2_20210814/1135.tif,Annotations/1135.tif
1136,train,272,0.024,16380,4,0,0,0.0,16384,0,0,0,0.024,16380,4,0,0,0.0,16384,0,0,0,Pre_event/S1_ASC_20210805/1136.tif,Pre_event/S1_DESC_20210803/1136.tif,Post_event/S1_ASC_20210817/1136.tif,Post_event/S1_DESC_20210815/1136.tif,Pre_event/S2_20210804/1136.tif,Post_event/S2_20210814/1136.tif,Annotations/1136.tif
1137,train,482,0.763,16259,125,0,0,0.0,16384,0,0,0,0.763,16259,125,0,0,0.0,16384,0,0,0,Pre_event/S1_ASC_20210805/1137.tif,Pre_event/S1_DESC_20210803/1137.tif,Post_event/S1_ASC_20210817/1137.tif,Post_event/S1_DESC_20210815/1137.tif,Pre_event/S2_20210804/1137.tif,Post_event/S2_20210814/1137.tif,Annotations/1137.tif
1138,train,989,6.561,15309,1075,0,0,0.055,16375,9,0,0,6.561,15309,1075,0,0,0.055,16375,9,0,0,Pre_event/S1_ASC_20210805/1138.tif,Pre_event/S1_DESC_20210803/1138.tif,Post_event/S1_ASC_20210817/1138.tif,Post_event/S1_DESC_20210815/1138.tif,Pre_event/S2_20210804/1138.tif,Post_event/S2_20210814/1138.tif,Annotations/1138.tif
1139,train,2710,8.49,14993,1391,0,0,0.427,16314,70,0,0,8.49,14993,1391,0,0,0.427,16314,70,0,0,Pre_event/S1_ASC_20210805/1139.tif,Pre_event/S1_DESC_20210803/1139.tif,Post_event/S1_ASC_20210817/1139.tif,Post_event/S1_DESC_20210815/1139.tif,Pre_event/S2_20210804/1139.tif,Post_event/S2_20210814/1139.tif,Annotations/1139.tif
1140,train,3056,6.506,15318,1066,0,0,1.44,16148,233,3,0,6.506,15318,1066,0,0,1.44,16148,233,3,0,Pre_event/S1_ASC_20210805/1140.tif,Pre_event/S1_DESC_20210803/1140.tif,Post_event/S1_ASC_20210817/1140.tif,Post_event/S1_DESC_20210815/1140.tif,Pre_event/S2_20210804/1140.tif,Post_event/S2_20210814/1140.tif,Annotations/1140.tif
1141,train,1545,3.839,15755,629,0,0,5.164,15538,843,3,0,3.839,15755,629,0,0,5.164,15538,843,3,0,Pre_event/S1_ASC_20210805/1141.tif,Pre_event/S1_DESC_20210803/1141.tif,Post_event/S1_ASC_20210817/1141.tif,Post_event/S1_DESC_20210815/1141.tif,Pre_event/S2_20210804/1141.tif,Post_event/S2_20210814/1141.tif,Annotations/1141.tif
1142,train,798,0.073,16372,12,0,0,6.171,15373,1011,0,0,0.073,16372,12,0,0,6.171,15373,1011,0,0,Pre_event/S1_ASC_20210805/1142.tif,Pre_event/S1_DESC_20210803/1142.tif,Post_event/S1_ASC_20210817/1142.tif,Post_event/S1_DESC_20210815/1142.tif,Pre_event/S2_20210804/1142.tif,Post_event/S2_20210814/1142.tif,Annotations/1142.tif
1143,train,332,0.165,16357,27,0,0,2.686,15944,440,0,0,0.165,16357,27,0,0,2.686,15944,440,0,0,Pre_event/S1_ASC_20210805/1143.tif,Pre_event/S1_DESC_20210803/1143.tif,Post_event/S1_ASC_20210817/1143.tif,Post_event/S1_DESC_20210815/1143.tif,Pre_event/S2_20210804/1143.tif,Post_event/S2_20210814/1143.tif,Annotations/1143.tif
1144,train,188,0.873,16241,143,0,0,0.61,16284,100,0,0,0.873,16241,143,0,0,0.61,16284,100,0,0,Pre_event/S1_ASC_20210805/1144.tif,Pre_event/S1_DESC_20210803/1144.tif,Post_event/S1_ASC_20210817/1144.tif,Post_event/S1_DESC_20210815/1144.tif,Pre_event/S2_20210804/1144.tif,Post_event/S2_20210814/1144.tif,Annotations/1144.tif
1145,train,230,0.781,16256,128,0,0,0.0,16384,0,0,0,0.781,16256,128,0,0,0.0,16384,0,0,0,Pre_event/S1_ASC_20210805/1145.tif,Pre_event/S1_DESC_20210803/1145.tif,Post_event/S1_ASC_20210817/1145.tif,Post_event/S1_DESC_20210815/1145.tif,Pre_event/S2_20210804/1145.tif,Post_event/S2_20210814/1145.tif,Annotations/1145.tif
1146,train,115,1.752,16097,287,0,0,0.0,16384,0,0,0,1.752,16097,287,0,0,0.0,16384,0,0,0,Pre_event/S1_ASC_20210805/1146.tif,Pre_event/S1_DESC_20210803/1146.tif,Post_event/S1_ASC_20210817/1146.tif,Post_event/S1_DESC_20210815/1146.tif,Pre_event/S2_20210804/1146.tif,Post_event/S2_20210814/1146.tif,Annotations/1146.tif
1147,train,644,1.52,16135,249,0,0,3.461,15817,560,7,0,1.52,16135,249,0,0,3.461,15817,560,7,0,Pre_event/S1_ASC_20210805/1147.tif,Pre_event/S1_DESC_20210803/1147.tif,Post_event/S1_ASC_20210817/1147.tif,Post_event/S1_DESC_20210815/1147.tif,Pre_event/S2_20210804/1147.tif,Post_event/S2_20210814/1147.tif,Annotations/1147.tif
1148,train,715,7.379,15175,1209,0,0,2.368,15996,381,7,0,7.379,15175,1209,0,0,2.368,15996,381,7,0,Pre_event/S1_ASC_20210805/1148.tif,Pre_event/S1_DESC_20210803/1148.tif,Post_event/S1_ASC_20210817/1148.tif,Post_event/S1_DESC_20210815/1148.tif,Pre_event/S2_20210804/1148.tif,Post_event/S2_20210814/1148.tif,Annotations/1148.tif
1149,train,93,0.0,16384,0,0,0,0.0,16384,0,0,0,0.0,16384,0,0,0,0.0,16384,0,0,0,Pre_event/S1_ASC_20210805/1149.tif,Pre_event/S1_DESC_20210803/1149.tif,Post_event/S1_ASC_20210817/1149.tif,Post_event/S1_DESC_20210815/1149.tif,Pre_event/S2_20210804/1149.tif,Post_event/S2_20210814/1149.tif,Annotations/1149.tif
1150,train,541,3.308,15842,542,0,0,4.517,15644,740,0,0,3.308,15842,542,0,0,4.517,15644,740,0,0,Pre_event/S1_ASC_20210805/1150.tif,Pre_event/S1_DESC_20210803/1150.tif,Post_event/S1_ASC_20210817/1150.tif,Post_event/S1_DESC_20210815/1150.tif,Pre_event/S2_20210804/1150.tif,Post_event/S2_20210814/1150.tif,Annotations/1150.tif
1151,val,1935,12.103,14401,1983,0,0,10.785,14617,1767,0,0,12.103,14401,1983,0,0,10.785,14617,1767,0,0,Pre_event/S1_ASC_20210805/1151.tif,Pre_event/S1_DESC_20210803/1151.tif,Post_event/S1_ASC_20210817/1151.tif,Post_event/S1_DESC_20210815/1151.tif,Pre_event/S2_20210804/1151.tif,Post_event/S2_20210814/1151.tif,Annotations/1151.tif
1152,val,3964,10.15,14721,1663,0,0,6.671,15291,1093,0,0,10.15,14721,1663,0,0,6.671,15291,1093,0,0,Pre_event/S1_ASC_20210805/1152.tif,Pre_event/S1_DESC_20210803/1152.tif,Post_event/S1_ASC_20210817/1152.tif,Post_event/S1_DESC_20210815/1152.tif,Pre_event/S2_20210804/1152.tif,Post_event/S2_20210814/1152.tif,Annotations/1152.tif
1153,train,3254,3.735,15772,612,0,0,0.47,16307,77,0,0,3.735,15772,612,0,0,0.47,16307,77,0,0,Pre_event/S1_ASC_20210805/1153.tif,Pre_event/S1_DESC_20210803/1153.tif,Post_event/S1_ASC_20210817/1153.tif,Post_event/S1_DESC_20210815/1153.tif,Pre_event/S2_20210804/1153.tif,Post_event/S2_20210814/1153.tif,Annotations/1153.tif
1154,train,721,2.972,15897,487,0,0,1.324,16167,217,0,0,2.972,15897,487,0,0,1.324,16167,217,0,0,Pre_event/S1_ASC_20210805/1154.tif,Pre_event/S1_DESC_20210803/1154.tif,Post_event/S1_ASC_20210817/1154.tif,Post_event/S1_DESC_20210815/1154.tif,Pre_event/S2_20210804/1154.tif,Post_event/S2_20210814/1154.tif,Annotations/1154.tif
1155,train,209,1.031,16215,169,0,0,3.088,15878,506,0,0,1.031,16215,169,0,0,3.088,15878,506,0,0,Pre_event/S1_ASC_20210805/1155.tif,Pre_event/S1_DESC_20210803/1155.tif,Post_event/S1_ASC_20210817/1155.tif,Post_event/S1_DESC_20210815/1155.tif,Pre_event/S2_20210804/1155.tif,Post_event/S2_20210814/1155.tif,Annotations/1155.tif
1156,train,172,0.97,16225,159,0,0,2.441,15984,400,0,0,0.97,16225,159,0,0,2.441,15984,400,0,0,Pre_event/S1_ASC_20210805/1156.tif,Pre_event/S1_DESC_20210803/1156.tif,Post_event/S1_ASC_20210817/1156.tif,Post_event/S1_DESC_20210815/1156.tif,Pre_event/S2_20210804/1156.tif,Post_event/S2_20210814/1156.tif,Annotations/1156.tif
1157,train,214,0.665,16275,109,0,0,0.0,16384,0,0,0,0.665,16275,109,0,0,0.0,16384,0,0,0,Pre_event/S1_ASC_20210805/1157.tif,Pre_event/S1_DESC_20210803/1157.tif,Post_event/S1_ASC_20210817/1157.tif,Post_event/S1_DESC_20210815/1157.tif,Pre_event/S2_20210804/1157.tif,Post_event/S2_20210814/1157.tif,Annotations/1157.tif
1158,train,164,1.27,16176,208,0,0,0.0,16384,0,0,0,1.27,16176,208,0,0,0.0,16384,0,0,0,Pre_event/S1_ASC_20210805/1158.tif,Pre_event/S1_DESC_20210803/1158.tif,Post_event/S1_ASC_20210817/1158.tif,Post_event/S1_DESC_20210815/1158.tif,Pre_event/S2_20210804/1158.tif,Post_event/S2_20210814/1158.tif,Annotations/1158.tif
1159,test,142,0.72,16266,118,0,0,0.555,16293,91,0,0,0.72,16266,118,0,0,0.555,16293,91,0,0,Pre_event/S1_ASC_20210805/1159.tif,Pre_event/S1_DESC_20210803/1159.tif,Post_event/S1_ASC_20210817/1159.tif,Post_event/S1_DESC_20210815/1159.tif,Pre_event/S2_20210804/1159.tif,Post_event/S2_20210814/1159.tif,Annotations/1159.tif
1160,train,262,0.952,16228,156,0,0,1.672,16110,274,0,0,0.952,16228,156,0,0,1.672,16110,274,0,0,Pre_event/S1_ASC_20210805/1160.tif,Pre_event/S1_DESC_20210803/1160.tif,Post_event/S1_ASC_20210817/1160.tif,Post_event/S1_DESC_20210815/1160.tif,Pre_event/S2_20210804/1160.tif,Post_event/S2_20210814/1160.tif,Annotations/1160.tif
1161,train,150,0.323,16331,53,0,0,1.117,16201,183,0,0,0.323,16331,53,0,0,1.117,16201,183,0,0,Pre_event/S1_ASC_20210805/1161.tif,Pre_event/S1_DESC_20210803/1161.tif,Post_event/S1_ASC_20210817/1161.tif,Post_event/S1_DESC_20210815/1161.tif,Pre_event/S2_20210804/1161.tif,Post_event/S2_20210814/1161.tif,Annotations/1161.tif
1162,train,776,6.818,15267,1117,0,0,4.517,15644,740,0,0,6.818,15267,1117,0,0,4.517,15644,740,0,0,Pre_event/S1_ASC_20210805/1162.tif,Pre_event/S1_DESC_20210803/1162.tif,Post_event/S1_ASC_20210817/1162.tif,Post_event/S1_DESC_20210815/1162.tif,Pre_event/S2_20210804/1162.tif,Post_event/S2_20210814/1162.tif,Annotations/1162.tif
1163,train,1973,20.038,13101,3283,0,0,10.73,14626,1758,0,0,20.038,13101,3283,0,0,10.73,14626,1758,0,0,Pre_event/S1_ASC_20210805/1163.tif,Pre_event/S1_DESC_20210803/1163.tif,Post_event/S1_ASC_20210817/1163.tif,Post_event/S1_DESC_20210815/1163.tif,Pre_event/S2_20210804/1163.tif,Post_event/S2_20210814/1163.tif,Annotations/1163.tif
1164,test,4531,14.465,14014,2370,0,0,6.36,15342,1042,0,0,14.465,14014,2370,0,0,6.36,15342,1042,0,0,Pre_event/S1_ASC_20210805/1164.tif,Pre_event/S1_DESC_20210803/1164.tif,Post_event/S1_ASC_20210817/1164.tif,Post_event/S1_DESC_20210815/1164.tif,Pre_event/S2_20210804/1164.tif,Post_event/S2_20210814/1164.tif,Annotations/1164.tif
1165,train,4211,0.787,16255,129,0,0,0.146,16360,24,0,0,0.787,16255,129,0,0,0.146,16360,24,0,0,Pre_event/S1_ASC_20210805/1165.tif,Pre_event/S1_DESC_20210803/1165.tif,Post_event/S1_ASC_20210817/1165.tif,Post_event/S1_DESC_20210815/1165.tif,Pre_event/S2_20210804/1165.tif,Post_event/S2_20210814/1165.tif,Annotations/1165.tif
1166,train,877,0.11,16366,18,0,0,0.098,16368,16,0,0,0.11,16366,18,0,0,0.098,16368,16,0,0,Pre_event/S1_ASC_20210805/1166.tif,Pre_event/S1_DESC_20210803/1166.tif,Post_event/S1_ASC_20210817/1166.tif,Post_event/S1_DESC_20210815/1166.tif,Pre_event/S2_20210804/1166.tif,Post_event/S2_20210814/1166.tif,Annotations/1166.tif
1167,test,98,0.36,16325,59,0,0,0.0,16384,0,0,0,0.36,16325,59,0,0,0.0,16384,0,0,0,Pre_event/S1_ASC_20210805/1167.tif,Pre_event/S1_DESC_20210803/1167.tif,Post_event/S1_ASC_20210817/1167.tif,Post_event/S1_DESC_20210815/1167.tif,Pre_event/S2_20210804/1167.tif,Post_event/S2_20210814/1167.tif,Annotations/1167.tif
1168,train,220,0.946,16229,155,0,0,0.299,16335,49,0,0,0.946,16229,155,0,0,0.299,16335,49,0,0,Pre_event/S1_ASC_20210805/1168.tif,Pre_event/S1_DESC_20210803/1168.tif,Post_event/S1_ASC_20210817/1168.tif,Post_event/S1_DESC_20210815/1168.tif,Pre_event/S2_20210804/1168.tif,Post_event/S2_20210814/1168.tif,Annotations/1168.tif
1169,train,332,0.854,16244,140,0,0,0.592,16287,97,0,0,0.854,16244,140,0,0,0.592,16287,97,0,0,Pre_event/S1_ASC_20210805/1169.tif,Pre_event/S1_DESC_20210803/1169.tif,Post_event/S1_ASC_20210817/1169.tif,Post_event/S1_DESC_20210815/1169.tif,Pre_event/S2_20210804/1169.tif,Post_event/S2_20210814/1169.tif,Annotations/1169.tif
1170,test,124,0.0,16384,0,0,0,0.293,16336,48,0,0,0.0,16384,0,0,0,0.293,16336,48,0,0,Pre_event/S1_ASC_20210805/1170.tif,Pre_event/S1_DESC_20210803/1170.tif,Post_event/S1_ASC_20210817/1170.tif,Post_event/S1_DESC_20210815/1170.tif,Pre_event/S2_20210804/1170.tif,Post_event/S2_20210814/1170.tif,Annotations/1170.tif
1171,val,370,3.705,15777,607,0,0,0.0,16384,0,0,0,3.705,15777,607,0,0,0.0,16384,0,0,0,Pre_event/S1_ASC_20210805/1171.tif,Pre_event/S1_DESC_20210803/1171.tif,Post_event/S1_ASC_20210817/1171.tif,Post_event/S1_DESC_20210815/1171.tif,Pre_event/S2_20210804/1171.tif,Post_event/S2_20210814/1171.tif,Annotations/1171.tif
1172,train,1009,10.797,14615,1769,0,0,1.019,16217,167,0,0,10.797,14615,1769,0,0,1.019,16217,167,0,0,Pre_event/S1_ASC_20210805/1172.tif,Pre_event/S1_DESC_20210803/1172.tif,Post_event/S1_ASC_20210817/1172.tif,Post_event/S1_DESC_20210815/1172.tif,Pre_event/S2_20210804/1172.tif,Post_event/S2_20210814/1172.tif,Annotations/1172.tif
1173,val,3676,8.002,15073,1311,0,0,1.282,16174,204,6,0,8.002,15073,1311,0,0,1.282,16174,204,6,0,Pre_event/S1_ASC_20210805/1173.tif,Pre_event/S1_DESC_20210803/1173.tif,Post_event/S1_ASC_20210817/1173.tif,Post_event/S1_DESC_20210815/1173.tif,Pre_event/S2_20210804/1173.tif,Post_event/S2_20210814/1173.tif,Annotations/1173.tif
1174,train,3378,0.909,16235,149,0,0,0.262,16341,37,6,0,0.909,16235,149,0,0,0.262,16341,37,6,0,Pre_event/S1_ASC_20210805/1174.tif,Pre_event/S1_DESC_20210803/1174.tif,Post_event/S1_ASC_20210817/1174.tif,Post_event/S1_DESC_20210815/1174.tif,Pre_event/S2_20210804/1174.tif,Post_event/S2_20210814/1174.tif,Annotations/1174.tif
1175,train,350,0.0,16384,0,0,0,0.507,16301,83,0,0,0.0,16384,0,0,0,0.507,16301,83,0,0,Pre_event/S1_ASC_20210805/1175.tif,Pre_event/S1_DESC_20210803/1175.tif,Post_event/S1_ASC_20210817/1175.tif,Post_event/S1_DESC_20210815/1175.tif,Pre_event/S2_20210804/1175.tif,Post_event/S2_20210814/1175.tif,Annotations/1175.tif
1176,train,204,1.123,16200,184,0,0,0.11,16366,18,0,0,1.123,16200,184,0,0,0.11,16366,18,0,0,Pre_event/S1_ASC_20210805/1176.tif,Pre_event/S1_DESC_20210803/1176.tif,Post_event/S1_ASC_20210817/1176.tif,Post_event/S1_DESC_20210815/1176.tif,Pre_event/S2_20210804/1176.tif,Post_event/S2_20210814/1176.tif,Annotations/1176.tif
1177,val,109,0.708,16268,116,0,0,0.11,16366,18,0,0,0.708,16268,116,0,0,0.11,16366,18,0,0,Pre_event/S1_ASC_20210805/1177.tif,Pre_event/S1_DESC_20210803/1177.tif,Post_event/S1_ASC_20210817/1177.tif,Post_event/S1_DESC_20210815/1177.tif,Pre_event/S2_20210804/1177.tif,Post_event/S2_20210814/1177.tif,Annotations/1177.tif
1178,train,311,0.0,16384,0,0,0,2.46,15981,403,0,0,0.0,16384,0,0,0,2.46,15981,403,0,0,Pre_event/S1_ASC_20210805/1178.tif,Pre_event/S1_DESC_20210803/1178.tif,Post_event/S1_ASC_20210817/1178.tif,Post_event/S1_DESC_20210815/1178.tif,Pre_event/S2_20210804/1178.tif,Post_event/S2_20210814/1178.tif,Annotations/1178.tif
1179,train,946,1.324,16167,217,0,0,4.749,15606,778,0,0,1.324,16167,217,0,0,4.749,15606,778,0,0,Pre_event/S1_ASC_20210805/1179.tif,Pre_event/S1_DESC_20210803/1179.tif,Post_event/S1_ASC_20210817/1179.tif,Post_event/S1_DESC_20210815/1179.tif,Pre_event/S2_20210804/1179.tif,Post_event/S2_20210814/1179.tif,Annotations/1179.tif
1180,train,2413,5.194,15533,851,0,0,2.551,15966,412,6,0,5.194,15533,851,0,0,2.551,15966,412,6,0,Pre_event/S1_ASC_20210805/1180.tif,Pre_event/S1_DESC_20210803/1180.tif,Post_event/S1_ASC_20210817/1180.tif,Post_event/S1_DESC_20210815/1180.tif,Pre_event/S2_20210804/1180.tif,Post_event/S2_20210814/1180.tif,Annotations/1180.tif
1181,train,2150,6.921,15250,1134,0,0,3.363,15833,545,6,0,6.921,15250,1134,0,0,3.363,15833,545,6,0,Pre_event/S1_ASC_20210805/1181.tif,Pre_event/S1_DESC_20210803/1181.tif,Post_event/S1_ASC_20210817/1181.tif,Post_event/S1_DESC_20210815/1181.tif,Pre_event/S2_20210804/1181.tif,Post_event/S2_20210814/1181.tif,Annotations/1181.tif
1182,train,790,3.65,15786,592,6,0,7.013,15235,1147,2,0,3.65,15786,592,6,0,7.013,15235,1147,2,0,Pre_event/S1_ASC_20210805/1182.tif,Pre_event/S1_DESC_20210803/1182.tif,Post_event/S1_ASC_20210817/1182.tif,Post_event/S1_DESC_20210815/1182.tif,Pre_event/S2_20210804/1182.tif,Post_event/S2_20210814/1182.tif,Annotations/1182.tif
1183,train,471,0.598,16286,92,6,0,4.401,15663,719,2,0,0.598,16286,92,6,0,4.401,15663,719,2,0,Pre_event/S1_ASC_20210805/1183.tif,Pre_event/S1_DESC_20210803/1183.tif,Post_event/S1_ASC_20210817/1183.tif,Post_event/S1_DESC_20210815/1183.tif,Pre_event/S2_20210804/1183.tif,Post_event/S2_20210814/1183.tif,Annotations/1183.tif
1184,train,129,1.068,16209,175,0,0,0.018,16381,0,3,0,1.068,16209,175,0,0,0.018,16381,0,3,0,Pre_event/S1_ASC_20210805/1184.tif,Pre_event/S1_DESC_20210803/1184.tif,Post_event/S1_ASC_20210817/1184.tif,Post_event/S1_DESC_20210815/1184.tif,Pre_event/S2_20210804/1184.tif,Post_event/S2_20210814/1184.tif,Annotations/1184.tif
1185,train,229,0.073,16372,12,0,0,3.607,15793,591,0,0,0.073,16372,12,0,0,3.607,15793,591,0,0,Pre_event/S1_ASC_20210805/1185.tif,Pre_event/S1_DESC_20210803/1185.tif,Post_event/S1_ASC_20210817/1185.tif,Post_event/S1_DESC_20210815/1185.tif,Pre_event/S2_20210804/1185.tif,Post_event/S2_20210814/1185.tif,Annotations/1185.tif
1186,train,566,0.159,16358,0,26,0,13.043,14247,2137,0,0,0.159,16358,0,26,0,13.043,14247,2137,0,0,Pre_event/S1_ASC_20210805/1186.tif,Pre_event/S1_DESC_20210803/1186.tif,Post_event/S1_ASC_20210817/1186.tif,Post_event/S1_DESC_20210815/1186.tif,Pre_event/S2_20210804/1186.tif,Post_event/S2_20210814/1186.tif,Annotations/1186.tif
1187,train,764,0.47,16307,51,26,0,13.562,14162,2222,0,0,0.47,16307,51,26,0,13.562,14162,2222,0,0,Pre_event/S1_ASC_20210805/1187.tif,Pre_event/S1_DESC_20210803/1187.tif,Post_event/S1_ASC_20210817/1187.tif,Post_event/S1_DESC_20210815/1187.tif,Pre_event/S2_20210804/1187.tif,Post_event/S2_20210814/1187.tif,Annotations/1187.tif
1188,train,804,0.311,16333,51,0,0,5.396,15500,884,0,0,0.311,16333,51,0,0,5.396,15500,884,0,0,Pre_event/S1_ASC_20210805/1188.tif,Pre_event/S1_DESC_20210803/1188.tif,Post_event/S1_ASC_20210817/1188.tif,Post_event/S1_DESC_20210815/1188.tif,Pre_event/S2_20210804/1188.tif,Post_event/S2_20210814/1188.tif,Annotations/1188.tif
1189,test,961,3.235,15854,530,0,0,1.27,16176,208,0,0,3.235,15854,530,0,0,1.27,16176,208,0,0,Pre_event/S1_ASC_20210805/1189.tif,Pre_event/S1_DESC_20210803/1189.tif,Post_event/S1_ASC_20210817/1189.tif,Post_event/S1_DESC_20210815/1189.tif,Pre_event/S2_20210804/1189.tif,Post_event/S2_20210814/1189.tif,Annotations/1189.tif
1190,train,1076,8.234,15035,1349,0,0,3.101,15876,508,0,0,8.234,15035,1349,0,0,3.101,15876,508,0,0,Pre_event/S1_ASC_20210805/1190.tif,Pre_event/S1_DESC_20210803/1190.tif,Post_event/S1_ASC_20210817/1190.tif,Post_event/S1_DESC_20210815/1190.tif,Pre_event/S2_20210804/1190.tif,Post_event/S2_20210814/1190.tif,Annotations/1190.tif
1191,train,911,5.896,15418,960,6,0,6.604,15302,1080,2,0,5.896,15418,960,6,0,6.604,15302,1080,2,0,Pre_event/S1_ASC_20210805/1191.tif,Pre_event/S1_DESC_20210803/1191.tif,Post_event/S1_ASC_20210817/1191.tif,Post_event/S1_DESC_20210815/1191.tif,Pre_event/S2_20210804/1191.tif,Post_event/S2_20210814/1191.tif,Annotations/1191.tif
1192,train,549,1.208,16186,192,6,0,3.857,15752,630,2,0,1.208,16186,192,6,0,3.857,15752,630,2,0,Pre_event/S1_ASC_20210805/1192.tif,Pre_event/S1_DESC_20210803/1192.tif,Post_event/S1_ASC_20210817/1192.tif,Post_event/S1_DESC_20210815/1192.tif,Pre_event/S2_20210804/1192.tif,Post_event/S2_20210814/1192.tif,Annotations/1192.tif
1193,val,347,0.702,16269,115,0,0,0.354,16326,58,0,0,0.702,16269,115,0,0,0.354,16326,58,0,0,Pre_event/S1_ASC_20210805/1193.tif,Pre_event/S1_DESC_20210803/1193.tif,Post_event/S1_ASC_20210817/1193.tif,Post_event/S1_DESC_20210815/1193.tif,Pre_event/S2_20210804/1193.tif,Post_event/S2_20210814/1193.tif,Annotations/1193.tif
1194,train,264,0.391,16320,64,0,0,0.0,16384,0,0,0,0.391,16320,64,0,0,0.0,16384,0,0,0,Pre_event/S1_ASC_20210805/1194.tif,Pre_event/S1_DESC_20210803/1194.tif,Post_event/S1_ASC_20210817/1194.tif,Post_event/S1_DESC_20210815/1194.tif,Pre_event/S2_20210804/1194.tif,Post_event/S2_20210814/1194.tif,Annotations/1194.tif
1195,train,130,0.0,16384,0,0,0,0.0,16384,0,0,0,0.0,16384,0,0,0,0.0,16384,0,0,0,Pre_event/S1_ASC_20210805/1195.tif,Pre_event/S1_DESC_20210803/1195.tif,Post_event/S1_ASC_20210817/1195.tif,Post_event/S1_DESC_20210815/1195.tif,Pre_event/S2_20210804/1195.tif,Post_event/S2_20210814/1195.tif,Annotations/1195.tif
1196,train,143,1.794,16090,294,0,0,0.244,16344,40,0,0,1.794,16090,294,0,0,0.244,16344,40,0,0,Pre_event/S1_ASC_20210805/1196.tif,Pre_event/S1_DESC_20210803/1196.tif,Post_event/S1_ASC_20210817/1196.tif,Post_event/S1_DESC_20210815/1196.tif,Pre_event/S2_20210804/1196.tif,Post_event/S2_20210814/1196.tif,Annotations/1196.tif
1197,train,234,6.201,15368,1016,0,0,1.172,16192,32,160,0,6.201,15368,1016,0,0,1.172,16192,32,160,0,Pre_event/S1_ASC_20210805/1197.tif,Pre_event/S1_DESC_20210803/1197.tif,Post_event/S1_ASC_20210817/1197.tif,Post_event/S1_DESC_20210815/1197.tif,Pre_event/S2_20210804/1197.tif,Post_event/S2_20210814/1197.tif,Annotations/1197.tif
1198,train,644,2.106,16039,345,0,0,4.303,15679,705,0,0,2.106,16039,345,0,0,4.303,15679,705,0,0,Pre_event/S1_ASC_20210805/1198.tif,Pre_event/S1_DESC_20210803/1198.tif,Post_event/S1_ASC_20210817/1198.tif,Post_event/S1_DESC_20210815/1198.tif,Pre_event/S2_20210804/1198.tif,Post_event/S2_20210814/1198.tif,Annotations/1198.tif
1199,train,1211,5.646,15459,899,26,0,15.686,13814,2570,0,0,5.646,15459,899,26,0,15.686,13814,2570,0,0,Pre_event/S1_ASC_20210805/1199.tif,Pre_event/S1_DESC_20210803/1199.tif,Post_event/S1_ASC_20210817/1199.tif,Post_event/S1_DESC_20210815/1199.tif,Pre_event/S2_20210804/1199.tif,Post_event/S2_20210814/1199.tif,Annotations/1199.tif
1200,train,814,5.719,15447,911,26,0,13.049,14246,2138,0,0,5.719,15447,911,26,0,13.049,14246,2138,0,0,Pre_event/S1_ASC_20210805/1200.tif,Pre_event/S1_DESC_20210803/1200.tif,Post_event/S1_ASC_20210817/1200.tif,Post_event/S1_DESC_20210815/1200.tif,Pre_event/S2_20210804/1200.tif,Post_event/S2_20210814/1200.tif,Annotations/1200.tif
1201,val,285,2.106,16039,345,0,0,1.666,16111,273,0,0,2.106,16039,345,0,0,1.666,16111,273,0,0,Pre_event/S1_ASC_20210805/1201.tif,Pre_event/S1_DESC_20210803/1201.tif,Post_event/S1_ASC_20210817/1201.tif,Post_event/S1_DESC_20210815/1201.tif,Pre_event/S2_20210804/1201.tif,Post_event/S2_20210814/1201.tif,Annotations/1201.tif
1202,train,155,2.509,15973,411,0,0,0.0,16384,0,0,0,2.509,15973,411,0,0,0.0,16384,0,0,0,Pre_event/S1_ASC_20210805/1202.tif,Pre_event/S1_DESC_20210803/1202.tif,Post_event/S1_ASC_20210817/1202.tif,Post_event/S1_DESC_20210815/1202.tif,Pre_event/S2_20210804/1202.tif,Post_event/S2_20210814/1202.tif,Annotations/1202.tif
1203,train,137,2.246,16016,368,0,0,0.0,16384,0,0,0,2.246,16016,368,0,0,0.0,16384,0,0,0,Pre_event/S1_ASC_20210805/1203.tif,Pre_event/S1_DESC_20210803/1203.tif,Post_event/S1_ASC_20210817/1203.tif,Post_event/S1_DESC_20210815/1203.tif,Pre_event/S2_20210804/1203.tif,Post_event/S2_20210814/1203.tif,Annotations/1203.tif
1204,train,339,0.586,16288,96,0,0,0.0,16384,0,0,0,0.586,16288,96,0,0,0.0,16384,0,0,0,Pre_event/S1_ASC_20210805/1204.tif,Pre_event/S1_DESC_20210803/1204.tif,Post_event/S1_ASC_20210817/1204.tif,Post_event/S1_DESC_20210815/1204.tif,Pre_event/S2_20210804/1204.tif,Post_event/S2_20210814/1204.tif,Annotations/1204.tif
1205,train,308,0.116,16365,19,0,0,0.0,16384,0,0,0,0.116,16365,19,0,0,0.0,16384,0,0,0,Pre_event/S1_ASC_20210805/1205.tif,Pre_event/S1_DESC_20210803/1205.tif,Post_event/S1_ASC_20210817/1205.tif,Post_event/S1_DESC_20210815/1205.tif,Pre_event/S2_20210804/1205.tif,Post_event/S2_20210814/1205.tif,Annotations/1205.tif
1206,train,125,0.0,16384,0,0,0,0.0,16384,0,0,0,0.0,16384,0,0,0,0.0,16384,0,0,0,Pre_event/S1_ASC_20210805/1206.tif,Pre_event/S1_DESC_20210803/1206.tif,Post_event/S1_ASC_20210817/1206.tif,Post_event/S1_DESC_20210815/1206.tif,Pre_event/S2_20210804/1206.tif,Post_event/S2_20210814/1206.tif,Annotations/1206.tif
1207,train,98,0.72,16266,118,0,0,0.104,16367,17,0,0,0.72,16266,118,0,0,0.104,16367,17,0,0,Pre_event/S1_ASC_20210805/1207.tif,Pre_event/S1_DESC_20210803/1207.tif,Post_event/S1_ASC_20210817/1207.tif,Post_event/S1_DESC_20210815/1207.tif,Pre_event/S2_20210804/1207.tif,Post_event/S2_20210814/1207.tif,Annotations/1207.tif
1208,train,131,0.519,16299,85,0,0,0.0,16384,0,0,0,0.519,16299,85,0,0,0.0,16384,0,0,0,Pre_event/S1_ASC_20210805/1208.tif,Pre_event/S1_DESC_20210803/1208.tif,Post_event/S1_ASC_20210817/1208.tif,Post_event/S1_DESC_20210815/1208.tif,Pre_event/S2_20210804/1208.tif,Post_event/S2_20210814/1208.tif,Annotations/1208.tif
1209,test,90,1.849,16081,303,0,0,0.446,16311,73,0,0,1.849,16081,303,0,0,0.446,16311,73,0,0,Pre_event/S1_ASC_20210805/1209.tif,Pre_event/S1_DESC_20210803/1209.tif,Post_event/S1_ASC_20210817/1209.tif,Post_event/S1_DESC_20210815/1209.tif,Pre_event/S2_20210804/1209.tif,Post_event/S2_20210814/1209.tif,Annotations/1209.tif
1210,test,504,0.043,16377,7,0,0,1.178,16191,193,0,0,0.043,16377,7,0,0,1.178,16191,193,0,0,Pre_event/S1_ASC_20210805/1210.tif,Pre_event/S1_DESC_20210803/1210.tif,Post_event/S1_ASC_20210817/1210.tif,Post_event/S1_DESC_20210815/1210.tif,Pre_event/S2_20210804/1210.tif,Post_event/S2_20210814/1210.tif,Annotations/1210.tif
1211,test,1387,0.195,16352,32,0,0,4.669,15619,765,0,0,0.195,16352,32,0,0,4.669,15619,765,0,0,Pre_event/S1_ASC_20210805/1211.tif,Pre_event/S1_DESC_20210803/1211.tif,Post_event/S1_ASC_20210817/1211.tif,Post_event/S1_DESC_20210815/1211.tif,Pre_event/S2_20210804/1211.tif,Post_event/S2_20210814/1211.tif,Annotations/1211.tif
1212,train,1051,8.252,15032,1352,0,0,5.298,15516,696,172,0,8.252,15032,1352,0,0,5.298,15516,696,172,0,Pre_event/S1_ASC_20210805/1212.tif,Pre_event/S1_DESC_20210803/1212.tif,Post_event/S1_ASC_20210817/1212.tif,Post_event/S1_DESC_20210815/1212.tif,Pre_event/S2_20210804/1212.tif,Post_event/S2_20210814/1212.tif,Annotations/1212.tif
1213,train,243,14.044,14083,2301,0,0,1.05,16212,0,172,0,14.044,14083,2301,0,0,1.05,16212,0,172,0,Pre_event/S1_ASC_20210805/1213.tif,Pre_event/S1_DESC_20210803/1213.tif,Post_event/S1_ASC_20210817/1213.tif,Post_event/S1_DESC_20210815/1213.tif,Pre_event/S2_20210804/1213.tif,Post_event/S2_20210814/1213.tif,Annotations/1213.tif
1214,train,115,1.172,16192,192,0,0,1.196,16188,196,0,0,1.172,16192,192,0,0,1.196,16188,196,0,0,Pre_event/S1_ASC_20210805/1214.tif,Pre_event/S1_DESC_20210803/1214.tif,Post_event/S1_ASC_20210817/1214.tif,Post_event/S1_DESC_20210815/1214.tif,Pre_event/S2_20210804/1214.tif,Post_event/S2_20210814/1214.tif,Annotations/1214.tif
1215,val,121,0.891,16238,146,0,0,1.172,16192,192,0,0,0.891,16238,146,0,0,1.172,16192,192,0,0,Pre_event/S1_ASC_20210805/1215.tif,Pre_event/S1_DESC_20210803/1215.tif,Post_event/S1_ASC_20210817/1215.tif,Post_event/S1_DESC_20210815/1215.tif,Pre_event/S2_20210804/1215.tif,Post_event/S2_20210814/1215.tif,Annotations/1215.tif
1216,train,639,6.519,15316,1068,0,0,0.696,16270,114,0,0,6.519,15316,1068,0,0,0.696,16270,114,0,0,Pre_event/S1_ASC_20210805/1216.tif,Pre_event/S1_DESC_20210803/1216.tif,Post_event/S1_ASC_20210817/1216.tif,Post_event/S1_DESC_20210815/1216.tif,Pre_event/S2_20210804/1216.tif,Post_event/S2_20210814/1216.tif,Annotations/1216.tif
1217,train,912,9.503,14827,1557,0,0,2.643,15951,433,0,0,9.503,14827,1557,0,0,2.643,15951,433,0,0,Pre_event/S1_ASC_20210805/1217.tif,Pre_event/S1_DESC_20210803/1217.tif,Post_event/S1_ASC_20210817/1217.tif,Post_event/S1_DESC_20210815/1217.tif,Pre_event/S2_20210804/1217.tif,Post_event/S2_20210814/1217.tif,Annotations/1217.tif
1218,val,362,7.623,15135,1249,0,0,2.161,16030,354,0,0,7.623,15135,1249,0,0,2.161,16030,354,0,0,Pre_event/S1_ASC_20210805/1218.tif,Pre_event/S1_DESC_20210803/1218.tif,Post_event/S1_ASC_20210817/1218.tif,Post_event/S1_DESC_20210815/1218.tif,Pre_event/S2_20210804/1218.tif,Post_event/S2_20210814/1218.tif,Annotations/1218.tif
1219,train,109,1.794,16090,294,0,0,0.214,16349,35,0,0,1.794,16090,294,0,0,0.214,16349,35,0,0,Pre_event/S1_ASC_20210805/1219.tif,Pre_event/S1_DESC_20210803/1219.tif,Post_event/S1_ASC_20210817/1219.tif,Post_event/S1_DESC_20210815/1219.tif,Pre_event/S2_20210804/1219.tif,Post_event/S2_20210814/1219.tif,Annotations/1219.tif
1220,train,128,0.275,16339,45,0,0,0.0,16384,0,0,0,0.275,16339,45,0,0,0.0,16384,0,0,0,Pre_event/S1_ASC_20210805/1220.tif,Pre_event/S1_DESC_20210803/1220.tif,Post_event/S1_ASC_20210817/1220.tif,Post_event/S1_DESC_20210815/1220.tif,Pre_event/S2_20210804/1220.tif,Post_event/S2_20210814/1220.tif,Annotations/1220.tif
1221,test,111,0.519,16299,85,0,0,0.0,16384,0,0,0,0.519,16299,85,0,0,0.0,16384,0,0,0,Pre_event/S1_ASC_20210805/1221.tif,Pre_event/S1_DESC_20210803/1221.tif,Post_event/S1_ASC_20210817/1221.tif,Post_event/S1_DESC_20210815/1221.tif,Pre_event/S2_20210804/1221.tif,Post_event/S2_20210814/1221.tif,Annotations/1221.tif
1222,val,503,0.043,16377,7,0,0,1.245,16180,204,0,0,0.043,16377,7,0,0,1.245,16180,204,0,0,Pre_event/S1_ASC_20210805/1222.tif,Pre_event/S1_DESC_20210803/1222.tif,Post_event/S1_ASC_20210817/1222.tif,Post_event/S1_DESC_20210815/1222.tif,Pre_event/S2_20210804/1222.tif,Post_event/S2_20210814/1222.tif,Annotations/1222.tif
1223,train,1357,0.244,16344,40,0,0,5.597,15467,917,0,0,0.244,16344,40,0,0,5.597,15467,917,0,0,Pre_event/S1_ASC_20210805/1223.tif,Pre_event/S1_DESC_20210803/1223.tif,Post_event/S1_ASC_20210817/1223.tif,Post_event/S1_DESC_20210815/1223.tif,Pre_event/S2_20210804/1223.tif,Post_event/S2_20210814/1223.tif,Annotations/1223.tif
1224,train,1065,2.814,15923,461,0,0,8.173,15045,1316,23,0,2.814,15923,461,0,0,8.173,15045,1316,23,0,Pre_event/S1_ASC_20210805/1224.tif,Pre_event/S1_DESC_20210803/1224.tif,Post_event/S1_ASC_20210817/1224.tif,Post_event/S1_DESC_20210815/1224.tif,Pre_event/S2_20210804/1224.tif,Post_event/S2_20210814/1224.tif,Annotations/1224.tif
1225,train,456,6.421,15332,1052,0,0,3.064,15882,479,23,0,6.421,15332,1052,0,0,3.064,15882,479,23,0,Pre_event/S1_ASC_20210805/1225.tif,Pre_event/S1_DESC_20210803/1225.tif,Post_event/S1_ASC_20210817/1225.tif,Post_event/S1_DESC_20210815/1225.tif,Pre_event/S2_20210804/1225.tif,Post_event/S2_20210814/1225.tif,Annotations/1225.tif
1226,train,261,13.965,14096,2288,0,0,0.018,16381,0,3,0,13.965,14096,2288,0,0,0.018,16381,0,3,0,Pre_event/S1_ASC_20210805/1226.tif,Pre_event/S1_DESC_20210803/1226.tif,Post_event/S1_ASC_20210817/1226.tif,Post_event/S1_DESC_20210815/1226.tif,Pre_event/S2_20210804/1226.tif,Post_event/S2_20210814/1226.tif,Annotations/1226.tif
1227,train,174,10.156,14720,1664,0,0,0.043,16377,4,3,0,10.156,14720,1664,0,0,0.043,16377,4,3,0,Pre_event/S1_ASC_20210805/1227.tif,Pre_event/S1_DESC_20210803/1227.tif,Post_event/S1_ASC_20210817/1227.tif,Post_event/S1_DESC_20210815/1227.tif,Pre_event/S2_20210804/1227.tif,Post_event/S2_20210814/1227.tif,Annotations/1227.tif
1228,val,382,0.214,16349,35,0,0,1.196,16188,196,0,0,0.214,16349,35,0,0,1.196,16188,196,0,0,Pre_event/S1_ASC_20210805/1228.tif,Pre_event/S1_DESC_20210803/1228.tif,Post_event/S1_ASC_20210817/1228.tif,Post_event/S1_DESC_20210815/1228.tif,Pre_event/S2_20210804/1228.tif,Post_event/S2_20210814/1228.tif,Annotations/1228.tif
1229,train,249,0.403,16318,66,0,0,1.172,16192,192,0,0,0.403,16318,66,0,0,1.172,16192,192,0,0,Pre_event/S1_ASC_20210805/1229.tif,Pre_event/S1_DESC_20210803/1229.tif,Post_event/S1_ASC_20210817/1229.tif,Post_event/S1_DESC_20210815/1229.tif,Pre_event/S2_20210804/1229.tif,Post_event/S2_20210814/1229.tif,Annotations/1229.tif
1230,train,470,5.591,15468,916,0,0,0.208,16350,28,6,0,5.591,15468,916,0,0,0.208,16350,28,6,0,Pre_event/S1_ASC_20210805/1230.tif,Pre_event/S1_DESC_20210803/1230.tif,Post_event/S1_ASC_20210817/1230.tif,Post_event/S1_DESC_20210815/1230.tif,Pre_event/S2_20210804/1230.tif,Post_event/S2_20210814/1230.tif,Annotations/1230.tif
1231,train,521,5.139,15542,842,0,0,0.104,16367,11,6,0,5.139,15542,842,0,0,0.104,16367,11,6,0,Pre_event/S1_ASC_20210805/1231.tif,Pre_event/S1_DESC_20210803/1231.tif,Post_event/S1_ASC_20210817/1231.tif,Post_event/S1_DESC_20210815/1231.tif,Pre_event/S2_20210804/1231.tif,Post_event/S2_20210814/1231.tif,Annotations/1231.tif
1232,test,191,2.722,15938,446,0,0,0.281,16338,46,0,0,2.722,15938,446,0,0,0.281,16338,46,0,0,Pre_event/S1_ASC_20210805/1232.tif,Pre_event/S1_DESC_20210803/1232.tif,Post_event/S1_ASC_20210817/1232.tif,Post_event/S1_DESC_20210815/1232.tif,Pre_event/S2_20210804/1232.tif,Post_event/S2_20210814/1232.tif,Annotations/1232.tif
1233,train,114,0.574,16290,94,0,0,0.214,16349,35,0,0,0.574,16290,94,0,0,0.214,16349,35,0,0,Pre_event/S1_ASC_20210805/1233.tif,Pre_event/S1_DESC_20210803/1233.tif,Post_event/S1_ASC_20210817/1233.tif,Post_event/S1_DESC_20210815/1233.tif,Pre_event/S2_20210804/1233.tif,Post_event/S2_20210814/1233.tif,Annotations/1233.tif
1234,test,328,3.363,15833,551,0,0,1.276,16175,209,0,0,3.363,15833,551,0,0,1.276,16175,209,0,0,Pre_event/S1_ASC_20210805/1234.tif,Pre_event/S1_DESC_20210803/1234.tif,Post_event/S1_ASC_20210817/1234.tif,Post_event/S1_DESC_20210815/1234.tif,Pre_event/S2_20210804/1234.tif,Post_event/S2_20210814/1234.tif,Annotations/1234.tif
1235,test,712,4.468,15652,732,0,0,4.15,15704,669,11,0,4.468,15652,732,0,0,4.15,15704,669,11,0,Pre_event/S1_ASC_20210805/1235.tif,Pre_event/S1_DESC_20210803/1235.tif,Post_event/S1_ASC_20210817/1235.tif,Post_event/S1_DESC_20210815/1235.tif,Pre_event/S2_20210804/1235.tif,Post_event/S2_20210814/1235.tif,Annotations/1235.tif
1236,train,619,1.263,16177,207,0,0,2.991,15894,479,11,0,1.263,16177,207,0,0,2.991,15894,479,11,0,Pre_event/S1_ASC_20210805/1236.tif,Pre_event/S1_DESC_20210803/1236.tif,Post_event/S1_ASC_20210817/1236.tif,Post_event/S1_DESC_20210815/1236.tif,Pre_event/S2_20210804/1236.tif,Post_event/S2_20210814/1236.tif,Annotations/1236.tif
1237,train,195,1.184,16190,194,0,0,0.146,16360,0,24,0,1.184,16190,194,0,0,0.146,16360,0,24,0,Pre_event/S1_ASC_20210805/1237.tif,Pre_event/S1_DESC_20210803/1237.tif,Post_event/S1_ASC_20210817/1237.tif,Post_event/S1_DESC_20210815/1237.tif,Pre_event/S2_20210804/1237.tif,Post_event/S2_20210814/1237.tif,Annotations/1237.tif
1238,train,144,1.501,16138,246,0,0,0.146,16360,0,24,0,1.501,16138,246,0,0,0.146,16360,0,24,0,Pre_event/S1_ASC_20210805/1238.tif,Pre_event/S1_DESC_20210803/1238.tif,Post_event/S1_ASC_20210817/1238.tif,Post_event/S1_DESC_20210815/1238.tif,Pre_event/S2_20210804/1238.tif,Post_event/S2_20210814/1238.tif,Annotations/1238.tif
1239,train,281,4.303,15679,705,0,0,0.0,16384,0,0,0,4.303,15679,705,0,0,0.0,16384,0,0,0,Pre_event/S1_ASC_20210805/1239.tif,Pre_event/S1_DESC_20210803/1239.tif,Post_event/S1_ASC_20210817/1239.tif,Post_event/S1_DESC_20210815/1239.tif,Pre_event/S2_20210804/1239.tif,Post_event/S2_20210814/1239.tif,Annotations/1239.tif
1240,test,175,3.827,15757,627,0,0,1.66,16112,272,0,0,3.827,15757,627,0,0,1.66,16112,272,0,0,Pre_event/S1_ASC_20210805/1240.tif,Pre_event/S1_DESC_20210803/1240.tif,Post_event/S1_ASC_20210817/1240.tif,Post_event/S1_DESC_20210815/1240.tif,Pre_event/S2_20210804/1240.tif,Post_event/S2_20210814/1240.tif,Annotations/1240.tif
1241,train,663,0.0,16384,0,0,0,3.851,15753,631,0,0,0.0,16384,0,0,0,3.851,15753,631,0,0,Pre_event/S1_ASC_20210805/1241.tif,Pre_event/S1_DESC_20210803/1241.tif,Post_event/S1_ASC_20210817/1241.tif,Post_event/S1_DESC_20210815/1241.tif,Pre_event/S2_20210804/1241.tif,Post_event/S2_20210814/1241.tif,Annotations/1241.tif
1242,train,943,1.105,16203,181,0,0,7.263,15194,1184,6,0,1.105,16203,181,0,0,7.263,15194,1184,6,0,Pre_event/S1_ASC_20210805/1242.tif,Pre_event/S1_DESC_20210803/1242.tif,Post_event/S1_ASC_20210817/1242.tif,Post_event/S1_DESC_20210815/1242.tif,Pre_event/S2_20210804/1242.tif,Post_event/S2_20210814/1242.tif,Annotations/1242.tif
1243,train,907,1.123,16200,184,0,0,9.967,14751,1627,6,0,1.123,16200,184,0,0,9.967,14751,1627,6,0,Pre_event/S1_ASC_20210805/1243.tif,Pre_event/S1_DESC_20210803/1243.tif,Post_event/S1_ASC_20210817/1243.tif,Post_event/S1_DESC_20210815/1243.tif,Pre_event/S2_20210804/1243.tif,Post_event/S2_20210814/1243.tif,Annotations/1243.tif
1244,train,936,0.555,16293,91,0,0,5.109,15547,837,0,0,0.555,16293,91,0,0,5.109,15547,837,0,0,Pre_event/S1_ASC_20210805/1244.tif,Pre_event/S1_DESC_20210803/1244.tif,Post_event/S1_ASC_20210817/1244.tif,Post_event/S1_DESC_20210815/1244.tif,Pre_event/S2_20210804/1244.tif,Post_event/S2_20210814/1244.tif,Annotations/1244.tif
1245,train,421,0.781,16256,128,0,0,0.214,16349,35,0,0,0.781,16256,128,0,0,0.214,16349,35,0,0,Pre_event/S1_ASC_20210805/1245.tif,Pre_event/S1_DESC_20210803/1245.tif,Post_event/S1_ASC_20210817/1245.tif,Post_event/S1_DESC_20210815/1245.tif,Pre_event/S2_20210804/1245.tif,Post_event/S2_20210814/1245.tif,Annotations/1245.tif
1246,val,107,0.0,16384,0,0,0,0.0,16384,0,0,0,0.0,16384,0,0,0,0.0,16384,0,0,0,Pre_event/S1_ASC_20210805/1246.tif,Pre_event/S1_DESC_20210803/1246.tif,Post_event/S1_ASC_20210817/1246.tif,Post_event/S1_DESC_20210815/1246.tif,Pre_event/S2_20210804/1246.tif,Post_event/S2_20210814/1246.tif,Annotations/1246.tif
1247,train,180,0.519,16299,85,0,0,0.0,16384,0,0,0,0.519,16299,85,0,0,0.0,16384,0,0,0,Pre_event/S1_ASC_20210805/1247.tif,Pre_event/S1_DESC_20210803/1247.tif,Post_event/S1_ASC_20210817/1247.tif,Post_event/S1_DESC_20210815/1247.tif,Pre_event/S2_20210804/1247.tif,Post_event/S2_20210814/1247.tif,Annotations/1247.tif
1248,train,468,4.089,15714,670,0,0,0.104,16367,17,0,0,4.089,15714,670,0,0,0.104,16367,17,0,0,Pre_event/S1_ASC_20210805/1248.tif,Pre_event/S1_DESC_20210803/1248.tif,Post_event/S1_ASC_20210817/1248.tif,Post_event/S1_DESC_20210815/1248.tif,Pre_event/S2_20210804/1248.tif,Post_event/S2_20210814/1248.tif,Annotations/1248.tif
1249,val,686,4.376,15667,717,0,0,0.104,16367,17,0,0,4.376,15667,717,0,0,0.104,16367,17,0,0,Pre_event/S1_ASC_20210805/1249.tif,Pre_event/S1_DESC_20210803/1249.tif,Post_event/S1_ASC_20210817/1249.tif,Post_event/S1_DESC_20210815/1249.tif,Pre_event/S2_20210804/1249.tif,Post_event/S2_20210814/1249.tif,Annotations/1249.tif
1250,val,423,0.537,16296,88,0,0,0.0,16384,0,0,0,0.537,16296,88,0,0,0.0,16384,0,0,0,Pre_event/S1_ASC_20210805/1250.tif,Pre_event/S1_DESC_20210803/1250.tif,Post_event/S1_ASC_20210817/1250.tif,Post_event/S1_DESC_20210815/1250.tif,Pre_event/S2_20210804/1250.tif,Post_event/S2_20210814/1250.tif,Annotations/1250.tif
1251,train,682,4.645,15623,761,0,0,3.705,15777,607,0,0,4.645,15623,761,0,0,3.705,15777,607,0,0,Pre_event/S1_ASC_20210805/1251.tif,Pre_event/S1_DESC_20210803/1251.tif,Post_event/S1_ASC_20210817/1251.tif,Post_event/S1_DESC_20210815/1251.tif,Pre_event/S2_20210804/1251.tif,Post_event/S2_20210814/1251.tif,Annotations/1251.tif
1252,train,855,3.656,15785,599,0,0,8.984,14912,1472,0,0,3.656,15785,599,0,0,8.984,14912,1472,0,0,Pre_event/S1_ASC_20210805/1252.tif,Pre_event/S1_DESC_20210803/1252.tif,Post_event/S1_ASC_20210817/1252.tif,Post_event/S1_DESC_20210815/1252.tif,Pre_event/S2_20210804/1252.tif,Post_event/S2_20210814/1252.tif,Annotations/1252.tif
1253,test,892,2.307,16006,378,0,0,10.858,14605,1743,36,0,2.307,16006,378,0,0,10.858,14605,1743,36,0,Pre_event/S1_ASC_20210805/1253.tif,Pre_event/S1_DESC_20210803/1253.tif,Post_event/S1_ASC_20210817/1253.tif,Post_event/S1_DESC_20210815/1253.tif,Pre_event/S2_20210804/1253.tif,Post_event/S2_20210814/1253.tif,Annotations/1253.tif
1254,train,905,8.722,14955,1429,0,0,12.61,14318,2028,38,0,8.722,14955,1429,0,0,12.61,14318,2028,38,0,Pre_event/S1_ASC_20210805/1254.tif,Pre_event/S1_DESC_20210803/1254.tif,Post_event/S1_ASC_20210817/1254.tif,Post_event/S1_DESC_20210815/1254.tif,Pre_event/S2_20210804/1254.tif,Post_event/S2_20210814/1254.tif,Annotations/1254.tif
1255,train,801,7.397,15172,1212,0,0,12.646,14312,2070,2,0,7.397,15172,1212,0,0,12.646,14312,2070,2,0,Pre_event/S1_ASC_20210805/1255.tif,Pre_event/S1_DESC_20210803/1255.tif,Post_event/S1_ASC_20210817/1255.tif,Post_event/S1_DESC_20210815/1255.tif,Pre_event/S2_20210804/1255.tif,Post_event/S2_20210814/1255.tif,Annotations/1255.tif
1256,train,953,1.19,16189,195,0,0,5.829,15429,955,0,0,1.19,16189,195,0,0,5.829,15429,955,0,0,Pre_event/S1_ASC_20210805/1256.tif,Pre_event/S1_DESC_20210803/1256.tif,Post_event/S1_ASC_20210817/1256.tif,Post_event/S1_DESC_20210815/1256.tif,Pre_event/S2_20210804/1256.tif,Post_event/S2_20210814/1256.tif,Annotations/1256.tif
1257,train,402,0.208,16350,34,0,0,0.214,16349,35,0,0,0.208,16350,34,0,0,0.214,16349,35,0,0,Pre_event/S1_ASC_20210805/1257.tif,Pre_event/S1_DESC_20210803/1257.tif,Post_event/S1_ASC_20210817/1257.tif,Post_event/S1_DESC_20210815/1257.tif,Pre_event/S2_20210804/1257.tif,Post_event/S2_20210814/1257.tif,Annotations/1257.tif
1258,train,207,1.184,16190,194,0,0,0.0,16384,0,0,0,1.184,16190,194,0,0,0.0,16384,0,0,0,Pre_event/S1_ASC_20210805/1258.tif,Pre_event/S1_DESC_20210803/1258.tif,Post_event/S1_ASC_20210817/1258.tif,Post_event/S1_DESC_20210815/1258.tif,Pre_event/S2_20210804/1258.tif,Post_event/S2_20210814/1258.tif,Annotations/1258.tif
1259,test,623,1.422,16151,233,0,0,0.385,16321,63,0,0,1.422,16151,233,0,0,0.385,16321,63,0,0,Pre_event/S1_ASC_20210805/1259.tif,Pre_event/S1_DESC_20210803/1259.tif,Post_event/S1_ASC_20210817/1259.tif,Post_event/S1_DESC_20210815/1259.tif,Pre_event/S2_20210804/1259.tif,Post_event/S2_20210814/1259.tif,Annotations/1259.tif
1260,train,528,0.671,16274,110,0,0,0.385,16321,63,0,0,0.671,16274,110,0,0,0.385,16321,63,0,0,Pre_event/S1_ASC_20210805/1260.tif,Pre_event/S1_DESC_20210803/1260.tif,Post_event/S1_ASC_20210817/1260.tif,Post_event/S1_DESC_20210815/1260.tif,Pre_event/S2_20210804/1260.tif,Post_event/S2_20210814/1260.tif,Annotations/1260.tif
1261,test,112,0.146,16360,24,0,0,0.0,16384,0,0,0,0.146,16360,24,0,0,0.0,16384,0,0,0,Pre_event/S1_ASC_20210805/1261.tif,Pre_event/S1_DESC_20210803/1261.tif,Post_event/S1_ASC_20210817/1261.tif,Post_event/S1_DESC_20210815/1261.tif,Pre_event/S2_20210804/1261.tif,Post_event/S2_20210814/1261.tif,Annotations/1261.tif
1262,train,1417,1.392,16156,228,0,0,3.827,15757,627,0,0,1.392,16156,228,0,0,3.827,15757,627,0,0,Pre_event/S1_ASC_20210805/1262.tif,Pre_event/S1_DESC_20210803/1262.tif,Post_event/S1_ASC_20210817/1262.tif,Post_event/S1_DESC_20210815/1262.tif,Pre_event/S2_20210804/1262.tif,Post_event/S2_20210814/1262.tif,Annotations/1262.tif
1263,train,1738,9.741,14788,1596,0,0,7.629,15134,1220,30,0,9.741,14788,1596,0,0,7.629,15134,1220,30,0,Pre_event/S1_ASC_20210805/1263.tif,Pre_event/S1_DESC_20210803/1263.tif,Post_event/S1_ASC_20210817/1263.tif,Post_event/S1_DESC_20210815/1263.tif,Pre_event/S2_20210804/1263.tif,Post_event/S2_20210814/1263.tif,Annotations/1263.tif
1264,train,454,22.394,12715,3669,0,0,7.52,15152,1140,92,0,22.394,12715,3669,0,0,7.52,15152,1140,92,0,Pre_event/S1_ASC_20210805/1264.tif,Pre_event/S1_DESC_20210803/1264.tif,Post_event/S1_ASC_20210817/1264.tif,Post_event/S1_DESC_20210815/1264.tif,Pre_event/S2_20210804/1264.tif,Post_event/S2_20210814/1264.tif,Annotations/1264.tif
1265,train,213,20.544,13018,3366,0,0,5.817,15431,889,64,0,20.544,13018,3366,0,0,5.817,15431,889,64,0,Pre_event/S1_ASC_20210805/1265.tif,Pre_event/S1_DESC_20210803/1265.tif,Post_event/S1_ASC_20210817/1265.tif,Post_event/S1_DESC_20210815/1265.tif,Pre_event/S2_20210804/1265.tif,Post_event/S2_20210814/1265.tif,Annotations/1265.tif
1266,train,257,8.856,14933,1451,0,0,4.852,15589,793,2,0,8.856,14933,1451,0,0,4.852,15589,793,2,0,Pre_event/S1_ASC_20210805/1266.tif,Pre_event/S1_DESC_20210803/1266.tif,Post_event/S1_ASC_20210817/1266.tif,Post_event/S1_DESC_20210815/1266.tif,Pre_event/S2_20210804/1266.tif,Post_event/S2_20210814/1266.tif,Annotations/1266.tif
1267,val,273,1.855,16080,304,0,0,2.753,15933,451,0,0,1.855,16080,304,0,0,2.753,15933,451,0,0,Pre_event/S1_ASC_20210805/1267.tif,Pre_event/S1_DESC_20210803/1267.tif,Post_event/S1_ASC_20210817/1267.tif,Post_event/S1_DESC_20210815/1267.tif,Pre_event/S2_20210804/1267.tif,Post_event/S2_20210814/1267.tif,Annotations/1267.tif
1268,train,142,0.476,16306,78,0,0,0.0,16384,0,0,0,0.476,16306,78,0,0,0.0,16384,0,0,0,Pre_event/S1_ASC_20210805/1268.tif,Pre_event/S1_DESC_20210803/1268.tif,Post_event/S1_ASC_20210817/1268.tif,Post_event/S1_DESC_20210815/1268.tif,Pre_event/S2_20210804/1268.tif,Post_event/S2_20210814/1268.tif,Annotations/1268.tif
1269,test,376,3.497,15811,573,0,0,0.653,16277,97,10,0,3.497,15811,573,0,0,0.653,16277,97,10,0,Pre_event/S1_ASC_20210805/1269.tif,Pre_event/S1_DESC_20210803/1269.tif,Post_event/S1_ASC_20210817/1269.tif,Post_event/S1_DESC_20210815/1269.tif,Pre_event/S2_20210804/1269.tif,Post_event/S2_20210814/1269.tif,Annotations/1269.tif
1270,train,335,3.394,15828,556,0,0,0.653,16277,97,10,0,3.394,15828,556,0,0,0.653,16277,97,10,0,Pre_event/S1_ASC_20210805/1270.tif,Pre_event/S1_DESC_20210803/1270.tif,Post_event/S1_ASC_20210817/1270.tif,Post_event/S1_DESC_20210815/1270.tif,Pre_event/S2_20210804/1270.tif,Post_event/S2_20210814/1270.tif,Annotations/1270.tif
1271,test,106,0.665,16275,109,0,0,0.0,16384,0,0,0,0.665,16275,109,0,0,0.0,16384,0,0,0,Pre_event/S1_ASC_20210805/1271.tif,Pre_event/S1_DESC_20210803/1271.tif,Post_event/S1_ASC_20210817/1271.tif,Post_event/S1_DESC_20210815/1271.tif,Pre_event/S2_20210804/1271.tif,Post_event/S2_20210814/1271.tif,Annotations/1271.tif
1272,train,415,0.854,16244,140,0,0,0.385,16321,63,0,0,0.854,16244,140,0,0,0.385,16321,63,0,0,Pre_event/S1_ASC_20210805/1272.tif,Pre_event/S1_DESC_20210803/1272.tif,Post_event/S1_ASC_20210817/1272.tif,Post_event/S1_DESC_20210815/1272.tif,Pre_event/S2_20210804/1272.tif,Post_event/S2_20210814/1272.tif,Annotations/1272.tif
1273,test,384,0.299,16335,49,0,0,0.385,16321,63,0,0,0.299,16335,49,0,0,0.385,16321,63,0,0,Pre_event/S1_ASC_20210805/1273.tif,Pre_event/S1_DESC_20210803/1273.tif,Post_event/S1_ASC_20210817/1273.tif,Post_event/S1_DESC_20210815/1273.tif,Pre_event/S2_20210804/1273.tif,Post_event/S2_20210814/1273.tif,Annotations/1273.tif
1274,val,174,0.092,16369,15,0,0,0.0,16384,0,0,0,0.092,16369,15,0,0,0.0,16384,0,0,0,Pre_event/S1_ASC_20210805/1274.tif,Pre_event/S1_DESC_20210803/1274.tif,Post_event/S1_ASC_20210817/1274.tif,Post_event/S1_DESC_20210815/1274.tif,Pre_event/S2_20210804/1274.tif,Post_event/S2_20210814/1274.tif,Annotations/1274.tif
1275,train,1021,2.57,15963,421,0,0,0.763,16259,125,0,0,2.57,15963,421,0,0,0.763,16259,125,0,0,Pre_event/S1_ASC_20210805/1275.tif,Pre_event/S1_DESC_20210803/1275.tif,Post_event/S1_ASC_20210817/1275.tif,Post_event/S1_DESC_20210815/1275.tif,Pre_event/S2_20210804/1275.tif,Post_event/S2_20210814/1275.tif,Annotations/1275.tif
1276,train,1100,12.36,14359,2025,0,0,0.305,16334,20,30,0,12.36,14359,2025,0,0,0.305,16334,20,30,0,Pre_event/S1_ASC_20210805/1276.tif,Pre_event/S1_DESC_20210803/1276.tif,Post_event/S1_ASC_20210817/1276.tif,Post_event/S1_DESC_20210815/1276.tif,Pre_event/S2_20210804/1276.tif,Post_event/S2_20210814/1276.tif,Annotations/1276.tif
1277,train,604,25.165,12261,4123,0,0,2.24,16017,281,86,0,25.165,12261,4123,0,0,2.24,16017,281,86,0,Pre_event/S1_ASC_20210805/1277.tif,Pre_event/S1_DESC_20210803/1277.tif,Post_event/S1_ASC_20210817/1277.tif,Post_event/S1_DESC_20210815/1277.tif,Pre_event/S2_20210804/1277.tif,Post_event/S2_20210814/1277.tif,Annotations/1277.tif
1278,train,991,16.113,13744,2640,0,0,8.362,15014,1314,56,0,16.113,13744,2640,0,0,8.362,15014,1314,56,0,Pre_event/S1_ASC_20210805/1278.tif,Pre_event/S1_DESC_20210803/1278.tif,Post_event/S1_ASC_20210817/1278.tif,Post_event/S1_DESC_20210815/1278.tif,Pre_event/S2_20210804/1278.tif,Post_event/S2_20210814/1278.tif,Annotations/1278.tif
1279,train,787,5.798,15434,950,0,0,8.771,14947,1420,17,0,5.798,15434,950,0,0,8.771,14947,1420,17,0,Pre_event/S1_ASC_20210805/1279.tif,Pre_event/S1_DESC_20210803/1279.tif,Post_event/S1_ASC_20210817/1279.tif,Post_event/S1_DESC_20210815/1279.tif,Pre_event/S2_20210804/1279.tif,Post_event/S2_20210814/1279.tif,Annotations/1279.tif
1280,train,254,3.729,15773,611,0,0,2.466,15980,387,17,0,3.729,15773,611,0,0,2.466,15980,387,17,0,Pre_event/S1_ASC_20210805/1280.tif,Pre_event/S1_DESC_20210803/1280.tif,Post_event/S1_ASC_20210817/1280.tif,Post_event/S1_DESC_20210815/1280.tif,Pre_event/S2_20210804/1280.tif,Post_event/S2_20210814/1280.tif,Annotations/1280.tif
1281,val,393,4.651,15622,762,0,0,0.507,16301,73,10,0,4.651,15622,762,0,0,0.507,16301,73,10,0,Pre_event/S1_ASC_20210805/1281.tif,Pre_event/S1_DESC_20210803/1281.tif,Post_event/S1_ASC_20210817/1281.tif,Post_event/S1_DESC_20210815/1281.tif,Pre_event/S2_20210804/1281.tif,Post_event/S2_20210814/1281.tif,Annotations/1281.tif
1282,train,744,5.267,15521,863,0,0,0.507,16301,73,10,0,5.267,15521,863,0,0,0.507,16301,73,10,0,Pre_event/S1_ASC_20210805/1282.tif,Pre_event/S1_DESC_20210803/1282.tif,Post_event/S1_ASC_20210817/1282.tif,Post_event/S1_DESC_20210815/1282.tif,Pre_event/S2_20210804/1282.tif,Post_event/S2_20210814/1282.tif,Annotations/1282.tif
1283,train,395,1.08,16207,177,0,0,0.0,16384,0,0,0,1.08,16207,177,0,0,0.0,16384,0,0,0,Pre_event/S1_ASC_20210805/1283.tif,Pre_event/S1_DESC_20210803/1283.tif,Post_event/S1_ASC_20210817/1283.tif,Post_event/S1_DESC_20210815/1283.tif,Pre_event/S2_20210804/1283.tif,Post_event/S2_20210814/1283.tif,Annotations/1283.tif
1284,test,169,0.427,16314,70,0,0,0.0,16384,0,0,0,0.427,16314,70,0,0,0.0,16384,0,0,0,Pre_event/S1_ASC_20210805/1284.tif,Pre_event/S1_DESC_20210803/1284.tif,Post_event/S1_ASC_20210817/1284.tif,Post_event/S1_DESC_20210815/1284.tif,Pre_event/S2_20210804/1284.tif,Post_event/S2_20210814/1284.tif,Annotations/1284.tif
1285,train,316,0.928,16232,152,0,0,0.0,16384,0,0,0,0.928,16232,152,0,0,0.0,16384,0,0,0,Pre_event/S1_ASC_20210805/1285.tif,Pre_event/S1_DESC_20210803/1285.tif,Post_event/S1_ASC_20210817/1285.tif,Post_event/S1_DESC_20210815/1285.tif,Pre_event/S2_20210804/1285.tif,Post_event/S2_20210814/1285.tif,Annotations/1285.tif
1286,val,153,1.318,16168,216,0,0,0.0,16384,0,0,0,1.318,16168,216,0,0,0.0,16384,0,0,0,Pre_event/S1_ASC_20210805/1286.tif,Pre_event/S1_DESC_20210803/1286.tif,Post_event/S1_ASC_20210817/1286.tif,Post_event/S1_DESC_20210815/1286.tif,Pre_event/S2_20210804/1286.tif,Post_event/S2_20210814/1286.tif,Annotations/1286.tif
1287,test,523,4.425,15659,725,0,0,0.641,16279,105,0,0,4.425,15659,725,0,0,0.641,16279,105,0,0,Pre_event/S1_ASC_20210805/1287.tif,Pre_event/S1_DESC_20210803/1287.tif,Post_event/S1_ASC_20210817/1287.tif,Post_event/S1_DESC_20210815/1287.tif,Pre_event/S2_20210804/1287.tif,Post_event/S2_20210814/1287.tif,Annotations/1287.tif
1288,val,765,9.625,14807,1577,0,0,0.763,16259,105,20,0,9.625,14807,1577,0,0,0.763,16259,105,20,0,Pre_event/S1_ASC_20210805/1288.tif,Pre_event/S1_DESC_20210803/1288.tif,Post_event/S1_ASC_20210817/1288.tif,Post_event/S1_DESC_20210815/1288.tif,Pre_event/S2_20210804/1288.tif,Post_event/S2_20210814/1288.tif,Annotations/1288.tif
1289,test,242,8.575,14979,1405,0,0,2.039,16050,287,47,0,8.575,14979,1405,0,0,2.039,16050,287,47,0,Pre_event/S1_ASC_20210805/1289.tif,Pre_event/S1_DESC_20210803/1289.tif,Post_event/S1_ASC_20210817/1289.tif,Post_event/S1_DESC_20210815/1289.tif,Pre_event/S2_20210804/1289.tif,Post_event/S2_20210814/1289.tif,Annotations/1289.tif
1290,test,689,6.207,15367,1017,0,0,5.621,15463,863,58,0,6.207,15367,1017,0,0,5.621,15463,863,58,0,Pre_event/S1_ASC_20210805/1290.tif,Pre_event/S1_DESC_20210803/1290.tif,Post_event/S1_ASC_20210817/1290.tif,Post_event/S1_DESC_20210815/1290.tif,Pre_event/S2_20210804/1290.tif,Post_event/S2_20210814/1290.tif,Annotations/1290.tif
1291,train,1865,13.416,14186,2198,0,0,11.462,14506,1738,116,24,13.416,14186,2198,0,0,11.462,14506,1738,116,24,Pre_event/S1_ASC_20210805/1291.tif,Pre_event/S1_DESC_20210803/1291.tif,Post_event/S1_ASC_20210817/1291.tif,Post_event/S1_DESC_20210815/1291.tif,Pre_event/S2_20210804/1291.tif,Post_event/S2_20210814/1291.tif,Annotations/1291.tif
1292,train,1298,16.296,13714,2670,0,0,8.258,15031,1227,102,24,16.296,13714,2670,0,0,8.258,15031,1227,102,24,Pre_event/S1_ASC_20210805/1292.tif,Pre_event/S1_DESC_20210803/1292.tif,Post_event/S1_ASC_20210817/1292.tif,Post_event/S1_DESC_20210815/1292.tif,Pre_event/S2_20210804/1292.tif,Post_event/S2_20210814/1292.tif,Annotations/1292.tif
1293,train,122,6.195,15369,1015,0,0,0.5,16302,65,17,0,6.195,15369,1015,0,0,0.5,16302,65,17,0,Pre_event/S1_ASC_20210805/1293.tif,Pre_event/S1_DESC_20210803/1293.tif,Post_event/S1_ASC_20210817/1293.tif,Post_event/S1_DESC_20210815/1293.tif,Pre_event/S2_20210804/1293.tif,Post_event/S2_20210814/1293.tif,Annotations/1293.tif
1294,val,491,1.88,16076,308,0,0,0.0,16384,0,0,0,1.88,16076,308,0,0,0.0,16384,0,0,0,Pre_event/S1_ASC_20210805/1294.tif,Pre_event/S1_DESC_20210803/1294.tif,Post_event/S1_ASC_20210817/1294.tif,Post_event/S1_DESC_20210815/1294.tif,Pre_event/S2_20210804/1294.tif,Post_event/S2_20210814/1294.tif,Annotations/1294.tif
1295,test,472,0.726,16265,119,0,0,0.0,16384,0,0,0,0.726,16265,119,0,0,0.0,16384,0,0,0,Pre_event/S1_ASC_20210805/1295.tif,Pre_event/S1_DESC_20210803/1295.tif,Post_event/S1_ASC_20210817/1295.tif,Post_event/S1_DESC_20210815/1295.tif,Pre_event/S2_20210804/1295.tif,Post_event/S2_20210814/1295.tif,Annotations/1295.tif
1296,train,196,2.618,15955,429,0,0,0.0,16384,0,0,0,2.618,15955,429,0,0,0.0,16384,0,0,0,Pre_event/S1_ASC_20210805/1296.tif,Pre_event/S1_DESC_20210803/1296.tif,Post_event/S1_ASC_20210817/1296.tif,Post_event/S1_DESC_20210815/1296.tif,Pre_event/S2_20210804/1296.tif,Post_event/S2_20210814/1296.tif,Annotations/1296.tif
1297,train,256,1.74,16099,285,0,0,0.0,16384,0,0,0,1.74,16099,285,0,0,0.0,16384,0,0,0,Pre_event/S1_ASC_20210805/1297.tif,Pre_event/S1_DESC_20210803/1297.tif,Post_event/S1_ASC_20210817/1297.tif,Post_event/S1_DESC_20210815/1297.tif,Pre_event/S2_20210804/1297.tif,Post_event/S2_20210814/1297.tif,Annotations/1297.tif
1298,test,477,4.12,15709,675,0,0,0.0,16384,0,0,0,4.12,15709,675,0,0,0.0,16384,0,0,0,Pre_event/S1_ASC_20210805/1298.tif,Pre_event/S1_DESC_20210803/1298.tif,Post_event/S1_ASC_20210817/1298.tif,Post_event/S1_DESC_20210815/1298.tif,Pre_event/S2_20210804/1298.tif,Post_event/S2_20210814/1298.tif,Annotations/1298.tif
1299,train,802,9.18,14880,1504,0,0,0.281,16338,26,20,0,9.18,14880,1504,0,0,0.281,16338,26,20,0,Pre_event/S1_ASC_20210805/1299.tif,Pre_event/S1_DESC_20210803/1299.tif,Post_event/S1_ASC_20210817/1299.tif,Post_event/S1_DESC_20210815/1299.tif,Pre_event/S2_20210804/1299.tif,Post_event/S2_20210814/1299.tif,Annotations/1299.tif
1300,train,325,9.308,14859,1525,0,0,2.393,15992,313,79,0,9.308,14859,1525,0,0,2.393,15992,313,79,0,Pre_event/S1_ASC_20210805/1300.tif,Pre_event/S1_DESC_20210803/1300.tif,Post_event/S1_ASC_20210817/1300.tif,Post_event/S1_DESC_20210815/1300.tif,Pre_event/S2_20210804/1300.tif,Post_event/S2_20210814/1300.tif,Annotations/1300.tif
1301,train,310,6.818,15267,1117,0,0,4.285,15682,632,70,0,6.818,15267,1117,0,0,4.285,15682,632,70,0,Pre_event/S1_ASC_20210805/1301.tif,Pre_event/S1_DESC_20210803/1301.tif,Post_event/S1_ASC_20210817/1301.tif,Post_event/S1_DESC_20210815/1301.tif,Pre_event/S2_20210804/1301.tif,Post_event/S2_20210814/1301.tif,Annotations/1301.tif
1302,train,922,17.987,13437,2947,0,0,3.778,15765,491,104,24,17.987,13437,2947,0,0,3.778,15765,491,104,24,Pre_event/S1_ASC_20210805/1302.tif,Pre_event/S1_DESC_20210803/1302.tif,Post_event/S1_ASC_20210817/1302.tif,Post_event/S1_DESC_20210815/1302.tif,Pre_event/S2_20210804/1302.tif,Post_event/S2_20210814/1302.tif,Annotations/1302.tif
1303,train,612,21.851,12804,3580,0,0,2.875,15913,354,93,24,21.851,12804,3580,0,0,2.875,15913,354,93,24,Pre_event/S1_ASC_20210805/1303.tif,Pre_event/S1_DESC_20210803/1303.tif,Post_event/S1_ASC_20210817/1303.tif,Post_event/S1_DESC_20210815/1303.tif,Pre_event/S2_20210804/1303.tif,Post_event/S2_20210814/1303.tif,Annotations/1303.tif
1304,val,323,3.802,15761,623,0,0,0.189,16353,15,16,0,3.802,15761,623,0,0,0.189,16353,15,16,0,Pre_event/S1_ASC_20210805/1304.tif,Pre_event/S1_DESC_20210803/1304.tif,Post_event/S1_ASC_20210817/1304.tif,Post_event/S1_DESC_20210815/1304.tif,Pre_event/S2_20210804/1304.tif,Post_event/S2_20210814/1304.tif,Annotations/1304.tif
1305,train,372,3.4,15827,557,0,0,0.189,16353,15,16,0,3.4,15827,557,0,0,0.189,16353,15,16,0,Pre_event/S1_ASC_20210805/1305.tif,Pre_event/S1_DESC_20210803/1305.tif,Post_event/S1_ASC_20210817/1305.tif,Post_event/S1_DESC_20210815/1305.tif,Pre_event/S2_20210804/1305.tif,Post_event/S2_20210814/1305.tif,Annotations/1305.tif
1306,val,131,0.0,16384,0,0,0,0.0,16384,0,0,0,0.0,16384,0,0,0,0.0,16384,0,0,0,Pre_event/S1_ASC_20210805/1306.tif,Pre_event/S1_DESC_20210803/1306.tif,Post_event/S1_ASC_20210817/1306.tif,Post_event/S1_DESC_20210815/1306.tif,Pre_event/S2_20210804/1306.tif,Post_event/S2_20210814/1306.tif,Annotations/1306.tif
1307,train,156,3.265,15849,535,0,0,0.415,16316,68,0,0,3.265,15849,535,0,0,0.415,16316,68,0,0,Pre_event/S1_ASC_20210805/1307.tif,Pre_event/S1_DESC_20210803/1307.tif,Post_event/S1_ASC_20210817/1307.tif,Post_event/S1_DESC_20210815/1307.tif,Pre_event/S2_20210804/1307.tif,Post_event/S2_20210814/1307.tif,Annotations/1307.tif
1308,train,171,2.71,15940,444,0,0,0.61,16284,68,32,0,2.71,15940,444,0,0,0.61,16284,68,32,0,Pre_event/S1_ASC_20210805/1308.tif,Pre_event/S1_DESC_20210803/1308.tif,Post_event/S1_ASC_20210817/1308.tif,Post_event/S1_DESC_20210815/1308.tif,Pre_event/S2_20210804/1308.tif,Post_event/S2_20210814/1308.tif,Annotations/1308.tif
1309,train,653,1.288,16173,211,0,0,0.928,16232,152,0,0,1.288,16173,211,0,0,0.928,16232,152,0,0,Pre_event/S1_ASC_20210805/1309.tif,Pre_event/S1_DESC_20210803/1309.tif,Post_event/S1_ASC_20210817/1309.tif,Post_event/S1_DESC_20210815/1309.tif,Pre_event/S2_20210804/1309.tif,Post_event/S2_20210814/1309.tif,Annotations/1309.tif
1310,train,583,3.394,15828,556,0,0,1.123,16200,152,32,0,3.394,15828,556,0,0,1.123,16200,152,32,0,Pre_event/S1_ASC_20210805/1310.tif,Pre_event/S1_DESC_20210803/1310.tif,Post_event/S1_ASC_20210817/1310.tif,Post_event/S1_DESC_20210815/1310.tif,Pre_event/S2_20210804/1310.tif,Post_event/S2_20210814/1310.tif,Annotations/1310.tif
1311,train,128,6.329,15347,1037,0,0,0.562,16292,50,42,0,6.329,15347,1037,0,0,0.562,16292,50,42,0,Pre_event/S1_ASC_20210805/1311.tif,Pre_event/S1_DESC_20210803/1311.tif,Post_event/S1_ASC_20210817/1311.tif,Post_event/S1_DESC_20210815/1311.tif,Pre_event/S2_20210804/1311.tif,Post_event/S2_20210814/1311.tif,Annotations/1311.tif
1312,train,128,9.503,14827,1557,0,0,0.415,16316,50,18,0,9.503,14827,1557,0,0,0.415,16316,50,18,0,Pre_event/S1_ASC_20210805/1312.tif,Pre_event/S1_DESC_20210803/1312.tif,Post_event/S1_ASC_20210817/1312.tif,Post_event/S1_DESC_20210815/1312.tif,Pre_event/S2_20210804/1312.tif,Post_event/S2_20210814/1312.tif,Annotations/1312.tif
1313,val,241,3.796,15762,622,0,0,0.189,16353,15,16,0,3.796,15762,622,0,0,0.189,16353,15,16,0,Pre_event/S1_ASC_20210805/1313.tif,Pre_event/S1_DESC_20210803/1313.tif,Post_event/S1_ASC_20210817/1313.tif,Post_event/S1_DESC_20210815/1313.tif,Pre_event/S2_20210804/1313.tif,Post_event/S2_20210814/1313.tif,Annotations/1313.tif
1314,train,360,3.394,15828,556,0,0,0.189,16353,15,16,0,3.394,15828,556,0,0,0.189,16353,15,16,0,Pre_event/S1_ASC_20210805/1314.tif,Pre_event/S1_DESC_20210803/1314.tif,Post_event/S1_ASC_20210817/1314.tif,Post_event/S1_DESC_20210815/1314.tif,Pre_event/S2_20210804/1314.tif,Post_event/S2_20210814/1314.tif,Annotations/1314.tif
1315,val,119,0.33,16330,54,0,0,0.0,16384,0,0,0,0.33,16330,54,0,0,0.0,16384,0,0,0,Pre_event/S1_ASC_20210805/1315.tif,Pre_event/S1_DESC_20210803/1315.tif,Post_event/S1_ASC_20210817/1315.tif,Post_event/S1_DESC_20210815/1315.tif,Pre_event/S2_20210804/1315.tif,Post_event/S2_20210814/1315.tif,Annotations/1315.tif
1316,train,104,0.0,16384,0,0,0,0.0,16384,0,0,0,0.0,16384,0,0,0,0.0,16384,0,0,0,Pre_event/S1_ASC_20210805/1316.tif,Pre_event/S1_DESC_20210803/1316.tif,Post_event/S1_ASC_20210817/1316.tif,Post_event/S1_DESC_20210815/1316.tif,Pre_event/S2_20210804/1316.tif,Post_event/S2_20210814/1316.tif,Annotations/1316.tif
1317,train,218,1.581,16125,259,0,0,0.018,16381,0,3,0,1.581,16125,259,0,0,0.018,16381,0,3,0,Pre_event/S1_ASC_20210805/1317.tif,Pre_event/S1_DESC_20210803/1317.tif,Post_event/S1_ASC_20210817/1317.tif,Post_event/S1_DESC_20210815/1317.tif,Pre_event/S2_20210804/1317.tif,Post_event/S2_20210814/1317.tif,Annotations/1317.tif
1318,train,114,5.402,15499,885,0,0,0.305,16334,19,31,0,5.402,15499,885,0,0,0.305,16334,19,31,0,Pre_event/S1_ASC_20210805/1318.tif,Pre_event/S1_DESC_20210803/1318.tif,Post_event/S1_ASC_20210817/1318.tif,Post_event/S1_DESC_20210815/1318.tif,Pre_event/S2_20210804/1318.tif,Post_event/S2_20210814/1318.tif,Annotations/1318.tif
1319,test,691,5.865,15423,961,0,0,2.399,15991,393,0,0,5.865,15423,961,0,0,2.399,15991,393,0,0,Pre_event/S1_ASC_20210805/1319.tif,Pre_event/S1_DESC_20210803/1319.tif,Post_event/S1_ASC_20210817/1319.tif,Post_event/S1_DESC_20210815/1319.tif,Pre_event/S2_20210804/1319.tif,Post_event/S2_20210814/1319.tif,Annotations/1319.tif
1320,train,902,4.895,15582,802,0,0,4.681,15617,767,0,0,4.895,15582,802,0,0,4.681,15617,767,0,0,Pre_event/S1_ASC_20210805/1320.tif,Pre_event/S1_DESC_20210803/1320.tif,Post_event/S1_ASC_20210817/1320.tif,Post_event/S1_DESC_20210815/1320.tif,Pre_event/S2_20210804/1320.tif,Post_event/S2_20210814/1320.tif,Annotations/1320.tif
1321,train,468,0.647,16278,106,0,0,2.997,15893,491,0,0,0.647,16278,106,0,0,2.997,15893,491,0,0,Pre_event/S1_ASC_20210805/1321.tif,Pre_event/S1_DESC_20210803/1321.tif,Post_event/S1_ASC_20210817/1321.tif,Post_event/S1_DESC_20210815/1321.tif,Pre_event/S2_20210804/1321.tif,Post_event/S2_20210814/1321.tif,Annotations/1321.tif
1322,train,331,0.641,16279,105,0,0,1.233,16182,202,0,0,0.641,16279,105,0,0,1.233,16182,202,0,0,Pre_event/S1_ASC_20210805/1322.tif,Pre_event/S1_DESC_20210803/1322.tif,Post_event/S1_ASC_20210817/1322.tif,Post_event/S1_DESC_20210815/1322.tif,Pre_event/S2_20210804/1322.tif,Post_event/S2_20210814/1322.tif,Annotations/1322.tif
1323,val,147,0.171,16356,28,0,0,0.519,16299,85,0,0,0.171,16356,28,0,0,0.519,16299,85,0,0,Pre_event/S1_ASC_20210805/1323.tif,Pre_event/S1_DESC_20210803/1323.tif,Post_event/S1_ASC_20210817/1323.tif,Post_event/S1_DESC_20210815/1323.tif,Pre_event/S2_20210804/1323.tif,Post_event/S2_20210814/1323.tif,Annotations/1323.tif
1324,train,201,0.0,16384,0,0,0,0.0,16384,0,0,0,0.0,16384,0,0,0,0.0,16384,0,0,0,Pre_event/S1_ASC_20210805/1324.tif,Pre_event/S1_DESC_20210803/1324.tif,Post_event/S1_ASC_20210817/1324.tif,Post_event/S1_DESC_20210815/1324.tif,Pre_event/S2_20210804/1324.tif,Post_event/S2_20210814/1324.tif,Annotations/1324.tif
1325,train,201,0.0,16384,0,0,0,0.0,16384,0,0,0,0.0,16384,0,0,0,0.0,16384,0,0,0,Pre_event/S1_ASC_20210805/1325.tif,Pre_event/S1_DESC_20210803/1325.tif,Post_event/S1_ASC_20210817/1325.tif,Post_event/S1_DESC_20210815/1325.tif,Pre_event/S2_20210804/1325.tif,Post_event/S2_20210814/1325.tif,Annotations/1325.tif
1326,train,191,1.929,16068,316,0,0,0.018,16381,0,3,0,1.929,16068,316,0,0,0.018,16381,0,3,0,Pre_event/S1_ASC_20210805/1326.tif,Pre_event/S1_DESC_20210803/1326.tif,Post_event/S1_ASC_20210817/1326.tif,Post_event/S1_DESC_20210815/1326.tif,Pre_event/S2_20210804/1326.tif,Post_event/S2_20210814/1326.tif,Annotations/1326.tif
1327,train,177,5.75,15442,942,0,0,0.305,16334,19,31,0,5.75,15442,942,0,0,0.305,16334,19,31,0,Pre_event/S1_ASC_20210805/1327.tif,Pre_event/S1_DESC_20210803/1327.tif,Post_event/S1_ASC_20210817/1327.tif,Post_event/S1_DESC_20210815/1327.tif,Pre_event/S2_20210804/1327.tif,Post_event/S2_20210814/1327.tif,Annotations/1327.tif
1328,val,382,9.485,14830,1554,0,0,1.764,16095,289,0,0,9.485,14830,1554,0,0,1.764,16095,289,0,0,Pre_event/S1_ASC_20210805/1328.tif,Pre_event/S1_DESC_20210803/1328.tif,Post_event/S1_ASC_20210817/1328.tif,Post_event/S1_DESC_20210815/1328.tif,Pre_event/S2_20210804/1328.tif,Post_event/S2_20210814/1328.tif,Annotations/1328.tif
1329,test,1218,15.411,13859,2525,0,0,7.886,15092,1258,34,0,15.411,13859,2525,0,0,7.886,15092,1258,34,0,Pre_event/S1_ASC_20210805/1329.tif,Pre_event/S1_DESC_20210803/1329.tif,Post_event/S1_ASC_20210817/1329.tif,Post_event/S1_DESC_20210815/1329.tif,Pre_event/S2_20210804/1329.tif,Post_event/S2_20210814/1329.tif,Annotations/1329.tif
1330,val,1429,7.251,15196,1188,0,0,14.508,14007,2343,34,0,7.251,15196,1188,0,0,14.508,14007,2343,34,0,Pre_event/S1_ASC_20210805/1330.tif,Pre_event/S1_DESC_20210803/1330.tif,Post_event/S1_ASC_20210817/1330.tif,Post_event/S1_DESC_20210815/1330.tif,Pre_event/S2_20210804/1330.tif,Post_event/S2_20210814/1330.tif,Annotations/1330.tif
1331,train,764,0.348,16327,57,0,0,11.176,14553,1831,0,0,0.348,16327,57,0,0,11.176,14553,1831,0,0,Pre_event/S1_ASC_20210805/1331.tif,Pre_event/S1_DESC_20210803/1331.tif,Post_event/S1_ASC_20210817/1331.tif,Post_event/S1_DESC_20210815/1331.tif,Pre_event/S2_20210804/1331.tif,Post_event/S2_20210814/1331.tif,Annotations/1331.tif
1332,train,276,0.0,16384,0,0,0,2.789,15927,457,0,0,0.0,16384,0,0,0,2.789,15927,457,0,0,Pre_event/S1_ASC_20210805/1332.tif,Pre_event/S1_DESC_20210803/1332.tif,Post_event/S1_ASC_20210817/1332.tif,Post_event/S1_DESC_20210815/1332.tif,Pre_event/S2_20210804/1332.tif,Post_event/S2_20210814/1332.tif,Annotations/1332.tif
1333,train,117,0.0,16384,0,0,0,0.0,16384,0,0,0,0.0,16384,0,0,0,0.0,16384,0,0,0,Pre_event/S1_ASC_20210805/1333.tif,Pre_event/S1_DESC_20210803/1333.tif,Post_event/S1_ASC_20210817/1333.tif,Post_event/S1_DESC_20210815/1333.tif,Pre_event/S2_20210804/1333.tif,Post_event/S2_20210814/1333.tif,Annotations/1333.tif
1334,test,155,0.0,16384,0,0,0,0.0,16384,0,0,0,0.0,16384,0,0,0,0.0,16384,0,0,0,Pre_event/S1_ASC_20210805/1334.tif,Pre_event/S1_DESC_20210803/1334.tif,Post_event/S1_ASC_20210817/1334.tif,Post_event/S1_DESC_20210815/1334.tif,Pre_event/S2_20210804/1334.tif,Post_event/S2_20210814/1334.tif,Annotations/1334.tif
1335,train,192,0.0,16384,0,0,0,0.0,16384,0,0,0,0.0,16384,0,0,0,0.0,16384,0,0,0,Pre_event/S1_ASC_20210805/1335.tif,Pre_event/S1_DESC_20210803/1335.tif,Post_event/S1_ASC_20210817/1335.tif,Post_event/S1_DESC_20210815/1335.tif,Pre_event/S2_20210804/1335.tif,Post_event/S2_20210814/1335.tif,Annotations/1335.tif
1336,test,258,0.385,16321,63,0,0,0.476,16306,77,1,0,0.385,16321,63,0,0,0.476,16306,77,1,0,Pre_event/S1_ASC_20210805/1336.tif,Pre_event/S1_DESC_20210803/1336.tif,Post_event/S1_ASC_20210817/1336.tif,Post_event/S1_DESC_20210815/1336.tif,Pre_event/S2_20210804/1336.tif,Post_event/S2_20210814/1336.tif,Annotations/1336.tif
1337,val,363,0.012,16382,2,0,0,2.264,16013,371,0,0,0.012,16382,2,0,0,2.264,16013,371,0,0,Pre_event/S1_ASC_20210805/1337.tif,Pre_event/S1_DESC_20210803/1337.tif,Post_event/S1_ASC_20210817/1337.tif,Post_event/S1_DESC_20210815/1337.tif,Pre_event/S2_20210804/1337.tif,Post_event/S2_20210814/1337.tif,Annotations/1337.tif
1338,train,273,6.018,15398,981,5,0,10.516,14661,1723,0,0,6.018,15398,981,5,0,10.516,14661,1723,0,0,Pre_event/S1_ASC_20210805/1338.tif,Pre_event/S1_DESC_20210803/1338.tif,Post_event/S1_ASC_20210817/1338.tif,Post_event/S1_DESC_20210815/1338.tif,Pre_event/S2_20210804/1338.tif,Post_event/S2_20210814/1338.tif,Annotations/1338.tif
1339,train,953,15.204,13893,2485,6,0,14.966,13932,2417,35,0,15.204,13893,2485,6,0,14.966,13932,2417,35,0,Pre_event/S1_ASC_20210805/1339.tif,Pre_event/S1_DESC_20210803/1339.tif,Post_event/S1_ASC_20210817/1339.tif,Post_event/S1_DESC_20210815/1339.tif,Pre_event/S2_20210804/1339.tif,Post_event/S2_20210814/1339.tif,Annotations/1339.tif
1340,train,1219,26.898,11977,4406,1,0,14.026,14086,2245,53,0,26.898,11977,4406,1,0,14.026,14086,2245,53,0,Pre_event/S1_ASC_20210805/1340.tif,Pre_event/S1_DESC_20210803/1340.tif,Post_event/S1_ASC_20210817/1340.tif,Post_event/S1_DESC_20210815/1340.tif,Pre_event/S2_20210804/1340.tif,Post_event/S2_20210814/1340.tif,Annotations/1340.tif
1341,val,593,23.071,12604,3780,0,0,10.052,14737,1629,18,0,23.071,12604,3780,0,0,10.052,14737,1629,18,0,Pre_event/S1_ASC_20210805/1341.tif,Pre_event/S1_DESC_20210803/1341.tif,Post_event/S1_ASC_20210817/1341.tif,Post_event/S1_DESC_20210815/1341.tif,Pre_event/S2_20210804/1341.tif,Post_event/S2_20210814/1341.tif,Annotations/1341.tif
1342,train,208,5.359,15506,878,0,0,2.271,16012,372,0,0,5.359,15506,878,0,0,2.271,16012,372,0,0,Pre_event/S1_ASC_20210805/1342.tif,Pre_event/S1_DESC_20210803/1342.tif,Post_event/S1_ASC_20210817/1342.tif,Post_event/S1_DESC_20210815/1342.tif,Pre_event/S2_20210804/1342.tif,Post_event/S2_20210814/1342.tif,Annotations/1342.tif
1343,train,535,0.885,16239,145,0,0,0.476,16306,77,1,0,0.885,16239,145,0,0,0.476,16306,77,1,0,Pre_event/S1_ASC_20210805/1343.tif,Pre_event/S1_DESC_20210803/1343.tif,Post_event/S1_ASC_20210817/1343.tif,Post_event/S1_DESC_20210815/1343.tif,Pre_event/S2_20210804/1343.tif,Post_event/S2_20210814/1343.tif,Annotations/1343.tif
1344,test,1237,4.199,15696,688,0,0,4.12,15709,675,0,0,4.199,15696,688,0,0,4.12,15709,675,0,0,Pre_event/S1_ASC_20210805/1344.tif,Pre_event/S1_DESC_20210803/1344.tif,Post_event/S1_ASC_20210817/1344.tif,Post_event/S1_DESC_20210815/1344.tif,Pre_event/S2_20210804/1344.tif,Post_event/S2_20210814/1344.tif,Annotations/1344.tif
1345,train,1130,17.096,13583,2796,5,0,15.662,13818,2418,148,0,17.096,13583,2796,5,0,15.662,13818,2418,148,0,Pre_event/S1_ASC_20210805/1345.tif,Pre_event/S1_DESC_20210803/1345.tif,Post_event/S1_ASC_20210817/1345.tif,Post_event/S1_DESC_20210815/1345.tif,Pre_event/S2_20210804/1345.tif,Post_event/S2_20210814/1345.tif,Annotations/1345.tif
1346,train,781,20.343,13051,3327,6,0,15.387,13863,2354,167,0,20.343,13051,3327,6,0,15.387,13863,2354,167,0,Pre_event/S1_ASC_20210805/1346.tif,Pre_event/S1_DESC_20210803/1346.tif,Post_event/S1_ASC_20210817/1346.tif,Post_event/S1_DESC_20210815/1346.tif,Pre_event/S2_20210804/1346.tif,Post_event/S2_20210814/1346.tif,Annotations/1346.tif
1347,train,381,26.361,12065,4318,1,0,3.485,15813,534,37,0,26.361,12065,4318,1,0,3.485,15813,534,37,0,Pre_event/S1_ASC_20210805/1347.tif,Pre_event/S1_DESC_20210803/1347.tif,Post_event/S1_ASC_20210817/1347.tif,Post_event/S1_DESC_20210815/1347.tif,Pre_event/S2_20210804/1347.tif,Post_event/S2_20210814/1347.tif,Annotations/1347.tif
1348,train,128,26.16,12098,4286,0,0,0.11,16366,0,18,0,26.16,12098,4286,0,0,0.11,16366,0,18,0,Pre_event/S1_ASC_20210805/1348.tif,Pre_event/S1_DESC_20210803/1348.tif,Post_event/S1_ASC_20210817/1348.tif,Post_event/S1_DESC_20210815/1348.tif,Pre_event/S2_20210804/1348.tif,Post_event/S2_20210814/1348.tif,Annotations/1348.tif
1349,train,118,6.995,15238,1146,0,0,0.0,16384,0,0,0,6.995,15238,1146,0,0,0.0,16384,0,0,0,Pre_event/S1_ASC_20210805/1349.tif,Pre_event/S1_DESC_20210803/1349.tif,Post_event/S1_ASC_20210817/1349.tif,Post_event/S1_DESC_20210815/1349.tif,Pre_event/S2_20210804/1349.tif,Post_event/S2_20210814/1349.tif,Annotations/1349.tif
1350,train,537,6.091,15386,998,0,0,0.0,16384,0,0,0,6.091,15386,998,0,0,0.0,16384,0,0,0,Pre_event/S1_ASC_20210805/1350.tif,Pre_event/S1_DESC_20210803/1350.tif,Post_event/S1_ASC_20210817/1350.tif,Post_event/S1_DESC_20210815/1350.tif,Pre_event/S2_20210804/1350.tif,Post_event/S2_20210814/1350.tif,Annotations/1350.tif
1351,train,1177,18.542,13346,3038,0,0,1.855,16080,304,0,0,18.542,13346,3038,0,0,1.855,16080,304,0,0,Pre_event/S1_ASC_20210805/1351.tif,Pre_event/S1_DESC_20210803/1351.tif,Post_event/S1_ASC_20210817/1351.tif,Post_event/S1_DESC_20210815/1351.tif,Pre_event/S2_20210804/1351.tif,Post_event/S2_20210814/1351.tif,Annotations/1351.tif
1352,train,1045,39.667,9885,6499,0,0,6.104,15384,740,251,9,39.667,9885,6499,0,0,6.104,15384,740,251,9,Pre_event/S1_ASC_20210805/1352.tif,Pre_event/S1_DESC_20210803/1352.tif,Post_event/S1_ASC_20210817/1352.tif,Post_event/S1_DESC_20210815/1352.tif,Pre_event/S2_20210804/1352.tif,Post_event/S2_20210814/1352.tif,Annotations/1352.tif
1353,train,581,41.437,9595,6789,0,0,5.542,15476,602,297,9,41.437,9595,6789,0,0,5.542,15476,602,297,9,Pre_event/S1_ASC_20210805/1353.tif,Pre_event/S1_DESC_20210803/1353.tif,Post_event/S1_ASC_20210817/1353.tif,Post_event/S1_DESC_20210815/1353.tif,Pre_event/S2_20210804/1353.tif,Post_event/S2_20210814/1353.tif,Annotations/1353.tif
1354,train,204,16.815,13629,2755,0,0,1.495,16139,199,46,0,16.815,13629,2755,0,0,1.495,16139,199,46,0,Pre_event/S1_ASC_20210805/1354.tif,Pre_event/S1_DESC_20210803/1354.tif,Post_event/S1_ASC_20210817/1354.tif,Post_event/S1_DESC_20210815/1354.tif,Pre_event/S2_20210804/1354.tif,Post_event/S2_20210814/1354.tif,Annotations/1354.tif
1355,test,528,9.369,14849,1535,0,0,0.0,16384,0,0,0,9.369,14849,1535,0,0,0.0,16384,0,0,0,Pre_event/S1_ASC_20210805/1355.tif,Pre_event/S1_DESC_20210803/1355.tif,Post_event/S1_ASC_20210817/1355.tif,Post_event/S1_DESC_20210815/1355.tif,Pre_event/S2_20210804/1355.tif,Post_event/S2_20210814/1355.tif,Annotations/1355.tif
1356,train,571,25.934,12135,4249,0,0,0.0,16384,0,0,0,25.934,12135,4249,0,0,0.0,16384,0,0,0,Pre_event/S1_ASC_20210805/1356.tif,Pre_event/S1_DESC_20210803/1356.tif,Post_event/S1_ASC_20210817/1356.tif,Post_event/S1_DESC_20210815/1356.tif,Pre_event/S2_20210804/1356.tif,Post_event/S2_20210814/1356.tif,Annotations/1356.tif
1357,train,153,41.296,9618,6766,0,0,0.824,16249,23,103,9,41.296,9618,6766,0,0,0.824,16249,23,103,9,Pre_event/S1_ASC_20210805/1357.tif,Pre_event/S1_DESC_20210803/1357.tif,Post_event/S1_ASC_20210817/1357.tif,Post_event/S1_DESC_20210815/1357.tif,Pre_event/S2_20210804/1357.tif,Post_event/S2_20210814/1357.tif,Annotations/1357.tif
1358,train,151,34.558,10722,5662,0,0,1.428,16150,94,131,9,34.558,10722,5662,0,0,1.428,16150,94,131,9,Pre_event/S1_ASC_20210805/1358.tif,Pre_event/S1_DESC_20210803/1358.tif,Post_event/S1_ASC_20210817/1358.tif,Post_event/S1_DESC_20210815/1358.tif,Pre_event/S2_20210804/1358.tif,Post_event/S2_20210814/1358.tif,Annotations/1358.tif
1359,train,459,15.924,13775,2609,0,0,5.023,15561,741,82,0,15.924,13775,2609,0,0,5.023,15561,741,82,0,Pre_event/S1_ASC_20210805/1359.tif,Pre_event/S1_DESC_20210803/1359.tif,Post_event/S1_ASC_20210817/1359.tif,Post_event/S1_DESC_20210815/1359.tif,Pre_event/S2_20210804/1359.tif,Post_event/S2_20210814/1359.tif,Annotations/1359.tif
1360,train,676,14.069,14079,2305,0,0,10.596,14648,1682,54,0,14.069,14079,2305,0,0,10.596,14648,1682,54,0,Pre_event/S1_ASC_20210805/1360.tif,Pre_event/S1_DESC_20210803/1360.tif,Post_event/S1_ASC_20210817/1360.tif,Post_event/S1_DESC_20210815/1360.tif,Pre_event/S2_20210804/1360.tif,Post_event/S2_20210814/1360.tif,Annotations/1360.tif
1361,train,277,9.991,14747,1637,0,0,6.39,15337,1047,0,0,9.991,14747,1637,0,0,6.39,15337,1047,0,0,Pre_event/S1_ASC_20210805/1361.tif,Pre_event/S1_DESC_20210803/1361.tif,Post_event/S1_ASC_20210817/1361.tif,Post_event/S1_DESC_20210815/1361.tif,Pre_event/S2_20210804/1361.tif,Post_event/S2_20210814/1361.tif,Annotations/1361.tif
1362,train,142,1.306,16170,214,0,0,0.903,16236,148,0,0,1.306,16170,214,0,0,0.903,16236,148,0,0,Pre_event/S1_ASC_20210805/1362.tif,Pre_event/S1_DESC_20210803/1362.tif,Post_event/S1_ASC_20210817/1362.tif,Post_event/S1_DESC_20210815/1362.tif,Pre_event/S2_20210804/1362.tif,Post_event/S2_20210814/1362.tif,Annotations/1362.tif
1363,train,142,2.161,16030,354,0,0,1.27,16176,208,0,0,2.161,16030,354,0,0,1.27,16176,208,0,0,Pre_event/S1_ASC_20210805/1363.tif,Pre_event/S1_DESC_20210803/1363.tif,Post_event/S1_ASC_20210817/1363.tif,Post_event/S1_DESC_20210815/1363.tif,Pre_event/S2_20210804/1363.tif,Post_event/S2_20210814/1363.tif,Annotations/1363.tif
1364,train,268,3.827,15757,627,0,0,0.299,16335,49,0,0,3.827,15757,627,0,0,0.299,16335,49,0,0,Pre_event/S1_ASC_20210805/1364.tif,Pre_event/S1_DESC_20210803/1364.tif,Post_event/S1_ASC_20210817/1364.tif,Post_event/S1_DESC_20210815/1364.tif,Pre_event/S2_20210804/1364.tif,Post_event/S2_20210814/1364.tif,Annotations/1364.tif
1365,val,555,11.578,14487,1897,0,0,2.124,16036,348,0,0,11.578,14487,1897,0,0,2.124,16036,348,0,0,Pre_event/S1_ASC_20210805/1365.tif,Pre_event/S1_DESC_20210803/1365.tif,Post_event/S1_ASC_20210817/1365.tif,Post_event/S1_DESC_20210815/1365.tif,Pre_event/S2_20210804/1365.tif,Post_event/S2_20210814/1365.tif,Annotations/1365.tif
1366,train,287,16.693,13649,2735,0,0,1.917,16070,309,5,0,16.693,13649,2735,0,0,1.917,16070,309,5,0,Pre_event/S1_ASC_20210805/1366.tif,Pre_event/S1_DESC_20210803/1366.tif,Post_event/S1_ASC_20210817/1366.tif,Post_event/S1_DESC_20210815/1366.tif,Pre_event/S2_20210804/1366.tif,Post_event/S2_20210814/1366.tif,Annotations/1366.tif
1367,train,777,32.605,11042,5342,0,0,5.054,15556,709,119,0,32.605,11042,5342,0,0,5.054,15556,709,119,0,Pre_event/S1_ASC_20210805/1367.tif,Pre_event/S1_DESC_20210803/1367.tif,Post_event/S1_ASC_20210817/1367.tif,Post_event/S1_DESC_20210815/1367.tif,Pre_event/S2_20210804/1367.tif,Post_event/S2_20210814/1367.tif,Annotations/1367.tif
1368,train,1508,37.024,10318,6066,0,0,10.162,14719,1583,82,0,37.024,10318,6066,0,0,10.162,14719,1583,82,0,Pre_event/S1_ASC_20210805/1368.tif,Pre_event/S1_DESC_20210803/1368.tif,Post_event/S1_ASC_20210817/1368.tif,Post_event/S1_DESC_20210815/1368.tif,Pre_event/S2_20210804/1368.tif,Post_event/S2_20210814/1368.tif,Annotations/1368.tif
1369,train,791,15.35,13869,2515,0,0,5.914,15415,967,2,0,15.35,13869,2515,0,0,5.914,15415,967,2,0,Pre_event/S1_ASC_20210805/1369.tif,Pre_event/S1_DESC_20210803/1369.tif,Post_event/S1_ASC_20210817/1369.tif,Post_event/S1_DESC_20210815/1369.tif,Pre_event/S2_20210804/1369.tif,Post_event/S2_20210814/1369.tif,Annotations/1369.tif
1370,train,142,0.513,16300,84,0,0,0.903,16236,148,0,0,0.513,16300,84,0,0,0.903,16236,148,0,0,Pre_event/S1_ASC_20210805/1370.tif,Pre_event/S1_DESC_20210803/1370.tif,Post_event/S1_ASC_20210817/1370.tif,Post_event/S1_DESC_20210815/1370.tif,Pre_event/S2_20210804/1370.tif,Post_event/S2_20210814/1370.tif,Annotations/1370.tif
1371,train,142,1.184,16190,194,0,0,0.903,16236,148,0,0,1.184,16190,194,0,0,0.903,16236,148,0,0,Pre_event/S1_ASC_20210805/1371.tif,Pre_event/S1_DESC_20210803/1371.tif,Post_event/S1_ASC_20210817/1371.tif,Post_event/S1_DESC_20210815/1371.tif,Pre_event/S2_20210804/1371.tif,Post_event/S2_20210814/1371.tif,Annotations/1371.tif
1372,val,651,0.146,16360,24,0,0,0.623,16282,102,0,0,0.146,16360,24,0,0,0.623,16282,102,0,0,Pre_event/S1_ASC_20210805/1372.tif,Pre_event/S1_DESC_20210803/1372.tif,Post_event/S1_ASC_20210817/1372.tif,Post_event/S1_DESC_20210815/1372.tif,Pre_event/S2_20210804/1372.tif,Post_event/S2_20210814/1372.tif,Annotations/1372.tif
1373,train,651,0.348,16327,57,0,0,0.47,16307,77,0,0,0.348,16327,57,0,0,0.47,16307,77,0,0,Pre_event/S1_ASC_20210805/1373.tif,Pre_event/S1_DESC_20210803/1373.tif,Post_event/S1_ASC_20210817/1373.tif,Post_event/S1_DESC_20210815/1373.tif,Pre_event/S2_20210804/1373.tif,Post_event/S2_20210814/1373.tif,Annotations/1373.tif
1374,train,287,0.0,16384,0,0,0,2.13,16035,349,0,0,0.0,16384,0,0,0,2.13,16035,349,0,0,Pre_event/S1_ASC_20210805/1374.tif,Pre_event/S1_DESC_20210803/1374.tif,Post_event/S1_ASC_20210817/1374.tif,Post_event/S1_DESC_20210815/1374.tif,Pre_event/S2_20210804/1374.tif,Post_event/S2_20210814/1374.tif,Annotations/1374.tif
1375,train,287,1.276,16175,209,0,0,1.917,16070,309,5,0,1.276,16175,209,0,0,1.917,16070,309,5,0,Pre_event/S1_ASC_20210805/1375.tif,Pre_event/S1_DESC_20210803/1375.tif,Post_event/S1_ASC_20210817/1375.tif,Post_event/S1_DESC_20210815/1375.tif,Pre_event/S2_20210804/1375.tif,Post_event/S2_20210814/1375.tif,Annotations/1375.tif
1376,train,359,34.015,10811,5573,0,0,0.818,16250,65,69,0,34.015,10811,5573,0,0,0.818,16250,65,69,0,Pre_event/S1_ASC_20210805/1376.tif,Pre_event/S1_DESC_20210803/1376.tif,Post_event/S1_ASC_20210817/1376.tif,Post_event/S1_DESC_20210815/1376.tif,Pre_event/S2_20210804/1376.tif,Post_event/S2_20210814/1376.tif,Annotations/1376.tif
1377,test,1078,35.809,10517,5867,0,0,4.62,15627,725,32,0,35.809,10517,5867,0,0,4.62,15627,725,32,0,Pre_event/S1_ASC_20210805/1377.tif,Pre_event/S1_DESC_20210803/1377.tif,Post_event/S1_ASC_20210817/1377.tif,Post_event/S1_DESC_20210815/1377.tif,Pre_event/S2_20210804/1377.tif,Post_event/S2_20210814/1377.tif,Annotations/1377.tif
1378,train,719,16.443,13690,2694,0,0,4.449,15655,727,2,0,16.443,13690,2694,0,0,4.449,15655,727,2,0,Pre_event/S1_ASC_20210805/1378.tif,Pre_event/S1_DESC_20210803/1378.tif,Post_event/S1_ASC_20210817/1378.tif,Post_event/S1_DESC_20210815/1378.tif,Pre_event/S2_20210804/1378.tif,Post_event/S2_20210814/1378.tif,Annotations/1378.tif
1379,train,649,0.104,16367,17,0,0,0.726,16265,119,0,0,0.104,16367,17,0,0,0.726,16265,119,0,0,Pre_event/S1_ASC_20210805/1379.tif,Pre_event/S1_DESC_20210803/1379.tif,Post_event/S1_ASC_20210817/1379.tif,Post_event/S1_DESC_20210815/1379.tif,Pre_event/S2_20210804/1379.tif,Post_event/S2_20210814/1379.tif,Annotations/1379.tif
1380,test,649,0.0,16384,0,0,0,0.726,16265,119,0,0,0.0,16384,0,0,0,0.726,16265,119,0,0,Pre_event/S1_ASC_20210805/1380.tif,Pre_event/S1_DESC_20210803/1380.tif,Post_event/S1_ASC_20210817/1380.tif,Post_event/S1_DESC_20210815/1380.tif,Pre_event/S2_20210804/1380.tif,Post_event/S2_20210814/1380.tif,Annotations/1380.tif
1381,test,603,10.565,14653,1731,0,0,4.681,15617,763,4,0,10.565,14653,1731,0,0,4.681,15617,763,4,0,Pre_event/S1_ASC_20210805/1381.tif,Pre_event/S1_DESC_20210803/1381.tif,Post_event/S1_ASC_20210817/1381.tif,Post_event/S1_DESC_20210815/1381.tif,Pre_event/S2_20210804/1381.tif,Post_event/S2_20210814/1381.tif,Annotations/1381.tif
1382,train,1408,12.689,14305,2079,0,0,13.342,14198,2182,4,0,12.689,14305,2079,0,0,13.342,14198,2182,4,0,Pre_event/S1_ASC_20210805/1382.tif,Pre_event/S1_DESC_20210803/1382.tif,Post_event/S1_ASC_20210817/1382.tif,Post_event/S1_DESC_20210815/1382.tif,Pre_event/S2_20210804/1382.tif,Post_event/S2_20210814/1382.tif,Annotations/1382.tif
1383,test,808,7.623,15135,1249,0,0,8.911,14924,1460,0,0,7.623,15135,1249,0,0,8.911,14924,1460,0,0,Pre_event/S1_ASC_20210805/1383.tif,Pre_event/S1_DESC_20210803/1383.tif,Post_event/S1_ASC_20210817/1383.tif,Post_event/S1_DESC_20210815/1383.tif,Pre_event/S2_20210804/1383.tif,Post_event/S2_20210814/1383.tif,Annotations/1383.tif
1384,train,682,7.068,15226,1158,0,0,5.066,15554,830,0,0,7.068,15226,1158,0,0,5.066,15554,830,0,0,Pre_event/S1_ASC_20210805/1384.tif,Pre_event/S1_DESC_20210803/1384.tif,Post_event/S1_ASC_20210817/1384.tif,Post_event/S1_DESC_20210815/1384.tif,Pre_event/S2_20210804/1384.tif,Post_event/S2_20210814/1384.tif,Annotations/1384.tif
1385,train,1530,18.079,13422,2962,0,0,8.905,14925,1457,2,0,18.079,13422,2962,0,0,8.905,14925,1457,2,0,Pre_event/S1_ASC_20210805/1385.tif,Pre_event/S1_DESC_20210803/1385.tif,Post_event/S1_ASC_20210817/1385.tif,Post_event/S1_DESC_20210815/1385.tif,Pre_event/S2_20210804/1385.tif,Post_event/S2_20210814/1385.tif,Annotations/1385.tif
1386,train,900,14.142,14067,2317,0,0,4.486,15649,733,2,0,14.142,14067,2317,0,0,4.486,15649,733,2,0,Pre_event/S1_ASC_20210805/1386.tif,Pre_event/S1_DESC_20210803/1386.tif,Post_event/S1_ASC_20210817/1386.tif,Post_event/S1_DESC_20210815/1386.tif,Pre_event/S2_20210804/1386.tif,Post_event/S2_20210814/1386.tif,Annotations/1386.tif
1387,train,221,0.391,16320,64,0,0,0.574,16290,94,0,0,0.391,16320,64,0,0,0.574,16290,94,0,0,Pre_event/S1_ASC_20210805/1387.tif,Pre_event/S1_DESC_20210803/1387.tif,Post_event/S1_ASC_20210817/1387.tif,Post_event/S1_DESC_20210815/1387.tif,Pre_event/S2_20210804/1387.tif,Post_event/S2_20210814/1387.tif,Annotations/1387.tif
1388,test,136,0.165,16357,27,0,0,2.008,16055,329,0,0,0.165,16357,27,0,0,2.008,16055,329,0,0,Pre_event/S1_ASC_20210805/1388.tif,Pre_event/S1_DESC_20210803/1388.tif,Post_event/S1_ASC_20210817/1388.tif,Post_event/S1_DESC_20210815/1388.tif,Pre_event/S2_20210804/1388.tif,Post_event/S2_20210814/1388.tif,Annotations/1388.tif
1389,test,120,1.27,16176,208,0,0,4.852,15589,754,41,0,1.27,16176,208,0,0,4.852,15589,754,41,0,Pre_event/S1_ASC_20210805/1389.tif,Pre_event/S1_DESC_20210803/1389.tif,Post_event/S1_ASC_20210817/1389.tif,Post_event/S1_DESC_20210815/1389.tif,Pre_event/S2_20210804/1389.tif,Post_event/S2_20210814/1389.tif,Annotations/1389.tif
1390,val,484,2.264,16013,371,0,0,3.064,15882,458,44,0,2.264,16013,371,0,0,3.064,15882,458,44,0,Pre_event/S1_ASC_20210805/1390.tif,Pre_event/S1_DESC_20210803/1390.tif,Post_event/S1_ASC_20210817/1390.tif,Post_event/S1_DESC_20210815/1390.tif,Pre_event/S2_20210804/1390.tif,Post_event/S2_20210814/1390.tif,Annotations/1390.tif
1391,val,503,3.113,15874,510,0,0,3.156,15867,441,76,0,3.113,15874,510,0,0,3.156,15867,441,76,0,Pre_event/S1_ASC_20210805/1391.tif,Pre_event/S1_DESC_20210803/1391.tif,Post_event/S1_ASC_20210817/1391.tif,Post_event/S1_DESC_20210815/1391.tif,Pre_event/S2_20210804/1391.tif,Post_event/S2_20210814/1391.tif,Annotations/1391.tif
1392,val,242,5.554,15474,910,0,0,9.79,14780,1531,73,0,5.554,15474,910,0,0,9.79,14780,1531,73,0,Pre_event/S1_ASC_20210805/1392.tif,Pre_event/S1_DESC_20210803/1392.tif,Post_event/S1_ASC_20210817/1392.tif,Post_event/S1_DESC_20210815/1392.tif,Pre_event/S2_20210804/1392.tif,Post_event/S2_20210814/1392.tif,Annotations/1392.tif
1393,val,418,13.409,14187,2197,0,0,9.613,14809,1573,2,0,13.409,14187,2197,0,0,9.613,14809,1573,2,0,Pre_event/S1_ASC_20210805/1393.tif,Pre_event/S1_DESC_20210803/1393.tif,Post_event/S1_ASC_20210817/1393.tif,Post_event/S1_DESC_20210815/1393.tif,Pre_event/S2_20210804/1393.tif,Post_event/S2_20210814/1393.tif,Annotations/1393.tif
1394,val,328,13.892,14108,2276,0,0,2.795,15926,456,2,0,13.892,14108,2276,0,0,2.795,15926,456,2,0,Pre_event/S1_ASC_20210805/1394.tif,Pre_event/S1_DESC_20210803/1394.tif,Post_event/S1_ASC_20210817/1394.tif,Post_event/S1_DESC_20210815/1394.tif,Pre_event/S2_20210804/1394.tif,Post_event/S2_20210814/1394.tif,Annotations/1394.tif
1395,train,120,1.202,16187,197,0,0,0.0,16384,0,0,0,1.202,16187,197,0,0,0.0,16384,0,0,0,Pre_event/S1_ASC_20210805/1395.tif,Pre_event/S1_DESC_20210803/1395.tif,Post_event/S1_ASC_20210817/1395.tif,Post_event/S1_DESC_20210815/1395.tif,Pre_event/S2_20210804/1395.tif,Post_event/S2_20210814/1395.tif,Annotations/1395.tif
1396,train,284,1.27,16176,208,0,0,2.087,16042,342,0,0,1.27,16176,208,0,0,2.087,16042,342,0,0,Pre_event/S1_ASC_20210805/1396.tif,Pre_event/S1_DESC_20210803/1396.tif,Post_event/S1_ASC_20210817/1396.tif,Post_event/S1_DESC_20210815/1396.tif,Pre_event/S2_20210804/1396.tif,Post_event/S2_20210814/1396.tif,Annotations/1396.tif
1397,train,233,0.433,16313,71,0,0,3.729,15773,611,0,0,0.433,16313,71,0,0,3.729,15773,611,0,0,Pre_event/S1_ASC_20210805/1397.tif,Pre_event/S1_DESC_20210803/1397.tif,Post_event/S1_ASC_20210817/1397.tif,Post_event/S1_DESC_20210815/1397.tif,Pre_event/S2_20210804/1397.tif,Post_event/S2_20210814/1397.tif,Annotations/1397.tif
1398,train,319,6.616,15300,1084,0,0,7.489,15157,1186,41,0,6.616,15300,1084,0,0,7.489,15157,1186,41,0,Pre_event/S1_ASC_20210805/1398.tif,Pre_event/S1_DESC_20210803/1398.tif,Post_event/S1_ASC_20210817/1398.tif,Post_event/S1_DESC_20210815/1398.tif,Pre_event/S2_20210804/1398.tif,Post_event/S2_20210814/1398.tif,Annotations/1398.tif
1399,train,710,3.052,15884,500,0,0,5.737,15444,899,41,0,3.052,15884,500,0,0,5.737,15444,899,41,0,Pre_event/S1_ASC_20210805/1399.tif,Pre_event/S1_DESC_20210803/1399.tif,Post_event/S1_ASC_20210817/1399.tif,Post_event/S1_DESC_20210815/1399.tif,Pre_event/S2_20210804/1399.tif,Post_event/S2_20210814/1399.tif,Annotations/1399.tif
1400,train,574,1.825,16085,299,0,0,5.585,15469,842,73,0,1.825,16085,299,0,0,5.585,15469,842,73,0,Pre_event/S1_ASC_20210805/1400.tif,Pre_event/S1_DESC_20210803/1400.tif,Post_event/S1_ASC_20210817/1400.tif,Post_event/S1_DESC_20210815/1400.tif,Pre_event/S2_20210804/1400.tif,Post_event/S2_20210814/1400.tif,Annotations/1400.tif
1401,train,268,2.502,15974,410,0,0,15.21,13892,2373,119,0,2.502,15974,410,0,0,15.21,13892,2373,119,0,Pre_event/S1_ASC_20210805/1401.tif,Pre_event/S1_DESC_20210803/1401.tif,Post_event/S1_ASC_20210817/1401.tif,Post_event/S1_DESC_20210815/1401.tif,Pre_event/S2_20210804/1401.tif,Post_event/S2_20210814/1401.tif,Annotations/1401.tif
1402,train,179,2.02,16053,331,0,0,13.708,14138,2200,46,0,2.02,16053,331,0,0,13.708,14138,2200,46,0,Pre_event/S1_ASC_20210805/1402.tif,Pre_event/S1_DESC_20210803/1402.tif,Post_event/S1_ASC_20210817/1402.tif,Post_event/S1_DESC_20210815/1402.tif,Pre_event/S2_20210804/1402.tif,Post_event/S2_20210814/1402.tif,Annotations/1402.tif
1403,train,102,1.862,16079,305,0,0,1.721,16102,282,0,0,1.862,16079,305,0,0,1.721,16102,282,0,0,Pre_event/S1_ASC_20210805/1403.tif,Pre_event/S1_DESC_20210803/1403.tif,Post_event/S1_ASC_20210817/1403.tif,Post_event/S1_DESC_20210815/1403.tif,Pre_event/S2_20210804/1403.tif,Post_event/S2_20210814/1403.tif,Annotations/1403.tif
1404,train,199,9.717,14792,1592,0,0,2.875,15913,471,0,0,9.717,14792,1592,0,0,2.875,15913,471,0,0,Pre_event/S1_ASC_20210805/1404.tif,Pre_event/S1_DESC_20210803/1404.tif,Post_event/S1_ASC_20210817/1404.tif,Post_event/S1_DESC_20210815/1404.tif,Pre_event/S2_20210804/1404.tif,Post_event/S2_20210814/1404.tif,Annotations/1404.tif
1405,train,251,14.868,13948,2436,0,0,4.205,15695,687,2,0,14.868,13948,2436,0,0,4.205,15695,687,2,0,Pre_event/S1_ASC_20210805/1405.tif,Pre_event/S1_DESC_20210803/1405.tif,Post_event/S1_ASC_20210817/1405.tif,Post_event/S1_DESC_20210815/1405.tif,Pre_event/S2_20210804/1405.tif,Post_event/S2_20210814/1405.tif,Annotations/1405.tif
1406,test,337,15.955,13770,2614,0,0,7.361,15178,1169,37,0,15.955,13770,2614,0,0,7.361,15178,1169,37,0,Pre_event/S1_ASC_20210805/1406.tif,Pre_event/S1_DESC_20210803/1406.tif,Post_event/S1_ASC_20210817/1406.tif,Post_event/S1_DESC_20210815/1406.tif,Pre_event/S2_20210804/1406.tif,Post_event/S2_20210814/1406.tif,Annotations/1406.tif
1407,test,348,10.974,14586,1798,0,0,10.144,14722,1581,81,0,10.974,14586,1798,0,0,10.144,14722,1581,81,0,Pre_event/S1_ASC_20210805/1407.tif,Pre_event/S1_DESC_20210803/1407.tif,Post_event/S1_ASC_20210817/1407.tif,Post_event/S1_DESC_20210815/1407.tif,Pre_event/S2_20210804/1407.tif,Post_event/S2_20210814/1407.tif,Annotations/1407.tif
1408,val,239,5.347,15508,876,0,0,8.893,14927,1357,100,0,5.347,15508,876,0,0,8.893,14927,1357,100,0,Pre_event/S1_ASC_20210805/1408.tif,Pre_event/S1_DESC_20210803/1408.tif,Post_event/S1_ASC_20210817/1408.tif,Post_event/S1_DESC_20210815/1408.tif,Pre_event/S2_20210804/1408.tif,Post_event/S2_20210814/1408.tif,Annotations/1408.tif
1409,train,113,2.032,16051,333,0,0,4.407,15662,668,54,0,2.032,16051,333,0,0,4.407,15662,668,54,0,Pre_event/S1_ASC_20210805/1409.tif,Pre_event/S1_DESC_20210803/1409.tif,Post_event/S1_ASC_20210817/1409.tif,Post_event/S1_DESC_20210815/1409.tif,Pre_event/S2_20210804/1409.tif,Post_event/S2_20210814/1409.tif,Annotations/1409.tif
1410,val,218,3.9,15745,632,7,0,1.404,16154,230,0,0,3.9,15745,632,7,0,1.404,16154,230,0,0,Pre_event/S1_ASC_20210805/1410.tif,Pre_event/S1_DESC_20210803/1410.tif,Post_event/S1_ASC_20210817/1410.tif,Post_event/S1_DESC_20210815/1410.tif,Pre_event/S2_20210804/1410.tif,Post_event/S2_20210814/1410.tif,Annotations/1410.tif
1411,train,694,2.789,15927,450,7,0,4.791,15599,785,0,0,2.789,15927,450,7,0,4.791,15599,785,0,0,Pre_event/S1_ASC_20210805/1411.tif,Pre_event/S1_DESC_20210803/1411.tif,Post_event/S1_ASC_20210817/1411.tif,Post_event/S1_DESC_20210815/1411.tif,Pre_event/S2_20210804/1411.tif,Post_event/S2_20210814/1411.tif,Annotations/1411.tif
1412,test,537,4.645,15623,761,0,0,14.783,13962,2411,11,0,4.645,15623,761,0,0,14.783,13962,2411,11,0,Pre_event/S1_ASC_20210805/1412.tif,Pre_event/S1_DESC_20210803/1412.tif,Post_event/S1_ASC_20210817/1412.tif,Post_event/S1_DESC_20210815/1412.tif,Pre_event/S2_20210804/1412.tif,Post_event/S2_20210814/1412.tif,Annotations/1412.tif
1413,train,119,4.156,15703,681,0,0,11.792,14452,1905,27,0,4.156,15703,681,0,0,11.792,14452,1905,27,0,Pre_event/S1_ASC_20210805/1413.tif,Pre_event/S1_DESC_20210803/1413.tif,Post_event/S1_ASC_20210817/1413.tif,Post_event/S1_DESC_20210815/1413.tif,Pre_event/S2_20210804/1413.tif,Post_event/S2_20210814/1413.tif,Annotations/1413.tif
1414,train,271,21.295,12895,3489,0,0,4.266,15685,662,37,0,21.295,12895,3489,0,0,4.266,15685,662,37,0,Pre_event/S1_ASC_20210805/1414.tif,Pre_event/S1_DESC_20210803/1414.tif,Post_event/S1_ASC_20210817/1414.tif,Post_event/S1_DESC_20210815/1414.tif,Pre_event/S2_20210804/1414.tif,Post_event/S2_20210814/1414.tif,Annotations/1414.tif
1415,train,236,15.033,13921,2463,0,0,4.309,15678,671,35,0,15.033,13921,2463,0,0,4.309,15678,671,35,0,Pre_event/S1_ASC_20210805/1415.tif,Pre_event/S1_DESC_20210803/1415.tif,Post_event/S1_ASC_20210817/1415.tif,Post_event/S1_DESC_20210815/1415.tif,Pre_event/S2_20210804/1415.tif,Post_event/S2_20210814/1415.tif,Annotations/1415.tif
1416,train,145,6.83,15265,1119,0,0,5.017,15562,768,54,0,6.83,15265,1119,0,0,5.017,15562,768,54,0,Pre_event/S1_ASC_20210805/1416.tif,Pre_event/S1_DESC_20210803/1416.tif,Post_event/S1_ASC_20210817/1416.tif,Post_event/S1_DESC_20210815/1416.tif,Pre_event/S2_20210804/1416.tif,Post_event/S2_20210814/1416.tif,Annotations/1416.tif
1417,val,112,2.625,15954,430,0,0,4.181,15699,631,54,0,2.625,15954,430,0,0,4.181,15699,631,54,0,Pre_event/S1_ASC_20210805/1417.tif,Pre_event/S1_DESC_20210803/1417.tif,Post_event/S1_ASC_20210817/1417.tif,Post_event/S1_DESC_20210815/1417.tif,Pre_event/S2_20210804/1417.tif,Post_event/S2_20210814/1417.tif,Annotations/1417.tif
1418,test,357,11.017,14579,1798,7,0,1.685,16108,230,46,0,11.017,14579,1798,7,0,1.685,16108,230,46,0,Pre_event/S1_ASC_20210805/1418.tif,Pre_event/S1_DESC_20210803/1418.tif,Post_event/S1_ASC_20210817/1418.tif,Post_event/S1_DESC_20210815/1418.tif,Pre_event/S2_20210804/1418.tif,Post_event/S2_20210814/1418.tif,Annotations/1418.tif
1419,train,1293,10.547,14656,1721,7,0,13.55,14164,2186,34,0,10.547,14656,1721,7,0,13.55,14164,2186,34,0,Pre_event/S1_ASC_20210805/1419.tif,Pre_event/S1_DESC_20210803/1419.tif,Post_event/S1_ASC_20210817/1419.tif,Post_event/S1_DESC_20210815/1419.tif,Pre_event/S2_20210804/1419.tif,Post_event/S2_20210814/1419.tif,Annotations/1419.tif
1420,train,1006,4.425,15659,725,0,0,14.325,14037,2342,5,0,4.425,15659,725,0,0,14.325,14037,2342,5,0,Pre_event/S1_ASC_20210805/1420.tif,Pre_event/S1_DESC_20210803/1420.tif,Post_event/S1_ASC_20210817/1420.tif,Post_event/S1_DESC_20210815/1420.tif,Pre_event/S2_20210804/1420.tif,Post_event/S2_20210814/1420.tif,Annotations/1420.tif
1421,train,196,3.644,15787,597,0,0,4.034,15723,640,21,0,3.644,15787,597,0,0,4.034,15723,640,21,0,Pre_event/S1_ASC_20210805/1421.tif,Pre_event/S1_DESC_20210803/1421.tif,Post_event/S1_ASC_20210817/1421.tif,Post_event/S1_DESC_20210815/1421.tif,Pre_event/S2_20210804/1421.tif,Post_event/S2_20210814/1421.tif,Annotations/1421.tif
1422,train,308,0.702,16269,115,0,0,10.175,14717,1651,16,0,0.702,16269,115,0,0,10.175,14717,1651,16,0,Pre_event/S1_ASC_20210805/1422.tif,Pre_event/S1_DESC_20210803/1422.tif,Post_event/S1_ASC_20210817/1422.tif,Post_event/S1_DESC_20210815/1422.tif,Pre_event/S2_20210804/1422.tif,Post_event/S2_20210814/1422.tif,Annotations/1422.tif
1423,train,182,0.494,16303,81,0,0,8.527,14987,1397,0,0,0.494,16303,81,0,0,8.527,14987,1397,0,0,Pre_event/S1_ASC_20210805/1423.tif,Pre_event/S1_DESC_20210803/1423.tif,Post_event/S1_ASC_20210817/1423.tif,Post_event/S1_DESC_20210815/1423.tif,Pre_event/S2_20210804/1423.tif,Post_event/S2_20210814/1423.tif,Annotations/1423.tif
1424,train,277,15.35,13869,2503,12,0,6.775,15274,1086,24,0,15.35,13869,2503,12,0,6.775,15274,1086,24,0,Pre_event/S1_ASC_20210805/1424.tif,Pre_event/S1_DESC_20210803/1424.tif,Post_event/S1_ASC_20210817/1424.tif,Post_event/S1_DESC_20210815/1424.tif,Pre_event/S2_20210804/1424.tif,Post_event/S2_20210814/1424.tif,Annotations/1424.tif
1425,train,381,13.58,14159,2213,12,0,8.997,14910,1474,0,0,13.58,14159,2213,12,0,8.997,14910,1474,0,0,Pre_event/S1_ASC_20210805/1425.tif,Pre_event/S1_DESC_20210803/1425.tif,Post_event/S1_ASC_20210817/1425.tif,Post_event/S1_DESC_20210815/1425.tif,Pre_event/S2_20210804/1425.tif,Post_event/S2_20210814/1425.tif,Annotations/1425.tif
1426,train,203,5.261,15522,862,0,0,2.777,15929,455,0,0,5.261,15522,862,0,0,2.777,15929,455,0,0,Pre_event/S1_ASC_20210805/1426.tif,Pre_event/S1_DESC_20210803/1426.tif,Post_event/S1_ASC_20210817/1426.tif,Post_event/S1_DESC_20210815/1426.tif,Pre_event/S2_20210804/1426.tif,Post_event/S2_20210814/1426.tif,Annotations/1426.tif
1427,train,253,13.312,14203,2181,0,0,1.147,16196,142,46,0,13.312,14203,2181,0,0,1.147,16196,142,46,0,Pre_event/S1_ASC_20210805/1427.tif,Pre_event/S1_DESC_20210803/1427.tif,Post_event/S1_ASC_20210817/1427.tif,Post_event/S1_DESC_20210815/1427.tif,Pre_event/S2_20210804/1427.tif,Post_event/S2_20210814/1427.tif,Annotations/1427.tif
1428,train,848,18.555,13344,3040,0,0,9.625,14807,1543,34,0,18.555,13344,3040,0,0,9.625,14807,1543,34,0,Pre_event/S1_ASC_20210805/1428.tif,Pre_event/S1_DESC_20210803/1428.tif,Post_event/S1_ASC_20210817/1428.tif,Post_event/S1_DESC_20210815/1428.tif,Pre_event/S2_20210804/1428.tif,Post_event/S2_20210814/1428.tif,Annotations/1428.tif
1429,val,613,9.888,14764,1620,0,0,10.327,14692,1656,36,0,9.888,14764,1620,0,0,10.327,14692,1656,36,0,Pre_event/S1_ASC_20210805/1429.tif,Pre_event/S1_DESC_20210803/1429.tif,Post_event/S1_ASC_20210817/1429.tif,Post_event/S1_DESC_20210815/1429.tif,Pre_event/S2_20210804/1429.tif,Post_event/S2_20210814/1429.tif,Annotations/1429.tif
1430,train,105,4.175,15700,684,0,0,5.273,15520,828,36,0,4.175,15700,684,0,0,5.273,15520,828,36,0,Pre_event/S1_ASC_20210805/1430.tif,Pre_event/S1_DESC_20210803/1430.tif,Post_event/S1_ASC_20210817/1430.tif,Post_event/S1_DESC_20210815/1430.tif,Pre_event/S2_20210804/1430.tif,Post_event/S2_20210814/1430.tif,Annotations/1430.tif
1431,train,281,4.156,15703,681,0,0,4.852,15589,782,13,0,4.156,15703,681,0,0,4.852,15589,782,13,0,Pre_event/S1_ASC_20210805/1431.tif,Pre_event/S1_DESC_20210803/1431.tif,Post_event/S1_ASC_20210817/1431.tif,Post_event/S1_DESC_20210815/1431.tif,Pre_event/S2_20210804/1431.tif,Post_event/S2_20210814/1431.tif,Annotations/1431.tif
1432,train,194,2.069,16045,339,0,0,1.355,16162,209,13,0,2.069,16045,339,0,0,1.355,16162,209,13,0,Pre_event/S1_ASC_20210805/1432.tif,Pre_event/S1_DESC_20210803/1432.tif,Post_event/S1_ASC_20210817/1432.tif,Post_event/S1_DESC_20210815/1432.tif,Pre_event/S2_20210804/1432.tif,Post_event/S2_20210814/1432.tif,Annotations/1432.tif
1433,train,261,11.786,14453,1919,12,0,7.965,15079,1281,24,0,11.786,14453,1919,12,0,7.965,15079,1281,24,0,Pre_event/S1_ASC_20210805/1433.tif,Pre_event/S1_DESC_20210803/1433.tif,Post_event/S1_ASC_20210817/1433.tif,Post_event/S1_DESC_20210815/1433.tif,Pre_event/S2_20210804/1433.tif,Post_event/S2_20210814/1433.tif,Annotations/1433.tif
1434,val,379,11.499,14500,1872,12,0,10.626,14643,1741,0,0,11.499,14500,1872,12,0,10.626,14643,1741,0,0,Pre_event/S1_ASC_20210805/1434.tif,Pre_event/S1_DESC_20210803/1434.tif,Post_event/S1_ASC_20210817/1434.tif,Post_event/S1_DESC_20210815/1434.tif,Pre_event/S2_20210804/1434.tif,Post_event/S2_20210814/1434.tif,Annotations/1434.tif
1435,train,307,8.954,14917,1467,0,0,6.482,15322,1059,3,0,8.954,14917,1467,0,0,6.482,15322,1059,3,0,Pre_event/S1_ASC_20210805/1435.tif,Pre_event/S1_DESC_20210803/1435.tif,Post_event/S1_ASC_20210817/1435.tif,Post_event/S1_DESC_20210815/1435.tif,Pre_event/S2_20210804/1435.tif,Post_event/S2_20210814/1435.tif,Annotations/1435.tif
1436,train,261,7.043,15230,1154,0,0,3.674,15782,599,3,0,7.043,15230,1154,0,0,3.674,15782,599,3,0,Pre_event/S1_ASC_20210805/1436.tif,Pre_event/S1_DESC_20210803/1436.tif,Post_event/S1_ASC_20210817/1436.tif,Post_event/S1_DESC_20210815/1436.tif,Pre_event/S2_20210804/1436.tif,Post_event/S2_20210814/1436.tif,Annotations/1436.tif
1437,train,99,1.758,16096,288,0,0,0.0,16384,0,0,0,1.758,16096,288,0,0,0.0,16384,0,0,0,Pre_event/S1_ASC_20210805/1437.tif,Pre_event/S1_DESC_20210803/1437.tif,Post_event/S1_ASC_20210817/1437.tif,Post_event/S1_DESC_20210815/1437.tif,Pre_event/S2_20210804/1437.tif,Post_event/S2_20210814/1437.tif,Annotations/1437.tif
1438,train,165,4.51,15645,739,0,0,5.042,15558,826,0,0,4.51,15645,739,0,0,5.042,15558,826,0,0,Pre_event/S1_ASC_20210805/1438.tif,Pre_event/S1_DESC_20210803/1438.tif,Post_event/S1_ASC_20210817/1438.tif,Post_event/S1_DESC_20210815/1438.tif,Pre_event/S2_20210804/1438.tif,Post_event/S2_20210814/1438.tif,Annotations/1438.tif
1439,train,300,9.399,14844,1540,0,0,5.786,15436,948,0,0,9.399,14844,1540,0,0,5.786,15436,948,0,0,Pre_event/S1_ASC_20210805/1439.tif,Pre_event/S1_DESC_20210803/1439.tif,Post_event/S1_ASC_20210817/1439.tif,Post_event/S1_DESC_20210815/1439.tif,Pre_event/S2_20210804/1439.tif,Post_event/S2_20210814/1439.tif,Annotations/1439.tif
1440,train,135,9.943,14755,1629,0,0,2.014,16054,280,50,0,9.943,14755,1629,0,0,2.014,16054,280,50,0,Pre_event/S1_ASC_20210805/1440.tif,Pre_event/S1_DESC_20210803/1440.tif,Post_event/S1_ASC_20210817/1440.tif,Post_event/S1_DESC_20210815/1440.tif,Pre_event/S2_20210804/1440.tif,Post_event/S2_20210814/1440.tif,Annotations/1440.tif
1441,train,139,13.062,14244,2140,0,0,4.254,15687,694,3,0,13.062,14244,2140,0,0,4.254,15687,694,3,0,Pre_event/S1_ASC_20210805/1441.tif,Pre_event/S1_DESC_20210803/1441.tif,Post_event/S1_ASC_20210817/1441.tif,Post_event/S1_DESC_20210815/1441.tif,Pre_event/S2_20210804/1441.tif,Post_event/S2_20210814/1441.tif,Annotations/1441.tif
1442,test,237,8.734,14953,1431,0,0,3.265,15849,532,3,0,8.734,14953,1431,0,0,3.265,15849,532,3,0,Pre_event/S1_ASC_20210805/1442.tif,Pre_event/S1_DESC_20210803/1442.tif,Post_event/S1_ASC_20210817/1442.tif,Post_event/S1_DESC_20210815/1442.tif,Pre_event/S2_20210804/1442.tif,Post_event/S2_20210814/1442.tif,Annotations/1442.tif
1443,train,99,1.691,16107,277,0,0,0.0,16384,0,0,0,1.691,16107,277,0,0,0.0,16384,0,0,0,Pre_event/S1_ASC_20210805/1443.tif,Pre_event/S1_DESC_20210803/1443.tif,Post_event/S1_ASC_20210817/1443.tif,Post_event/S1_DESC_20210815/1443.tif,Pre_event/S2_20210804/1443.tif,Post_event/S2_20210814/1443.tif,Annotations/1443.tif
1444,train,100,1.947,16065,319,0,0,0.0,16384,0,0,0,1.947,16065,319,0,0,0.0,16384,0,0,0,Pre_event/S1_ASC_20210805/1444.tif,Pre_event/S1_DESC_20210803/1444.tif,Post_event/S1_ASC_20210817/1444.tif,Post_event/S1_DESC_20210815/1444.tif,Pre_event/S2_20210804/1444.tif,Post_event/S2_20210814/1444.tif,Annotations/1444.tif
1445,train,134,3.333,15838,546,0,0,0.0,16384,0,0,0,3.333,15838,546,0,0,0.0,16384,0,0,0,Pre_event/S1_ASC_20210805/1445.tif,Pre_event/S1_DESC_20210803/1445.tif,Post_event/S1_ASC_20210817/1445.tif,Post_event/S1_DESC_20210815/1445.tif,Pre_event/S2_20210804/1445.tif,Post_event/S2_20210814/1445.tif,Annotations/1445.tif
1446,val,104,15.051,13918,2466,0,0,0.69,16271,100,13,0,15.051,13918,2466,0,0,0.69,16271,100,13,0,Pre_event/S1_ASC_20210805/1446.tif,Pre_event/S1_DESC_20210803/1446.tif,Post_event/S1_ASC_20210817/1446.tif,Post_event/S1_DESC_20210815/1446.tif,Pre_event/S2_20210804/1446.tif,Post_event/S2_20210814/1446.tif,Annotations/1446.tif
1447,train,97,20.081,13094,3290,0,0,1.007,16219,152,13,0,20.081,13094,3290,0,0,1.007,16219,152,13,0,Pre_event/S1_ASC_20210805/1447.tif,Pre_event/S1_DESC_20210803/1447.tif,Post_event/S1_ASC_20210817/1447.tif,Post_event/S1_DESC_20210815/1447.tif,Pre_event/S2_20210804/1447.tif,Post_event/S2_20210814/1447.tif,Annotations/1447.tif
1448,val,126,3.644,15787,597,0,0,0.0,16384,0,0,0,3.644,15787,597,0,0,0.0,16384,0,0,0,Pre_event/S1_ASC_20210805/1448.tif,Pre_event/S1_DESC_20210803/1448.tif,Post_event/S1_ASC_20210817/1448.tif,Post_event/S1_DESC_20210815/1448.tif,Pre_event/S2_20210804/1448.tif,Post_event/S2_20210814/1448.tif,Annotations/1448.tif
1449,train,211,4.871,15586,798,0,0,0.0,16384,0,0,0,4.871,15586,798,0,0,0.0,16384,0,0,0,Pre_event/S1_ASC_20210805/1449.tif,Pre_event/S1_DESC_20210803/1449.tif,Post_event/S1_ASC_20210817/1449.tif,Post_event/S1_DESC_20210815/1449.tif,Pre_event/S2_20210804/1449.tif,Post_event/S2_20210814/1449.tif,Annotations/1449.tif
1450,train,140,2.209,16022,362,0,0,0.0,16384,0,0,0,2.209,16022,362,0,0,0.0,16384,0,0,0,Pre_event/S1_ASC_20210805/1450.tif,Pre_event/S1_DESC_20210803/1450.tif,Post_event/S1_ASC_20210817/1450.tif,Post_event/S1_DESC_20210815/1450.tif,Pre_event/S2_20210804/1450.tif,Post_event/S2_20210814/1450.tif,Annotations/1450.tif
1451,train,153,13.397,14189,2195,0,0,1.166,16193,191,0,0,13.397,14189,2195,0,0,1.166,16193,191,0,0,Pre_event/S1_ASC_20210805/1451.tif,Pre_event/S1_DESC_20210803/1451.tif,Post_event/S1_ASC_20210817/1451.tif,Post_event/S1_DESC_20210815/1451.tif,Pre_event/S2_20210804/1451.tif,Post_event/S2_20210814/1451.tif,Annotations/1451.tif
1452,val,146,13.66,14146,2238,0,0,0.446,16311,73,0,0,13.66,14146,2238,0,0,0.446,16311,73,0,0,Pre_event/S1_ASC_20210805/1452.tif,Pre_event/S1_DESC_20210803/1452.tif,Post_event/S1_ASC_20210817/1452.tif,Post_event/S1_DESC_20210815/1452.tif,Pre_event/S2_20210804/1452.tif,Post_event/S2_20210814/1452.tif,Annotations/1452.tif
1453,train,126,6.097,15385,999,0,0,0.0,16384,0,0,0,6.097,15385,999,0,0,0.0,16384,0,0,0,Pre_event/S1_ASC_20210805/1453.tif,Pre_event/S1_DESC_20210803/1453.tif,Post_event/S1_ASC_20210817/1453.tif,Post_event/S1_DESC_20210815/1453.tif,Pre_event/S2_20210804/1453.tif,Post_event/S2_20210814/1453.tif,Annotations/1453.tif
1454,train,126,4.144,15705,679,0,0,0.0,16384,0,0,0,4.144,15705,679,0,0,0.0,16384,0,0,0,Pre_event/S1_ASC_20210805/1454.tif,Pre_event/S1_DESC_20210803/1454.tif,Post_event/S1_ASC_20210817/1454.tif,Post_event/S1_DESC_20210815/1454.tif,Pre_event/S2_20210804/1454.tif,Post_event/S2_20210814/1454.tif,Annotations/1454.tif
1455,train,127,1.453,16146,238,0,0,1.3,16171,213,0,0,1.453,16146,238,0,0,1.3,16171,213,0,0,Pre_event/S1_ASC_20210805/1455.tif,Pre_event/S1_DESC_20210803/1455.tif,Post_event/S1_ASC_20210817/1455.tif,Post_event/S1_DESC_20210815/1455.tif,Pre_event/S2_20210804/1455.tif,Post_event/S2_20210814/1455.tif,Annotations/1455.tif
1456,test,190,1.624,16118,266,0,0,2.563,15964,407,13,0,1.624,16118,266,0,0,2.563,15964,407,13,0,Pre_event/S1_ASC_20210805/1456.tif,Pre_event/S1_DESC_20210803/1456.tif,Post_event/S1_ASC_20210817/1456.tif,Post_event/S1_DESC_20210815/1456.tif,Pre_event/S2_20210804/1456.tif,Post_event/S2_20210814/1456.tif,Annotations/1456.tif
1457,train,380,1.398,16155,229,0,0,6.189,15370,966,48,0,1.398,16155,229,0,0,6.189,15370,966,48,0,Pre_event/S1_ASC_20210805/1457.tif,Pre_event/S1_DESC_20210803/1457.tif,Post_event/S1_ASC_20210817/1457.tif,Post_event/S1_DESC_20210815/1457.tif,Pre_event/S2_20210804/1457.tif,Post_event/S2_20210814/1457.tif,Annotations/1457.tif
1458,train,307,1.227,16183,201,0,0,4.926,15577,772,35,0,1.227,16183,201,0,0,4.926,15577,772,35,0,Pre_event/S1_ASC_20210805/1458.tif,Pre_event/S1_DESC_20210803/1458.tif,Post_event/S1_ASC_20210817/1458.tif,Post_event/S1_DESC_20210815/1458.tif,Pre_event/S2_20210804/1458.tif,Post_event/S2_20210814/1458.tif,Annotations/1458.tif
1459,train,122,2.24,16017,367,0,0,3.149,15868,516,0,0,2.24,16017,367,0,0,3.149,15868,516,0,0,Pre_event/S1_ASC_20210805/1459.tif,Pre_event/S1_DESC_20210803/1459.tif,Post_event/S1_ASC_20210817/1459.tif,Post_event/S1_DESC_20210815/1459.tif,Pre_event/S2_20210804/1459.tif,Post_event/S2_20210814/1459.tif,Annotations/1459.tif
1460,test,107,7.025,15233,1151,0,0,1.678,16109,213,62,0,7.025,15233,1151,0,0,1.678,16109,213,62,0,Pre_event/S1_ASC_20210805/1460.tif,Pre_event/S1_DESC_20210803/1460.tif,Post_event/S1_ASC_20210817/1460.tif,Post_event/S1_DESC_20210815/1460.tif,Pre_event/S2_20210804/1460.tif,Post_event/S2_20210814/1460.tif,Annotations/1460.tif
1461,train,231,9.375,14848,1536,0,0,2.96,15899,407,78,0,9.375,14848,1536,0,0,2.96,15899,407,78,0,Pre_event/S1_ASC_20210805/1461.tif,Pre_event/S1_DESC_20210803/1461.tif,Post_event/S1_ASC_20210817/1461.tif,Post_event/S1_DESC_20210815/1461.tif,Pre_event/S2_20210804/1461.tif,Post_event/S2_20210814/1461.tif,Annotations/1461.tif
1462,val,441,3.857,15752,632,0,0,6.25,15360,974,50,0,3.857,15752,632,0,0,6.25,15360,974,50,0,Pre_event/S1_ASC_20210805/1462.tif,Pre_event/S1_DESC_20210803/1462.tif,Post_event/S1_ASC_20210817/1462.tif,Post_event/S1_DESC_20210815/1462.tif,Pre_event/S2_20210804/1462.tif,Post_event/S2_20210814/1462.tif,Annotations/1462.tif
1463,train,307,1.874,16077,307,0,0,4.974,15569,781,34,0,1.874,16077,307,0,0,4.974,15569,781,34,0,Pre_event/S1_ASC_20210805/1463.tif,Pre_event/S1_DESC_20210803/1463.tif,Post_event/S1_ASC_20210817/1463.tif,Post_event/S1_DESC_20210815/1463.tif,Pre_event/S2_20210804/1463.tif,Post_event/S2_20210814/1463.tif,Annotations/1463.tif
1464,train,98,3.931,15740,644,0,0,0.964,16226,155,3,0,3.931,15740,644,0,0,0.964,16226,155,3,0,Pre_event/S1_ASC_20210805/1464.tif,Pre_event/S1_DESC_20210803/1464.tif,Post_event/S1_ASC_20210817/1464.tif,Post_event/S1_DESC_20210815/1464.tif,Pre_event/S2_20210804/1464.tif,Post_event/S2_20210814/1464.tif,Annotations/1464.tif
1465,train,107,12.03,14413,1967,4,0,6.866,15259,1109,16,0,12.03,14413,1967,4,0,6.866,15259,1109,16,0,Pre_event/S1_ASC_20210805/1465.tif,Pre_event/S1_DESC_20210803/1465.tif,Post_event/S1_ASC_20210817/1465.tif,Post_event/S1_DESC_20210815/1465.tif,Pre_event/S2_20210804/1465.tif,Post_event/S2_20210814/1465.tif,Annotations/1465.tif
1466,train,218,10.693,14632,1752,0,0,7.605,15138,1237,9,0,10.693,14632,1752,0,0,7.605,15138,1237,9,0,Pre_event/S1_ASC_20210805/1466.tif,Pre_event/S1_DESC_20210803/1466.tif,Post_event/S1_ASC_20210817/1466.tif,Post_event/S1_DESC_20210815/1466.tif,Pre_event/S2_20210804/1466.tif,Post_event/S2_20210814/1466.tif,Annotations/1466.tif
1467,train,137,3.32,15840,544,0,0,6.842,15263,1078,22,21,3.32,15840,544,0,0,6.842,15263,1078,22,21,Pre_event/S1_ASC_20210805/1467.tif,Pre_event/S1_DESC_20210803/1467.tif,Post_event/S1_ASC_20210817/1467.tif,Post_event/S1_DESC_20210815/1467.tif,Pre_event/S2_20210804/1467.tif,Post_event/S2_20210814/1467.tif,Annotations/1467.tif
1468,test,131,26.062,12114,4266,4,0,7.147,15213,1150,21,0,26.062,12114,4266,4,0,7.147,15213,1150,21,0,Pre_event/S1_ASC_20210805/1468.tif,Pre_event/S1_DESC_20210803/1468.tif,Post_event/S1_ASC_20210817/1468.tif,Post_event/S1_DESC_20210815/1468.tif,Pre_event/S2_20210804/1468.tif,Post_event/S2_20210814/1468.tif,Annotations/1468.tif
1469,train,218,12.689,14305,2079,0,0,3.186,15862,513,9,0,12.689,14305,2079,0,0,3.186,15862,513,9,0,Pre_event/S1_ASC_20210805/1469.tif,Pre_event/S1_DESC_20210803/1469.tif,Post_event/S1_ASC_20210817/1469.tif,Post_event/S1_DESC_20210815/1469.tif,Pre_event/S2_20210804/1469.tif,Post_event/S2_20210814/1469.tif,Annotations/1469.tif
1470,val,115,3.418,15824,560,0,0,0.793,16254,130,0,0,3.418,15824,560,0,0,0.793,16254,130,0,0,Pre_event/S1_ASC_20210805/1470.tif,Pre_event/S1_DESC_20210803/1470.tif,Post_event/S1_ASC_20210817/1470.tif,Post_event/S1_DESC_20210815/1470.tif,Pre_event/S2_20210804/1470.tif,Post_event/S2_20210814/1470.tif,Annotations/1470.tif
1471,test,143,9.363,14850,1534,0,0,3.43,15822,552,10,0,9.363,14850,1534,0,0,3.43,15822,552,10,0,Pre_event/S1_ASC_20210805/1471.tif,Pre_event/S1_DESC_20210803/1471.tif,Post_event/S1_ASC_20210817/1471.tif,Post_event/S1_DESC_20210815/1471.tif,Pre_event/S2_20210804/1471.tif,Post_event/S2_20210814/1471.tif,Annotations/1471.tif
1472,test,131,4.51,15645,739,0,0,2.289,16009,366,9,0,4.51,15645,739,0,0,2.289,16009,366,9,0,Pre_event/S1_ASC_20210805/1472.tif,Pre_event/S1_DESC_20210803/1472.tif,Post_event/S1_ASC_20210817/1472.tif,Post_event/S1_DESC_20210815/1472.tif,Pre_event/S2_20210804/1472.tif,Post_event/S2_20210814/1472.tif,Annotations/1472.tif
1473,train,269,6.348,15344,1040,0,0,1.312,16169,211,4,0,6.348,15344,1040,0,0,1.312,16169,211,4,0,Pre_event/S1_ASC_20210805/1473.tif,Pre_event/S1_DESC_20210803/1473.tif,Post_event/S1_ASC_20210817/1473.tif,Post_event/S1_DESC_20210815/1473.tif,Pre_event/S2_20210804/1473.tif,Post_event/S2_20210814/1473.tif,Annotations/1473.tif
1474,train,227,4.437,15657,727,0,0,0.177,16355,25,4,0,4.437,15657,727,0,0,0.177,16355,25,4,0,Pre_event/S1_ASC_20210805/1474.tif,Pre_event/S1_DESC_20210803/1474.tif,Post_event/S1_ASC_20210817/1474.tif,Post_event/S1_DESC_20210815/1474.tif,Pre_event/S2_20210804/1474.tif,Post_event/S2_20210814/1474.tif,Annotations/1474.tif
1475,val,223,3.442,15820,564,0,0,0.134,16362,18,4,0,3.442,15820,564,0,0,0.134,16362,18,4,0,Pre_event/S1_ASC_20210805/1475.tif,Pre_event/S1_DESC_20210803/1475.tif,Post_event/S1_ASC_20210817/1475.tif,Post_event/S1_DESC_20210815/1475.tif,Pre_event/S2_20210804/1475.tif,Post_event/S2_20210814/1475.tif,Annotations/1475.tif
1476,train,154,2.826,15921,463,0,0,0.629,16281,99,4,0,2.826,15921,463,0,0,0.629,16281,99,4,0,Pre_event/S1_ASC_20210805/1476.tif,Pre_event/S1_DESC_20210803/1476.tif,Post_event/S1_ASC_20210817/1476.tif,Post_event/S1_DESC_20210815/1476.tif,Pre_event/S2_20210804/1476.tif,Post_event/S2_20210814/1476.tif,Annotations/1476.tif
1477,train,267,9.93,14757,1627,0,0,4.95,15573,694,117,0,9.93,14757,1627,0,0,4.95,15573,694,117,0,Pre_event/S1_ASC_20210805/1477.tif,Pre_event/S1_DESC_20210803/1477.tif,Post_event/S1_ASC_20210817/1477.tif,Post_event/S1_DESC_20210815/1477.tif,Pre_event/S2_20210804/1477.tif,Post_event/S2_20210814/1477.tif,Annotations/1477.tif
1478,train,267,7.703,15122,1262,0,0,6.189,15370,957,57,0,7.703,15122,1262,0,0,6.189,15370,957,57,0,Pre_event/S1_ASC_20210805/1478.tif,Pre_event/S1_DESC_20210803/1478.tif,Post_event/S1_ASC_20210817/1478.tif,Post_event/S1_DESC_20210815/1478.tif,Pre_event/S2_20210804/1478.tif,Post_event/S2_20210814/1478.tif,Annotations/1478.tif
1479,train,113,11.047,14574,1810,0,0,2.734,15936,406,42,0,11.047,14574,1810,0,0,2.734,15936,406,42,0,Pre_event/S1_ASC_20210805/1479.tif,Pre_event/S1_DESC_20210803/1479.tif,Post_event/S1_ASC_20210817/1479.tif,Post_event/S1_DESC_20210815/1479.tif,Pre_event/S2_20210804/1479.tif,Post_event/S2_20210814/1479.tif,Annotations/1479.tif
1480,train,510,9.381,14847,1537,0,0,2.417,15988,393,3,0,9.381,14847,1537,0,0,2.417,15988,393,3,0,Pre_event/S1_ASC_20210805/1480.tif,Pre_event/S1_DESC_20210803/1480.tif,Post_event/S1_ASC_20210817/1480.tif,Post_event/S1_DESC_20210815/1480.tif,Pre_event/S2_20210804/1480.tif,Post_event/S2_20210814/1480.tif,Annotations/1480.tif
1481,val,397,4.517,15644,740,0,0,1.77,16094,290,0,0,4.517,15644,740,0,0,1.77,16094,290,0,0,Pre_event/S1_ASC_20210805/1481.tif,Pre_event/S1_DESC_20210803/1481.tif,Post_event/S1_ASC_20210817/1481.tif,Post_event/S1_DESC_20210815/1481.tif,Pre_event/S2_20210804/1481.tif,Post_event/S2_20210814/1481.tif,Annotations/1481.tif
1482,train,167,3.754,15769,615,0,0,0.287,16337,0,47,0,3.754,15769,615,0,0,0.287,16337,0,47,0,Pre_event/S1_ASC_20210805/1482.tif,Pre_event/S1_DESC_20210803/1482.tif,Post_event/S1_ASC_20210817/1482.tif,Post_event/S1_DESC_20210815/1482.tif,Pre_event/S2_20210804/1482.tif,Post_event/S2_20210814/1482.tif,Annotations/1482.tif
1483,train,727,13.763,14129,2255,0,0,0.513,16300,0,84,0,13.763,14129,2255,0,0,0.513,16300,0,84,0,Pre_event/S1_ASC_20210805/1483.tif,Pre_event/S1_DESC_20210803/1483.tif,Post_event/S1_ASC_20210817/1483.tif,Post_event/S1_DESC_20210815/1483.tif,Pre_event/S2_20210804/1483.tif,Post_event/S2_20210814/1483.tif,Annotations/1483.tif
1484,train,570,13.544,14165,2219,0,0,0.574,16290,0,94,0,13.544,14165,2219,0,0,0.574,16290,0,94,0,Pre_event/S1_ASC_20210805/1484.tif,Pre_event/S1_DESC_20210803/1484.tif,Post_event/S1_ASC_20210817/1484.tif,Post_event/S1_DESC_20210815/1484.tif,Pre_event/S2_20210804/1484.tif,Post_event/S2_20210814/1484.tif,Annotations/1484.tif
1485,val,113,11.926,14430,1954,0,0,2.673,15946,384,54,0,11.926,14430,1954,0,0,2.673,15946,384,54,0,Pre_event/S1_ASC_20210805/1485.tif,Pre_event/S1_DESC_20210803/1485.tif,Post_event/S1_ASC_20210817/1485.tif,Post_event/S1_DESC_20210815/1485.tif,Pre_event/S2_20210804/1485.tif,Post_event/S2_20210814/1485.tif,Annotations/1485.tif
1486,train,756,18.121,13415,2969,0,0,2.399,15991,378,15,0,18.121,13415,2969,0,0,2.399,15991,378,15,0,Pre_event/S1_ASC_20210805/1486.tif,Pre_event/S1_DESC_20210803/1486.tif,Post_event/S1_ASC_20210817/1486.tif,Post_event/S1_DESC_20210815/1486.tif,Pre_event/S2_20210804/1486.tif,Post_event/S2_20210814/1486.tif,Annotations/1486.tif
1487,val,848,14.966,13932,2452,0,0,2.563,15964,313,107,0,14.966,13932,2452,0,0,2.563,15964,313,107,0,Pre_event/S1_ASC_20210805/1487.tif,Pre_event/S1_DESC_20210803/1487.tif,Post_event/S1_ASC_20210817/1487.tif,Post_event/S1_DESC_20210815/1487.tif,Pre_event/S2_20210804/1487.tif,Post_event/S2_20210814/1487.tif,Annotations/1487.tif
1488,train,205,6.256,15359,1025,0,0,1.27,16176,101,107,0,6.256,15359,1025,0,0,1.27,16176,101,107,0,Pre_event/S1_ASC_20210805/1488.tif,Pre_event/S1_DESC_20210803/1488.tif,Post_event/S1_ASC_20210817/1488.tif,Post_event/S1_DESC_20210815/1488.tif,Pre_event/S2_20210804/1488.tif,Post_event/S2_20210814/1488.tif,Annotations/1488.tif
1489,train,215,2.13,16035,349,0,0,0.446,16311,0,67,6,2.13,16035,349,0,0,0.446,16311,0,67,6,Pre_event/S1_ASC_20210805/1489.tif,Pre_event/S1_DESC_20210803/1489.tif,Post_event/S1_ASC_20210817/1489.tif,Post_event/S1_DESC_20210815/1489.tif,Pre_event/S2_20210804/1489.tif,Post_event/S2_20210814/1489.tif,Annotations/1489.tif
1490,train,617,9.869,14767,1617,0,0,0.623,16282,0,96,6,9.869,14767,1617,0,0,0.623,16282,0,96,6,Pre_event/S1_ASC_20210805/1490.tif,Pre_event/S1_DESC_20210803/1490.tif,Post_event/S1_ASC_20210817/1490.tif,Post_event/S1_DESC_20210815/1490.tif,Pre_event/S2_20210804/1490.tif,Post_event/S2_20210814/1490.tif,Annotations/1490.tif
1491,train,412,11.157,14556,1828,0,0,0.439,16312,0,72,0,11.157,14556,1828,0,0,0.439,16312,0,72,0,Pre_event/S1_ASC_20210805/1491.tif,Pre_event/S1_DESC_20210803/1491.tif,Post_event/S1_ASC_20210817/1491.tif,Post_event/S1_DESC_20210815/1491.tif,Pre_event/S2_20210804/1491.tif,Post_event/S2_20210814/1491.tif,Annotations/1491.tif
1492,train,424,12.555,14327,2057,0,0,0.079,16371,1,12,0,12.555,14327,2057,0,0,0.079,16371,1,12,0,Pre_event/S1_ASC_20210805/1492.tif,Pre_event/S1_DESC_20210803/1492.tif,Post_event/S1_ASC_20210817/1492.tif,Post_event/S1_DESC_20210815/1492.tif,Pre_event/S2_20210804/1492.tif,Post_event/S2_20210814/1492.tif,Annotations/1492.tif
1493,val,1314,16.37,13702,2682,0,0,1.526,16134,120,130,0,16.37,13702,2682,0,0,1.526,16134,120,130,0,Pre_event/S1_ASC_20210805/1493.tif,Pre_event/S1_DESC_20210803/1493.tif,Post_event/S1_ASC_20210817/1493.tif,Post_event/S1_DESC_20210815/1493.tif,Pre_event/S2_20210804/1493.tif,Post_event/S2_20210814/1493.tif,Annotations/1493.tif
1494,train,890,7.971,15078,1306,0,0,1.52,16135,119,130,0,7.971,15078,1306,0,0,1.52,16135,119,130,0,Pre_event/S1_ASC_20210805/1494.tif,Pre_event/S1_DESC_20210803/1494.tif,Post_event/S1_ASC_20210817/1494.tif,Post_event/S1_DESC_20210815/1494.tif,Pre_event/S2_20210804/1494.tif,Post_event/S2_20210814/1494.tif,Annotations/1494.tif
1495,train,213,2.338,16001,383,0,0,0.446,16311,0,67,6,2.338,16001,383,0,0,0.446,16311,0,67,6,Pre_event/S1_ASC_20210805/1495.tif,Pre_event/S1_DESC_20210803/1495.tif,Post_event/S1_ASC_20210817/1495.tif,Post_event/S1_DESC_20210815/1495.tif,Pre_event/S2_20210804/1495.tif,Post_event/S2_20210814/1495.tif,Annotations/1495.tif
1496,train,257,5.139,15542,842,0,0,0.623,16282,0,96,6,5.139,15542,842,0,0,0.623,16282,0,96,6,Pre_event/S1_ASC_20210805/1496.tif,Pre_event/S1_DESC_20210803/1496.tif,Post_event/S1_ASC_20210817/1496.tif,Post_event/S1_DESC_20210815/1496.tif,Pre_event/S2_20210804/1496.tif,Post_event/S2_20210814/1496.tif,Annotations/1496.tif
1497,train,139,5.737,15444,940,0,0,0.446,16311,73,0,0,5.737,15444,940,0,0,0.446,16311,73,0,0,Pre_event/S1_ASC_20210805/1497.tif,Pre_event/S1_DESC_20210803/1497.tif,Post_event/S1_ASC_20210817/1497.tif,Post_event/S1_DESC_20210815/1497.tif,Pre_event/S2_20210804/1497.tif,Post_event/S2_20210814/1497.tif,Annotations/1497.tif
1498,train,927,9.082,14896,1488,0,0,1.215,16185,169,30,0,9.082,14896,1488,0,0,1.215,16185,169,30,0,Pre_event/S1_ASC_20210805/1498.tif,Pre_event/S1_DESC_20210803/1498.tif,Post_event/S1_ASC_20210817/1498.tif,Post_event/S1_DESC_20210815/1498.tif,Pre_event/S2_20210804/1498.tif,Post_event/S2_20210814/1498.tif,Annotations/1498.tif
1499,val,788,5.481,15486,898,0,0,0.769,16258,96,30,0,5.481,15486,898,0,0,0.769,16258,96,30,0,Pre_event/S1_ASC_20210805/1499.tif,Pre_event/S1_DESC_20210803/1499.tif,Post_event/S1_ASC_20210817/1499.tif,Post_event/S1_DESC_20210815/1499.tif,Pre_event/S2_20210804/1499.tif,Post_event/S2_20210814/1499.tif,Annotations/1499.tif
1500,train,165,1.3,16171,213,0,0,0.0,16384,0,0,0,1.3,16171,213,0,0,0.0,16384,0,0,0,Pre_event/S1_ASC_20210805/1500.tif,Pre_event/S1_DESC_20210803/1500.tif,Post_event/S1_ASC_20210817/1500.tif,Post_event/S1_DESC_20210815/1500.tif,Pre_event/S2_20210804/1500.tif,Post_event/S2_20210814/1500.tif,Annotations/1500.tif
1501,train,165,1.514,16136,248,0,0,0.0,16384,0,0,0,1.514,16136,248,0,0,0.0,16384,0,0,0,Pre_event/S1_ASC_20210805/1501.tif,Pre_event/S1_DESC_20210803/1501.tif,Post_event/S1_ASC_20210817/1501.tif,Post_event/S1_DESC_20210815/1501.tif,Pre_event/S2_20210804/1501.tif,Post_event/S2_20210814/1501.tif,Annotations/1501.tif
1502,train,138,4.26,15686,698,0,0,0.488,16304,73,7,0,4.26,15686,698,0,0,0.488,16304,73,7,0,Pre_event/S1_ASC_20210805/1502.tif,Pre_event/S1_DESC_20210803/1502.tif,Post_event/S1_ASC_20210817/1502.tif,Post_event/S1_DESC_20210815/1502.tif,Pre_event/S2_20210804/1502.tif,Post_event/S2_20210814/1502.tif,Annotations/1502.tif
1503,train,138,5.103,15548,836,0,0,0.189,16353,0,31,0,5.103,15548,836,0,0,0.189,16353,0,31,0,Pre_event/S1_ASC_20210805/1503.tif,Pre_event/S1_DESC_20210803/1503.tif,Post_event/S1_ASC_20210817/1503.tif,Post_event/S1_DESC_20210815/1503.tif,Pre_event/S2_20210804/1503.tif,Post_event/S2_20210814/1503.tif,Annotations/1503.tif
1504,train,148,2.496,15975,409,0,0,0.293,16336,20,28,0,2.496,15975,409,0,0,0.293,16336,20,28,0,Pre_event/S1_ASC_20210805/1504.tif,Pre_event/S1_DESC_20210803/1504.tif,Post_event/S1_ASC_20210817/1504.tif,Post_event/S1_DESC_20210815/1504.tif,Pre_event/S2_20210804/1504.tif,Post_event/S2_20210814/1504.tif,Annotations/1504.tif
1505,train,148,0.891,16238,146,0,0,0.043,16377,0,7,0,0.891,16238,146,0,0,0.043,16377,0,7,0,Pre_event/S1_ASC_20210805/1505.tif,Pre_event/S1_DESC_20210803/1505.tif,Post_event/S1_ASC_20210817/1505.tif,Post_event/S1_DESC_20210815/1505.tif,Pre_event/S2_20210804/1505.tif,Post_event/S2_20210814/1505.tif,Annotations/1505.tif
1506,train,117,4.15,15704,680,0,0,0.092,16369,0,15,0,4.15,15704,680,0,0,0.092,16369,0,15,0,Pre_event/S1_ASC_20210805/1506.tif,Pre_event/S1_DESC_20210803/1506.tif,Post_event/S1_ASC_20210817/1506.tif,Post_event/S1_DESC_20210815/1506.tif,Pre_event/S2_20210804/1506.tif,Post_event/S2_20210814/1506.tif,Annotations/1506.tif
1507,test,138,3.363,15833,551,0,0,0.092,16369,0,15,0,3.363,15833,551,0,0,0.092,16369,0,15,0,Pre_event/S1_ASC_20210805/1507.tif,Pre_event/S1_DESC_20210803/1507.tif,Post_event/S1_ASC_20210817/1507.tif,Post_event/S1_DESC_20210815/1507.tif,Pre_event/S2_20210804/1507.tif,Post_event/S2_20210814/1507.tif,Annotations/1507.tif
1508,train,524,5.75,15442,942,0,0,0.8,16253,131,0,0,5.75,15442,942,0,0,0.8,16253,131,0,0,Pre_event/S1_ASC_20210805/1508.tif,Pre_event/S1_DESC_20210803/1508.tif,Post_event/S1_ASC_20210817/1508.tif,Post_event/S1_DESC_20210815/1508.tif,Pre_event/S2_20210804/1508.tif,Post_event/S2_20210814/1508.tif,Annotations/1508.tif
1509,train,616,7.349,15180,1204,0,0,0.8,16253,131,0,0,7.349,15180,1204,0,0,0.8,16253,131,0,0,Pre_event/S1_ASC_20210805/1509.tif,Pre_event/S1_DESC_20210803/1509.tif,Post_event/S1_ASC_20210817/1509.tif,Post_event/S1_DESC_20210815/1509.tif,Pre_event/S2_20210804/1509.tif,Post_event/S2_20210814/1509.tif,Annotations/1509.tif
1510,train,530,5.066,15554,830,0,0,0.8,16253,131,0,0,5.066,15554,830,0,0,0.8,16253,131,0,0,Pre_event/S1_ASC_20210805/1510.tif,Pre_event/S1_DESC_20210803/1510.tif,Post_event/S1_ASC_20210817/1510.tif,Post_event/S1_DESC_20210815/1510.tif,Pre_event/S2_20210804/1510.tif,Post_event/S2_20210814/1510.tif,Annotations/1510.tif
1511,val,750,7.794,15107,1277,0,0,0.8,16253,131,0,0,7.794,15107,1277,0,0,0.8,16253,131,0,0,Pre_event/S1_ASC_20210805/1511.tif,Pre_event/S1_DESC_20210803/1511.tif,Post_event/S1_ASC_20210817/1511.tif,Post_event/S1_DESC_20210815/1511.tif,Pre_event/S2_20210804/1511.tif,Post_event/S2_20210814/1511.tif,Annotations/1511.tif
1512,test,231,2.747,15934,450,0,0,0.0,16384,0,0,0,2.747,15934,450,0,0,0.0,16384,0,0,0,Pre_event/S1_ASC_20210805/1512.tif,Pre_event/S1_DESC_20210803/1512.tif,Post_event/S1_ASC_20210817/1512.tif,Post_event/S1_DESC_20210815/1512.tif,Pre_event/S2_20210804/1512.tif,Post_event/S2_20210814/1512.tif,Annotations/1512.tif
1513,train,345,4.669,15619,765,0,0,0.134,16362,0,22,0,4.669,15619,765,0,0,0.134,16362,0,22,0,Pre_event/S1_ASC_20210805/1513.tif,Pre_event/S1_DESC_20210803/1513.tif,Post_event/S1_ASC_20210817/1513.tif,Post_event/S1_DESC_20210815/1513.tif,Pre_event/S2_20210804/1513.tif,Post_event/S2_20210814/1513.tif,Annotations/1513.tif
1514,val,373,8.868,14931,1453,0,0,2.087,16042,220,122,0,8.868,14931,1453,0,0,2.087,16042,220,122,0,Pre_event/S1_ASC_20210805/1514.tif,Pre_event/S1_DESC_20210803/1514.tif,Post_event/S1_ASC_20210817/1514.tif,Post_event/S1_DESC_20210815/1514.tif,Pre_event/S2_20210804/1514.tif,Post_event/S2_20210814/1514.tif,Annotations/1514.tif
1515,train,123,0.25,16343,41,0,0,0.0,16384,0,0,0,0.25,16343,41,0,0,0.0,16384,0,0,0,Pre_event/S1_ASC_20210805/1515.tif,Pre_event/S1_DESC_20210803/1515.tif,Post_event/S1_ASC_20210817/1515.tif,Post_event/S1_DESC_20210815/1515.tif,Pre_event/S2_20210804/1515.tif,Post_event/S2_20210814/1515.tif,Annotations/1515.tif
1516,train,298,1.337,16165,219,0,0,0.0,16384,0,0,0,1.337,16165,219,0,0,0.0,16384,0,0,0,Pre_event/S1_ASC_20210805/1516.tif,Pre_event/S1_DESC_20210803/1516.tif,Post_event/S1_ASC_20210817/1516.tif,Post_event/S1_DESC_20210815/1516.tif,Pre_event/S2_20210804/1516.tif,Post_event/S2_20210814/1516.tif,Annotations/1516.tif
1517,train,218,1.086,16206,178,0,0,0.0,16384,0,0,0,1.086,16206,178,0,0,0.0,16384,0,0,0,Pre_event/S1_ASC_20210805/1517.tif,Pre_event/S1_DESC_20210803/1517.tif,Post_event/S1_ASC_20210817/1517.tif,Post_event/S1_DESC_20210815/1517.tif,Pre_event/S2_20210804/1517.tif,Post_event/S2_20210814/1517.tif,Annotations/1517.tif
1518,train,524,3.522,15807,577,0,0,0.201,16351,0,33,0,3.522,15807,577,0,0,0.201,16351,0,33,0,Pre_event/S1_ASC_20210805/1518.tif,Pre_event/S1_DESC_20210803/1518.tif,Post_event/S1_ASC_20210817/1518.tif,Post_event/S1_DESC_20210815/1518.tif,Pre_event/S2_20210804/1518.tif,Post_event/S2_20210814/1518.tif,Annotations/1518.tif
1519,train,473,8.49,14993,1391,0,0,0.861,16243,0,141,0,8.49,14993,1391,0,0,0.861,16243,0,141,0,Pre_event/S1_ASC_20210805/1519.tif,Pre_event/S1_DESC_20210803/1519.tif,Post_event/S1_ASC_20210817/1519.tif,Post_event/S1_DESC_20210815/1519.tif,Pre_event/S2_20210804/1519.tif,Post_event/S2_20210814/1519.tif,Annotations/1519.tif
1520,train,104,0.549,16294,90,0,0,0.0,16384,0,0,0,0.549,16294,90,0,0,0.0,16384,0,0,0,Pre_event/S1_ASC_20210805/1520.tif,Pre_event/S1_DESC_20210803/1520.tif,Post_event/S1_ASC_20210817/1520.tif,Post_event/S1_DESC_20210815/1520.tif,Pre_event/S2_20210804/1520.tif,Post_event/S2_20210814/1520.tif,Annotations/1520.tif
1521,train,276,2.856,15916,468,0,0,0.507,16301,0,83,0,2.856,15916,468,0,0,0.507,16301,0,83,0,Pre_event/S1_ASC_20210805/1521.tif,Pre_event/S1_DESC_20210803/1521.tif,Post_event/S1_ASC_20210817/1521.tif,Post_event/S1_DESC_20210815/1521.tif,Pre_event/S2_20210804/1521.tif,Post_event/S2_20210814/1521.tif,Annotations/1521.tif
1522,val,185,2.942,15902,482,0,0,0.446,16311,0,73,0,2.942,15902,482,0,0,0.446,16311,0,73,0,Pre_event/S1_ASC_20210805/1522.tif,Pre_event/S1_DESC_20210803/1522.tif,Post_event/S1_ASC_20210817/1522.tif,Post_event/S1_DESC_20210815/1522.tif,Pre_event/S2_20210804/1522.tif,Post_event/S2_20210814/1522.tif,Annotations/1522.tif
1523,val,157,2.332,16002,382,0,0,0.415,16316,0,68,0,2.332,16002,382,0,0,0.415,16316,0,68,0,Pre_event/S1_ASC_20210805/1523.tif,Pre_event/S1_DESC_20210803/1523.tif,Post_event/S1_ASC_20210817/1523.tif,Post_event/S1_DESC_20210815/1523.tif,Pre_event/S2_20210804/1523.tif,Post_event/S2_20210814/1523.tif,Annotations/1523.tif
1524,train,171,0.208,16350,34,0,0,0.104,16367,17,0,0,0.208,16350,34,0,0,0.104,16367,17,0,0,Pre_event/S1_ASC_20210805/1524.tif,Pre_event/S1_DESC_20210803/1524.tif,Post_event/S1_ASC_20210817/1524.tif,Post_event/S1_DESC_20210815/1524.tif,Pre_event/S2_20210804/1524.tif,Post_event/S2_20210814/1524.tif,Annotations/1524.tif
1525,test,125,0.671,16274,110,0,0,0.0,16384,0,0,0,0.671,16274,110,0,0,0.0,16384,0,0,0,Pre_event/S1_ASC_20210805/1525.tif,Pre_event/S1_DESC_20210803/1525.tif,Post_event/S1_ASC_20210817/1525.tif,Post_event/S1_DESC_20210815/1525.tif,Pre_event/S2_20210804/1525.tif,Post_event/S2_20210814/1525.tif,Annotations/1525.tif
1526,test,301,1.66,16112,272,0,0,0.195,16352,0,32,0,1.66,16112,272,0,0,0.195,16352,0,32,0,Pre_event/S1_ASC_20210805/1526.tif,Pre_event/S1_DESC_20210803/1526.tif,Post_event/S1_ASC_20210817/1526.tif,Post_event/S1_DESC_20210815/1526.tif,Pre_event/S2_20210804/1526.tif,Post_event/S2_20210814/1526.tif,Annotations/1526.tif
1527,train,176,5.426,15495,889,0,0,0.262,16341,0,43,0,5.426,15495,889,0,0,0.262,16341,0,43,0,Pre_event/S1_ASC_20210805/1527.tif,Pre_event/S1_DESC_20210803/1527.tif,Post_event/S1_ASC_20210817/1527.tif,Post_event/S1_DESC_20210815/1527.tif,Pre_event/S2_20210804/1527.tif,Post_event/S2_20210814/1527.tif,Annotations/1527.tif
1528,train,229,3.302,15843,541,0,0,5.981,15404,907,73,0,3.302,15843,541,0,0,5.981,15404,907,73,0,Pre_event/S1_ASC_20210805/1528.tif,Pre_event/S1_DESC_20210803/1528.tif,Post_event/S1_ASC_20210817/1528.tif,Post_event/S1_DESC_20210815/1528.tif,Pre_event/S2_20210804/1528.tif,Post_event/S2_20210814/1528.tif,Annotations/1528.tif
1529,train,291,1.746,16098,286,0,0,3.473,15815,507,62,0,1.746,16098,286,0,0,3.473,15815,507,62,0,Pre_event/S1_ASC_20210805/1529.tif,Pre_event/S1_DESC_20210803/1529.tif,Post_event/S1_ASC_20210817/1529.tif,Post_event/S1_DESC_20210815/1529.tif,Pre_event/S2_20210804/1529.tif,Post_event/S2_20210814/1529.tif,Annotations/1529.tif
1530,train,207,2.582,15961,423,0,0,13.776,14127,2256,1,0,2.582,15961,423,0,0,13.776,14127,2256,1,0,Pre_event/S1_ASC_20210805/1530.tif,Pre_event/S1_DESC_20210803/1530.tif,Post_event/S1_ASC_20210817/1530.tif,Post_event/S1_DESC_20210815/1530.tif,Pre_event/S2_20210804/1530.tif,Post_event/S2_20210814/1530.tif,Annotations/1530.tif
1531,val,145,3.839,15755,629,0,0,21.857,12803,3567,14,0,3.839,15755,629,0,0,21.857,12803,3567,14,0,Pre_event/S1_ASC_20210805/1531.tif,Pre_event/S1_DESC_20210803/1531.tif,Post_event/S1_ASC_20210817/1531.tif,Post_event/S1_DESC_20210815/1531.tif,Pre_event/S2_20210804/1531.tif,Post_event/S2_20210814/1531.tif,Annotations/1531.tif
1532,train,476,1.093,16205,179,0,0,0.195,16352,0,32,0,1.093,16205,179,0,0,0.195,16352,0,32,0,Pre_event/S1_ASC_20210805/1532.tif,Pre_event/S1_DESC_20210803/1532.tif,Post_event/S1_ASC_20210817/1532.tif,Post_event/S1_DESC_20210815/1532.tif,Pre_event/S2_20210804/1532.tif,Post_event/S2_20210814/1532.tif,Annotations/1532.tif
1533,train,381,4.553,15638,746,0,0,0.262,16341,0,43,0,4.553,15638,746,0,0,0.262,16341,0,43,0,Pre_event/S1_ASC_20210805/1533.tif,Pre_event/S1_DESC_20210803/1533.tif,Post_event/S1_ASC_20210817/1533.tif,Post_event/S1_DESC_20210815/1533.tif,Pre_event/S2_20210804/1533.tif,Post_event/S2_20210814/1533.tif,Annotations/1533.tif
1534,train,143,9.271,14865,1519,0,0,4.126,15708,490,186,0,9.271,14865,1519,0,0,4.126,15708,490,186,0,Pre_event/S1_ASC_20210805/1534.tif,Pre_event/S1_DESC_20210803/1534.tif,Post_event/S1_ASC_20210817/1534.tif,Post_event/S1_DESC_20210815/1534.tif,Pre_event/S2_20210804/1534.tif,Post_event/S2_20210814/1534.tif,Annotations/1534.tif
1535,train,488,11.865,14440,1944,0,0,6.152,15376,953,55,0,11.865,14440,1944,0,0,6.152,15376,953,55,0,Pre_event/S1_ASC_20210805/1535.tif,Pre_event/S1_DESC_20210803/1535.tif,Post_event/S1_ASC_20210817/1535.tif,Post_event/S1_DESC_20210815/1535.tif,Pre_event/S2_20210804/1535.tif,Post_event/S2_20210814/1535.tif,Annotations/1535.tif
1536,train,459,20.746,12985,3399,0,0,11.737,14461,1814,109,0,20.746,12985,3399,0,0,11.737,14461,1814,109,0,Pre_event/S1_ASC_20210805/1536.tif,Pre_event/S1_DESC_20210803/1536.tif,Post_event/S1_ASC_20210817/1536.tif,Post_event/S1_DESC_20210815/1536.tif,Pre_event/S2_20210804/1536.tif,Post_event/S2_20210814/1536.tif,Annotations/1536.tif
1537,val,314,20.593,13010,3374,0,0,17.303,13549,2715,120,0,20.593,13010,3374,0,0,17.303,13549,2715,120,0,Pre_event/S1_ASC_20210805/1537.tif,Pre_event/S1_DESC_20210803/1537.tif,Post_event/S1_ASC_20210817/1537.tif,Post_event/S1_DESC_20210815/1537.tif,Pre_event/S2_20210804/1537.tif,Post_event/S2_20210814/1537.tif,Annotations/1537.tif
1538,test,464,18.732,13315,3064,5,0,16.687,13650,2679,55,0,18.732,13315,3064,5,0,16.687,13650,2679,55,0,Pre_event/S1_ASC_20210805/1538.tif,Pre_event/S1_DESC_20210803/1538.tif,Post_event/S1_ASC_20210817/1538.tif,Post_event/S1_DESC_20210815/1538.tif,Pre_event/S2_20210804/1538.tif,Post_event/S2_20210814/1538.tif,Annotations/1538.tif
1539,test,169,11.212,14547,1832,5,0,5.237,15526,825,33,0,11.212,14547,1832,5,0,5.237,15526,825,33,0,Pre_event/S1_ASC_20210805/1539.tif,Pre_event/S1_DESC_20210803/1539.tif,Post_event/S1_ASC_20210817/1539.tif,Post_event/S1_DESC_20210815/1539.tif,Pre_event/S2_20210804/1539.tif,Post_event/S2_20210814/1539.tif,Annotations/1539.tif
1540,train,439,0.781,16256,128,0,0,0.0,16384,0,0,0,0.781,16256,128,0,0,0.0,16384,0,0,0,Pre_event/S1_ASC_20210805/1540.tif,Pre_event/S1_DESC_20210803/1540.tif,Post_event/S1_ASC_20210817/1540.tif,Post_event/S1_DESC_20210815/1540.tif,Pre_event/S2_20210804/1540.tif,Post_event/S2_20210814/1540.tif,Annotations/1540.tif
1541,train,496,1.99,16058,326,0,0,0.012,16382,0,2,0,1.99,16058,326,0,0,0.012,16382,0,2,0,Pre_event/S1_ASC_20210805/1541.tif,Pre_event/S1_DESC_20210803/1541.tif,Post_event/S1_ASC_20210817/1541.tif,Post_event/S1_DESC_20210815/1541.tif,Pre_event/S2_20210804/1541.tif,Post_event/S2_20210814/1541.tif,Annotations/1541.tif
1542,train,132,12.854,14278,2081,17,8,8.673,14963,1231,172,18,12.854,14278,2081,17,8,8.673,14963,1231,172,18,Pre_event/S1_ASC_20210805/1542.tif,Pre_event/S1_DESC_20210803/1542.tif,Post_event/S1_ASC_20210817/1542.tif,Post_event/S1_DESC_20210815/1542.tif,Pre_event/S2_20210804/1542.tif,Post_event/S2_20210814/1542.tif,Annotations/1542.tif
1543,train,436,15.857,13786,2582,16,0,7.959,15080,1248,56,0,15.857,13786,2582,16,0,7.959,15080,1248,56,0,Pre_event/S1_ASC_20210805/1543.tif,Pre_event/S1_DESC_20210803/1543.tif,Post_event/S1_ASC_20210817/1543.tif,Post_event/S1_DESC_20210815/1543.tif,Pre_event/S2_20210804/1543.tif,Post_event/S2_20210814/1543.tif,Annotations/1543.tif
1544,val,389,31.366,11245,5139,0,0,8.972,14914,1367,103,0,31.366,11245,5139,0,0,8.972,14914,1367,103,0,Pre_event/S1_ASC_20210805/1544.tif,Pre_event/S1_DESC_20210803/1544.tif,Post_event/S1_ASC_20210817/1544.tif,Post_event/S1_DESC_20210815/1544.tif,Pre_event/S2_20210804/1544.tif,Post_event/S2_20210814/1544.tif,Annotations/1544.tif
1545,val,514,23.48,12537,3847,0,0,15.491,13846,2442,96,0,23.48,12537,3847,0,0,15.491,13846,2442,96,0,Pre_event/S1_ASC_20210805/1545.tif,Pre_event/S1_DESC_20210803/1545.tif,Post_event/S1_ASC_20210817/1545.tif,Post_event/S1_DESC_20210815/1545.tif,Pre_event/S2_20210804/1545.tif,Post_event/S2_20210814/1545.tif,Annotations/1545.tif
1546,train,588,14.185,14060,2324,0,0,7.343,15181,1164,39,0,14.185,14060,2324,0,0,7.343,15181,1164,39,0,Pre_event/S1_ASC_20210805/1546.tif,Pre_event/S1_DESC_20210803/1546.tif,Post_event/S1_ASC_20210817/1546.tif,Post_event/S1_DESC_20210815/1546.tif,Pre_event/S2_20210804/1546.tif,Post_event/S2_20210814/1546.tif,Annotations/1546.tif
1547,train,136,12.372,14357,2027,0,0,0.201,16351,0,33,0,12.372,14357,2027,0,0,0.201,16351,0,33,0,Pre_event/S1_ASC_20210805/1547.tif,Pre_event/S1_DESC_20210803/1547.tif,Post_event/S1_ASC_20210817/1547.tif,Post_event/S1_DESC_20210815/1547.tif,Pre_event/S2_20210804/1547.tif,Post_event/S2_20210814/1547.tif,Annotations/1547.tif
1548,train,178,0.0,16384,0,0,0,0.8,16253,131,0,0,0.0,16384,0,0,0,0.8,16253,131,0,0,Pre_event/S1_ASC_20210805/1548.tif,Pre_event/S1_DESC_20210803/1548.tif,Post_event/S1_ASC_20210817/1548.tif,Post_event/S1_DESC_20210815/1548.tif,Pre_event/S2_20210804/1548.tif,Post_event/S2_20210814/1548.tif,Annotations/1548.tif
1549,train,777,1.038,16214,170,0,0,1.434,16149,174,61,0,1.038,16214,170,0,0,1.434,16149,174,61,0,Pre_event/S1_ASC_20210805/1549.tif,Pre_event/S1_DESC_20210803/1549.tif,Post_event/S1_ASC_20210817/1549.tif,Post_event/S1_DESC_20210815/1549.tif,Pre_event/S2_20210804/1549.tif,Post_event/S2_20210814/1549.tif,Annotations/1549.tif
1550,test,747,1.294,16172,212,0,0,1.752,16097,220,67,0,1.294,16172,212,0,0,1.752,16097,220,67,0,Pre_event/S1_ASC_20210805/1550.tif,Pre_event/S1_DESC_20210803/1550.tif,Post_event/S1_ASC_20210817/1550.tif,Post_event/S1_DESC_20210815/1550.tif,Pre_event/S2_20210804/1550.tif,Post_event/S2_20210814/1550.tif,Annotations/1550.tif
1551,test,144,1.978,16060,324,0,0,0.085,16370,14,0,0,1.978,16060,324,0,0,0.085,16370,14,0,0,Pre_event/S1_ASC_20210805/1551.tif,Pre_event/S1_DESC_20210803/1551.tif,Post_event/S1_ASC_20210817/1551.tif,Post_event/S1_DESC_20210815/1551.tif,Pre_event/S2_20210804/1551.tif,Post_event/S2_20210814/1551.tif,Annotations/1551.tif
1552,train,107,2.234,16018,366,0,0,0.031,16379,5,0,0,2.234,16018,366,0,0,0.031,16379,5,0,0,Pre_event/S1_ASC_20210805/1552.tif,Pre_event/S1_DESC_20210803/1552.tif,Post_event/S1_ASC_20210817/1552.tif,Post_event/S1_DESC_20210815/1552.tif,Pre_event/S2_20210804/1552.tif,Post_event/S2_20210814/1552.tif,Annotations/1552.tif
1553,train,145,0.153,16359,25,0,0,0.195,16352,32,0,0,0.153,16359,25,0,0,0.195,16352,32,0,0,Pre_event/S1_ASC_20210805/1553.tif,Pre_event/S1_DESC_20210803/1553.tif,Post_event/S1_ASC_20210817/1553.tif,Post_event/S1_DESC_20210815/1553.tif,Pre_event/S2_20210804/1553.tif,Post_event/S2_20210814/1553.tif,Annotations/1553.tif
1554,train,512,1.361,16161,223,0,0,0.153,16359,0,25,0,1.361,16161,223,0,0,0.153,16359,0,25,0,Pre_event/S1_ASC_20210805/1554.tif,Pre_event/S1_DESC_20210803/1554.tif,Post_event/S1_ASC_20210817/1554.tif,Post_event/S1_DESC_20210815/1554.tif,Pre_event/S2_20210804/1554.tif,Post_event/S2_20210814/1554.tif,Annotations/1554.tif
1555,train,457,2.521,15971,413,0,0,0.165,16357,0,27,0,2.521,15971,413,0,0,0.165,16357,0,27,0,Pre_event/S1_ASC_20210805/1555.tif,Pre_event/S1_DESC_20210803/1555.tif,Post_event/S1_ASC_20210817/1555.tif,Post_event/S1_DESC_20210815/1555.tif,Pre_event/S2_20210804/1555.tif,Post_event/S2_20210814/1555.tif,Annotations/1555.tif
1556,test,171,23.761,12491,3884,1,8,13.019,14251,1889,226,18,23.761,12491,3884,1,8,13.019,14251,1889,226,18,Pre_event/S1_ASC_20210805/1556.tif,Pre_event/S1_DESC_20210803/1556.tif,Post_event/S1_ASC_20210817/1556.tif,Post_event/S1_DESC_20210815/1556.tif,Pre_event/S2_20210804/1556.tif,Post_event/S2_20210814/1556.tif,Annotations/1556.tif
1557,train,453,10.321,14693,1662,21,8,32.306,11091,5206,69,18,10.321,14693,1662,21,8,32.306,11091,5206,69,18,Pre_event/S1_ASC_20210805/1557.tif,Pre_event/S1_DESC_20210803/1557.tif,Post_event/S1_ASC_20210817/1557.tif,Post_event/S1_DESC_20210815/1557.tif,Pre_event/S2_20210804/1557.tif,Post_event/S2_20210814/1557.tif,Annotations/1557.tif
1558,val,383,8.502,14991,1369,24,0,31.464,11229,5132,23,0,8.502,14991,1369,24,0,31.464,11229,5132,23,0,Pre_event/S1_ASC_20210805/1558.tif,Pre_event/S1_DESC_20210803/1558.tif,Post_event/S1_ASC_20210817/1558.tif,Post_event/S1_DESC_20210815/1558.tif,Pre_event/S2_20210804/1558.tif,Post_event/S2_20210814/1558.tif,Annotations/1558.tif
1559,train,469,14.703,13975,2386,23,0,32.635,11037,5339,8,0,14.703,13975,2386,23,0,32.635,11037,5339,8,0,Pre_event/S1_ASC_20210805/1559.tif,Pre_event/S1_DESC_20210803/1559.tif,Post_event/S1_ASC_20210817/1559.tif,Post_event/S1_DESC_20210815/1559.tif,Pre_event/S2_20210804/1559.tif,Post_event/S2_20210814/1559.tif,Annotations/1559.tif
1560,train,687,9.613,14809,1556,19,0,25.403,12222,4126,36,0,9.613,14809,1556,19,0,25.403,12222,4126,36,0,Pre_event/S1_ASC_20210805/1560.tif,Pre_event/S1_DESC_20210803/1560.tif,Post_event/S1_ASC_20210817/1560.tif,Post_event/S1_DESC_20210815/1560.tif,Pre_event/S2_20210804/1560.tif,Post_event/S2_20210814/1560.tif,Annotations/1560.tif
1561,train,331,7.91,15088,1296,0,0,3.754,15769,585,30,0,7.91,15088,1296,0,0,3.754,15769,585,30,0,Pre_event/S1_ASC_20210805/1561.tif,Pre_event/S1_DESC_20210803/1561.tif,Post_event/S1_ASC_20210817/1561.tif,Post_event/S1_DESC_20210815/1561.tif,Pre_event/S2_20210804/1561.tif,Post_event/S2_20210814/1561.tif,Annotations/1561.tif
1562,train,155,17.291,13551,2833,0,0,0.885,16239,59,86,0,17.291,13551,2833,0,0,0.885,16239,59,86,0,Pre_event/S1_ASC_20210805/1562.tif,Pre_event/S1_DESC_20210803/1562.tif,Post_event/S1_ASC_20210817/1562.tif,Post_event/S1_DESC_20210815/1562.tif,Pre_event/S2_20210804/1562.tif,Post_event/S2_20210814/1562.tif,Annotations/1562.tif
1563,test,143,23.114,12597,3787,0,0,5.231,15527,771,86,0,23.114,12597,3787,0,0,5.231,15527,771,86,0,Pre_event/S1_ASC_20210805/1563.tif,Pre_event/S1_DESC_20210803/1563.tif,Post_event/S1_ASC_20210817/1563.tif,Post_event/S1_DESC_20210815/1563.tif,Pre_event/S2_20210804/1563.tif,Post_event/S2_20210814/1563.tif,Annotations/1563.tif
1564,val,166,0.171,16356,28,0,0,8.24,15034,1350,0,0,0.171,16356,28,0,0,8.24,15034,1350,0,0,Pre_event/S1_ASC_20210805/1564.tif,Pre_event/S1_DESC_20210803/1564.tif,Post_event/S1_ASC_20210817/1564.tif,Post_event/S1_DESC_20210815/1564.tif,Pre_event/S2_20210804/1564.tif,Post_event/S2_20210814/1564.tif,Annotations/1564.tif
1565,train,151,0.488,16304,80,0,0,8.252,15032,1346,6,0,0.488,16304,80,0,0,8.252,15032,1346,6,0,Pre_event/S1_ASC_20210805/1565.tif,Pre_event/S1_DESC_20210803/1565.tif,Post_event/S1_ASC_20210817/1565.tif,Post_event/S1_DESC_20210815/1565.tif,Pre_event/S2_20210804/1565.tif,Post_event/S2_20210814/1565.tif,Annotations/1565.tif
1566,train,106,2.649,15950,434,0,0,1.227,16183,201,0,0,2.649,15950,434,0,0,1.227,16183,201,0,0,Pre_event/S1_ASC_20210805/1566.tif,Pre_event/S1_DESC_20210803/1566.tif,Post_event/S1_ASC_20210817/1566.tif,Post_event/S1_DESC_20210815/1566.tif,Pre_event/S2_20210804/1566.tif,Post_event/S2_20210814/1566.tif,Annotations/1566.tif
1567,train,885,3.925,15741,643,0,0,2.49,15976,402,6,0,3.925,15741,643,0,0,2.49,15976,402,6,0,Pre_event/S1_ASC_20210805/1567.tif,Pre_event/S1_DESC_20210803/1567.tif,Post_event/S1_ASC_20210817/1567.tif,Post_event/S1_DESC_20210815/1567.tif,Pre_event/S2_20210804/1567.tif,Post_event/S2_20210814/1567.tif,Annotations/1567.tif
1568,train,870,5.463,15489,895,0,0,2.832,15920,451,13,0,5.463,15489,895,0,0,2.832,15920,451,13,0,Pre_event/S1_ASC_20210805/1568.tif,Pre_event/S1_DESC_20210803/1568.tif,Post_event/S1_ASC_20210817/1568.tif,Post_event/S1_DESC_20210815/1568.tif,Pre_event/S2_20210804/1568.tif,Post_event/S2_20210814/1568.tif,Annotations/1568.tif
1569,train,119,3.571,15799,585,0,0,1.129,16199,178,7,0,3.571,15799,585,0,0,1.129,16199,178,7,0,Pre_event/S1_ASC_20210805/1569.tif,Pre_event/S1_DESC_20210803/1569.tif,Post_event/S1_ASC_20210817/1569.tif,Post_event/S1_DESC_20210815/1569.tif,Pre_event/S2_20210804/1569.tif,Post_event/S2_20210814/1569.tif,Annotations/1569.tif
1570,train,150,1.331,16166,218,0,0,0.116,16365,19,0,0,1.331,16166,218,0,0,0.116,16365,19,0,0,Pre_event/S1_ASC_20210805/1570.tif,Pre_event/S1_DESC_20210803/1570.tif,Post_event/S1_ASC_20210817/1570.tif,Post_event/S1_DESC_20210815/1570.tif,Pre_event/S2_20210804/1570.tif,Post_event/S2_20210814/1570.tif,Annotations/1570.tif
1571,train,113,2.332,16002,382,0,0,0.0,16384,0,0,0,2.332,16002,382,0,0,0.0,16384,0,0,0,Pre_event/S1_ASC_20210805/1571.tif,Pre_event/S1_DESC_20210803/1571.tif,Post_event/S1_ASC_20210817/1571.tif,Post_event/S1_DESC_20210815/1571.tif,Pre_event/S2_20210804/1571.tif,Post_event/S2_20210814/1571.tif,Annotations/1571.tif
1572,train,127,0.262,16341,43,0,0,0.421,16315,69,0,0,0.262,16341,43,0,0,0.421,16315,69,0,0,Pre_event/S1_ASC_20210805/1572.tif,Pre_event/S1_DESC_20210803/1572.tif,Post_event/S1_ASC_20210817/1572.tif,Post_event/S1_DESC_20210815/1572.tif,Pre_event/S2_20210804/1572.tif,Post_event/S2_20210814/1572.tif,Annotations/1572.tif
1573,val,204,0.153,16359,25,0,0,0.25,16343,41,0,0,0.153,16359,25,0,0,0.25,16343,41,0,0,Pre_event/S1_ASC_20210805/1573.tif,Pre_event/S1_DESC_20210803/1573.tif,Post_event/S1_ASC_20210817/1573.tif,Post_event/S1_DESC_20210815/1573.tif,Pre_event/S2_20210804/1573.tif,Post_event/S2_20210814/1573.tif,Annotations/1573.tif
1574,train,331,1.172,16192,192,0,0,0.153,16359,0,25,0,1.172,16192,192,0,0,0.153,16359,0,25,0,Pre_event/S1_ASC_20210805/1574.tif,Pre_event/S1_DESC_20210803/1574.tif,Post_event/S1_ASC_20210817/1574.tif,Post_event/S1_DESC_20210815/1574.tif,Pre_event/S2_20210804/1574.tif,Post_event/S2_20210814/1574.tif,Annotations/1574.tif
1575,train,187,1.294,16172,212,0,0,0.177,16355,0,29,0,1.294,16172,212,0,0,0.177,16355,0,29,0,Pre_event/S1_ASC_20210805/1575.tif,Pre_event/S1_DESC_20210803/1575.tif,Post_event/S1_ASC_20210817/1575.tif,Post_event/S1_DESC_20210815/1575.tif,Pre_event/S2_20210804/1575.tif,Post_event/S2_20210814/1575.tif,Annotations/1575.tif
1576,train,172,8.356,15015,1369,0,0,0.745,16262,17,100,5,8.356,15015,1369,0,0,0.745,16262,17,100,5,Pre_event/S1_ASC_20210805/1576.tif,Pre_event/S1_DESC_20210803/1576.tif,Post_event/S1_ASC_20210817/1576.tif,Post_event/S1_DESC_20210815/1576.tif,Pre_event/S2_20210804/1576.tif,Post_event/S2_20210814/1576.tif,Annotations/1576.tif
1577,test,462,17.737,13478,2906,0,0,12.463,14342,1831,208,3,17.737,13478,2906,0,0,12.463,14342,1831,208,3,Pre_event/S1_ASC_20210805/1577.tif,Pre_event/S1_DESC_20210803/1577.tif,Post_event/S1_ASC_20210817/1577.tif,Post_event/S1_DESC_20210815/1577.tif,Pre_event/S2_20210804/1577.tif,Post_event/S2_20210814/1577.tif,Annotations/1577.tif
1578,train,511,25.275,12243,4137,4,0,27.02,11957,4070,354,3,25.275,12243,4137,4,0,27.02,11957,4070,354,3,Pre_event/S1_ASC_20210805/1578.tif,Pre_event/S1_DESC_20210803/1578.tif,Post_event/S1_ASC_20210817/1578.tif,Post_event/S1_DESC_20210815/1578.tif,Pre_event/S2_20210804/1578.tif,Post_event/S2_20210814/1578.tif,Annotations/1578.tif
1579,train,345,20.172,13079,3297,8,0,29.315,11581,4600,203,0,20.172,13079,3297,8,0,29.315,11581,4600,203,0,Pre_event/S1_ASC_20210805/1579.tif,Pre_event/S1_DESC_20210803/1579.tif,Post_event/S1_ASC_20210817/1579.tif,Post_event/S1_DESC_20210815/1579.tif,Pre_event/S2_20210804/1579.tif,Post_event/S2_20210814/1579.tif,Annotations/1579.tif
1580,train,685,13.733,14134,2227,23,0,31.281,11259,5023,102,0,13.733,14134,2227,23,0,31.281,11259,5023,102,0,Pre_event/S1_ASC_20210805/1580.tif,Pre_event/S1_DESC_20210803/1580.tif,Post_event/S1_ASC_20210817/1580.tif,Post_event/S1_DESC_20210815/1580.tif,Pre_event/S2_20210804/1580.tif,Post_event/S2_20210814/1580.tif,Annotations/1580.tif
1581,train,720,7.611,15137,1228,19,0,16.956,13606,2709,69,0,7.611,15137,1228,19,0,16.956,13606,2709,69,0,Pre_event/S1_ASC_20210805/1581.tif,Pre_event/S1_DESC_20210803/1581.tif,Post_event/S1_ASC_20210817/1581.tif,Post_event/S1_DESC_20210815/1581.tif,Pre_event/S2_20210804/1581.tif,Post_event/S2_20210814/1581.tif,Annotations/1581.tif
1582,val,171,7.928,15085,1299,0,0,0.378,16322,30,32,0,7.928,15085,1299,0,0,0.378,16322,30,32,0,Pre_event/S1_ASC_20210805/1582.tif,Pre_event/S1_DESC_20210803/1582.tif,Post_event/S1_ASC_20210817/1582.tif,Post_event/S1_DESC_20210815/1582.tif,Pre_event/S2_20210804/1582.tif,Post_event/S2_20210814/1582.tif,Annotations/1582.tif
1583,val,243,16.272,13718,2666,0,0,7.788,15108,1182,94,0,16.272,13718,2666,0,0,7.788,15108,1182,94,0,Pre_event/S1_ASC_20210805/1583.tif,Pre_event/S1_DESC_20210803/1583.tif,Post_event/S1_ASC_20210817/1583.tif,Post_event/S1_DESC_20210815/1583.tif,Pre_event/S2_20210804/1583.tif,Post_event/S2_20210814/1583.tif,Annotations/1583.tif
1584,train,239,25.305,12238,4146,0,0,18.524,13349,2928,107,0,25.305,12238,4146,0,0,18.524,13349,2928,107,0,Pre_event/S1_ASC_20210805/1584.tif,Pre_event/S1_DESC_20210803/1584.tif,Post_event/S1_ASC_20210817/1584.tif,Post_event/S1_DESC_20210815/1584.tif,Pre_event/S2_20210804/1584.tif,Post_event/S2_20210814/1584.tif,Annotations/1584.tif
1585,train,146,1.935,16067,317,0,0,8.35,15016,1353,15,0,1.935,16067,317,0,0,8.35,15016,1353,15,0,Pre_event/S1_ASC_20210805/1585.tif,Pre_event/S1_DESC_20210803/1585.tif,Post_event/S1_ASC_20210817/1585.tif,Post_event/S1_DESC_20210815/1585.tif,Pre_event/S2_20210804/1585.tif,Post_event/S2_20210814/1585.tif,Annotations/1585.tif
1586,train,146,2.1,16040,344,0,0,8.325,15020,1349,15,0,2.1,16040,344,0,0,8.325,15020,1349,15,0,Pre_event/S1_ASC_20210805/1586.tif,Pre_event/S1_DESC_20210803/1586.tif,Post_event/S1_ASC_20210817/1586.tif,Post_event/S1_DESC_20210815/1586.tif,Pre_event/S2_20210804/1586.tif,Post_event/S2_20210814/1586.tif,Annotations/1586.tif
1587,test,168,5.029,15560,824,0,0,2.008,16055,279,50,0,5.029,15560,824,0,0,2.008,16055,279,50,0,Pre_event/S1_ASC_20210805/1587.tif,Pre_event/S1_DESC_20210803/1587.tif,Post_event/S1_ASC_20210817/1587.tif,Post_event/S1_DESC_20210815/1587.tif,Pre_event/S2_20210804/1587.tif,Post_event/S2_20210814/1587.tif,Annotations/1587.tif
1588,test,183,7.336,15182,1202,0,0,2.069,16045,282,57,0,7.336,15182,1202,0,0,2.069,16045,282,57,0,Pre_event/S1_ASC_20210805/1588.tif,Pre_event/S1_DESC_20210803/1588.tif,Post_event/S1_ASC_20210817/1588.tif,Post_event/S1_DESC_20210815/1588.tif,Pre_event/S2_20210804/1588.tif,Post_event/S2_20210814/1588.tif,Annotations/1588.tif
1589,test,183,0.848,16245,139,0,0,0.0,16384,0,0,0,0.848,16245,139,0,0,0.0,16384,0,0,0,Pre_event/S1_ASC_20210805/1589.tif,Pre_event/S1_DESC_20210803/1589.tif,Post_event/S1_ASC_20210817/1589.tif,Post_event/S1_DESC_20210815/1589.tif,Pre_event/S2_20210804/1589.tif,Post_event/S2_20210814/1589.tif,Annotations/1589.tif
1590,val,109,0.0,16384,0,0,0,0.061,16374,10,0,0,0.0,16384,0,0,0,0.061,16374,10,0,0,Pre_event/S1_ASC_20210805/1590.tif,Pre_event/S1_DESC_20210803/1590.tif,Post_event/S1_ASC_20210817/1590.tif,Post_event/S1_DESC_20210815/1590.tif,Pre_event/S2_20210804/1590.tif,Post_event/S2_20210814/1590.tif,Annotations/1590.tif
1591,train,169,0.0,16384,0,0,0,0.116,16365,19,0,0,0.0,16384,0,0,0,0.116,16365,19,0,0,Pre_event/S1_ASC_20210805/1591.tif,Pre_event/S1_DESC_20210803/1591.tif,Post_event/S1_ASC_20210817/1591.tif,Post_event/S1_DESC_20210815/1591.tif,Pre_event/S2_20210804/1591.tif,Post_event/S2_20210814/1591.tif,Annotations/1591.tif
1592,train,210,7.019,15234,1150,0,0,1.288,16173,93,113,5,7.019,15234,1150,0,0,1.288,16173,93,113,5,Pre_event/S1_ASC_20210805/1592.tif,Pre_event/S1_DESC_20210803/1592.tif,Post_event/S1_ASC_20210817/1592.tif,Post_event/S1_DESC_20210815/1592.tif,Pre_event/S2_20210804/1592.tif,Post_event/S2_20210814/1592.tif,Annotations/1592.tif
1593,test,291,16.705,13647,2737,0,0,2.368,15996,106,279,3,16.705,13647,2737,0,0,2.368,15996,106,279,3,Pre_event/S1_ASC_20210805/1593.tif,Pre_event/S1_DESC_20210803/1593.tif,Post_event/S1_ASC_20210817/1593.tif,Post_event/S1_DESC_20210815/1593.tif,Pre_event/S2_20210804/1593.tif,Post_event/S2_20210814/1593.tif,Annotations/1593.tif
1594,test,167,31.927,11153,5231,0,0,3.467,15816,95,470,3,31.927,11153,5231,0,0,3.467,15816,95,470,3,Pre_event/S1_ASC_20210805/1594.tif,Pre_event/S1_DESC_20210803/1594.tif,Post_event/S1_ASC_20210817/1594.tif,Post_event/S1_DESC_20210815/1594.tif,Pre_event/S2_20210804/1594.tif,Post_event/S2_20210814/1594.tif,Annotations/1594.tif
1595,test,269,14.233,14052,2332,0,0,4.932,15576,706,102,0,14.233,14052,2332,0,0,4.932,15576,706,102,0,Pre_event/S1_ASC_20210805/1595.tif,Pre_event/S1_DESC_20210803/1595.tif,Post_event/S1_ASC_20210817/1595.tif,Post_event/S1_DESC_20210815/1595.tif,Pre_event/S2_20210804/1595.tif,Post_event/S2_20210814/1595.tif,Annotations/1595.tif
1596,test,246,6.14,15378,1006,0,0,0.751,16261,78,45,0,6.14,15378,1006,0,0,0.751,16261,78,45,0,Pre_event/S1_ASC_20210805/1596.tif,Pre_event/S1_DESC_20210803/1596.tif,Post_event/S1_ASC_20210817/1596.tif,Post_event/S1_DESC_20210815/1596.tif,Pre_event/S2_20210804/1596.tif,Post_event/S2_20210814/1596.tif,Annotations/1596.tif
1597,val,490,9.692,14796,1588,0,0,7.123,15217,1123,44,0,9.692,14796,1588,0,0,7.123,15217,1123,44,0,Pre_event/S1_ASC_20210805/1597.tif,Pre_event/S1_DESC_20210803/1597.tif,Post_event/S1_ASC_20210817/1597.tif,Post_event/S1_DESC_20210815/1597.tif,Pre_event/S2_20210804/1597.tif,Post_event/S2_20210814/1597.tif,Annotations/1597.tif
1598,val,689,25.256,12246,4138,0,0,13.867,14112,2159,113,0,25.256,12246,4138,0,0,13.867,14112,2159,113,0,Pre_event/S1_ASC_20210805/1598.tif,Pre_event/S1_DESC_20210803/1598.tif,Post_event/S1_ASC_20210817/1598.tif,Post_event/S1_DESC_20210815/1598.tif,Pre_event/S2_20210804/1598.tif,Post_event/S2_20210814/1598.tif,Annotations/1598.tif
1599,test,200,21.301,12894,3490,0,0,6.885,15256,1036,92,0,21.301,12894,3490,0,0,6.885,15256,1036,92,0,Pre_event/S1_ASC_20210805/1599.tif,Pre_event/S1_DESC_20210803/1599.tif,Post_event/S1_ASC_20210817/1599.tif,Post_event/S1_DESC_20210815/1599.tif,Pre_event/S2_20210804/1599.tif,Post_event/S2_20210814/1599.tif,Annotations/1599.tif
1600,test,260,0.977,16224,160,0,0,0.0,16384,0,0,0,0.977,16224,160,0,0,0.0,16384,0,0,0,Pre_event/S1_ASC_20210805/1600.tif,Pre_event/S1_DESC_20210803/1600.tif,Post_event/S1_ASC_20210817/1600.tif,Post_event/S1_DESC_20210815/1600.tif,Pre_event/S2_20210804/1600.tif,Post_event/S2_20210814/1600.tif,Annotations/1600.tif
1601,train,183,0.812,16251,133,0,0,0.0,16384,0,0,0,0.812,16251,133,0,0,0.0,16384,0,0,0,Pre_event/S1_ASC_20210805/1601.tif,Pre_event/S1_DESC_20210803/1601.tif,Post_event/S1_ASC_20210817/1601.tif,Post_event/S1_DESC_20210815/1601.tif,Pre_event/S2_20210804/1601.tif,Post_event/S2_20210814/1601.tif,Annotations/1601.tif
1602,train,493,9.998,14746,1638,0,0,0.269,16340,0,44,0,9.998,14746,1638,0,0,0.269,16340,0,44,0,Pre_event/S1_ASC_20210805/1602.tif,Pre_event/S1_DESC_20210803/1602.tif,Post_event/S1_ASC_20210817/1602.tif,Post_event/S1_DESC_20210815/1602.tif,Pre_event/S2_20210804/1602.tif,Post_event/S2_20210814/1602.tif,Annotations/1602.tif
1603,val,609,20.227,13070,3314,0,0,0.61,16284,0,100,0,20.227,13070,3314,0,0,0.61,16284,0,100,0,Pre_event/S1_ASC_20210805/1603.tif,Pre_event/S1_DESC_20210803/1603.tif,Post_event/S1_ASC_20210817/1603.tif,Post_event/S1_DESC_20210815/1603.tif,Pre_event/S2_20210804/1603.tif,Post_event/S2_20210814/1603.tif,Annotations/1603.tif
1604,val,480,11.523,14496,1888,0,0,0.421,16315,13,56,0,11.523,14496,1888,0,0,0.421,16315,13,56,0,Pre_event/S1_ASC_20210805/1604.tif,Pre_event/S1_DESC_20210803/1604.tif,Post_event/S1_ASC_20210817/1604.tif,Post_event/S1_DESC_20210815/1604.tif,Pre_event/S2_20210804/1604.tif,Post_event/S2_20210814/1604.tif,Annotations/1604.tif
1605,train,289,1.294,16172,212,0,0,0.079,16371,13,0,0,1.294,16172,212,0,0,0.079,16371,13,0,0,Pre_event/S1_ASC_20210805/1605.tif,Pre_event/S1_DESC_20210803/1605.tif,Post_event/S1_ASC_20210817/1605.tif,Post_event/S1_DESC_20210815/1605.tif,Pre_event/S2_20210804/1605.tif,Post_event/S2_20210814/1605.tif,Annotations/1605.tif
1606,train,131,0.336,16329,55,0,0,0.0,16384,0,0,0,0.336,16329,55,0,0,0.0,16384,0,0,0,Pre_event/S1_ASC_20210805/1606.tif,Pre_event/S1_DESC_20210803/1606.tif,Post_event/S1_ASC_20210817/1606.tif,Post_event/S1_DESC_20210815/1606.tif,Pre_event/S2_20210804/1606.tif,Post_event/S2_20210814/1606.tif,Annotations/1606.tif
1607,train,126,0.311,16333,51,0,0,0.0,16384,0,0,0,0.311,16333,51,0,0,0.0,16384,0,0,0,Pre_event/S1_ASC_20210805/1607.tif,Pre_event/S1_DESC_20210803/1607.tif,Post_event/S1_ASC_20210817/1607.tif,Post_event/S1_DESC_20210815/1607.tif,Pre_event/S2_20210804/1607.tif,Post_event/S2_20210814/1607.tif,Annotations/1607.tif
1608,train,103,0.0,16384,0,0,0,0.0,16384,0,0,0,0.0,16384,0,0,0,0.0,16384,0,0,0,Pre_event/S1_ASC_20210805/1608.tif,Pre_event/S1_DESC_20210803/1608.tif,Post_event/S1_ASC_20210817/1608.tif,Post_event/S1_DESC_20210815/1608.tif,Pre_event/S2_20210804/1608.tif,Post_event/S2_20210814/1608.tif,Annotations/1608.tif
1609,train,103,0.458,16309,75,0,0,0.0,16384,0,0,0,0.458,16309,75,0,0,0.0,16384,0,0,0,Pre_event/S1_ASC_20210805/1609.tif,Pre_event/S1_DESC_20210803/1609.tif,Post_event/S1_ASC_20210817/1609.tif,Post_event/S1_DESC_20210815/1609.tif,Pre_event/S2_20210804/1609.tif,Post_event/S2_20210814/1609.tif,Annotations/1609.tif
1610,train,97,12.665,14309,2075,0,0,5.188,15534,737,113,0,12.665,14309,2075,0,0,5.188,15534,737,113,0,Pre_event/S1_ASC_20210805/1610.tif,Pre_event/S1_DESC_20210803/1610.tif,Post_event/S1_ASC_20210817/1610.tif,Post_event/S1_DESC_20210815/1610.tif,Pre_event/S2_20210804/1610.tif,Post_event/S2_20210814/1610.tif,Annotations/1610.tif
1611,train,111,13.245,14214,2170,0,0,9.344,14853,1411,120,0,13.245,14214,2170,0,0,9.344,14853,1411,120,0,Pre_event/S1_ASC_20210805/1611.tif,Pre_event/S1_DESC_20210803/1611.tif,Post_event/S1_ASC_20210817/1611.tif,Post_event/S1_DESC_20210815/1611.tif,Pre_event/S2_20210804/1611.tif,Post_event/S2_20210814/1611.tif,Annotations/1611.tif
1612,train,313,2.142,16033,351,0,0,4.126,15708,676,0,0,2.142,16033,351,0,0,4.126,15708,676,0,0,Pre_event/S1_ASC_20210805/1612.tif,Pre_event/S1_DESC_20210803/1612.tif,Post_event/S1_ASC_20210817/1612.tif,Post_event/S1_DESC_20210815/1612.tif,Pre_event/S2_20210804/1612.tif,Post_event/S2_20210814/1612.tif,Annotations/1612.tif
1613,train,313,1.343,16164,220,0,0,3.51,15809,575,0,0,1.343,16164,220,0,0,3.51,15809,575,0,0,Pre_event/S1_ASC_20210805/1613.tif,Pre_event/S1_DESC_20210803/1613.tif,Post_event/S1_ASC_20210817/1613.tif,Post_event/S1_DESC_20210815/1613.tif,Pre_event/S2_20210804/1613.tif,Post_event/S2_20210814/1613.tif,Annotations/1613.tif
1614,val,120,0.092,16369,15,0,0,0.0,16384,0,0,0,0.092,16369,15,0,0,0.0,16384,0,0,0,Pre_event/S1_ASC_20210805/1614.tif,Pre_event/S1_DESC_20210803/1614.tif,Post_event/S1_ASC_20210817/1614.tif,Post_event/S1_DESC_20210815/1614.tif,Pre_event/S2_20210804/1614.tif,Post_event/S2_20210814/1614.tif,Annotations/1614.tif
1615,train,118,1.233,16182,202,0,0,0.0,16384,0,0,0,1.233,16182,202,0,0,0.0,16384,0,0,0,Pre_event/S1_ASC_20210805/1615.tif,Pre_event/S1_DESC_20210803/1615.tif,Post_event/S1_ASC_20210817/1615.tif,Post_event/S1_DESC_20210815/1615.tif,Pre_event/S2_20210804/1615.tif,Post_event/S2_20210814/1615.tif,Annotations/1615.tif
1616,train,332,8.441,15001,1383,0,0,12.903,14270,1987,127,0,8.441,15001,1383,0,0,12.903,14270,1987,127,0,Pre_event/S1_ASC_20210805/1616.tif,Pre_event/S1_DESC_20210803/1616.tif,Post_event/S1_ASC_20210817/1616.tif,Post_event/S1_DESC_20210815/1616.tif,Pre_event/S2_20210804/1616.tif,Post_event/S2_20210814/1616.tif,Annotations/1616.tif
1617,train,318,9.29,14862,1522,0,0,15.186,13896,2383,105,0,9.29,14862,1522,0,0,15.186,13896,2383,105,0,Pre_event/S1_ASC_20210805/1617.tif,Pre_event/S1_DESC_20210803/1617.tif,Post_event/S1_ASC_20210817/1617.tif,Post_event/S1_DESC_20210815/1617.tif,Pre_event/S2_20210804/1617.tif,Post_event/S2_20210814/1617.tif,Annotations/1617.tif
1618,test,248,4.504,15646,720,10,8,10.309,14695,1634,55,0,4.504,15646,720,10,8,10.309,14695,1634,55,0,Pre_event/S1_ASC_20210805/1618.tif,Pre_event/S1_DESC_20210803/1618.tif,Post_event/S1_ASC_20210817/1618.tif,Post_event/S1_DESC_20210815/1618.tif,Pre_event/S2_20210804/1618.tif,Post_event/S2_20210814/1618.tif,Annotations/1618.tif
1619,train,751,2.313,16005,350,21,8,20.764,12982,3369,33,0,2.313,16005,350,21,8,20.764,12982,3369,33,0,Pre_event/S1_ASC_20210805/1619.tif,Pre_event/S1_DESC_20210803/1619.tif,Post_event/S1_ASC_20210817/1619.tif,Post_event/S1_DESC_20210815/1619.tif,Pre_event/S2_20210804/1619.tif,Post_event/S2_20210814/1619.tif,Annotations/1619.tif
1620,train,539,3.064,15882,491,11,0,18.616,13334,2969,81,0,3.064,15882,491,11,0,18.616,13334,2969,81,0,Pre_event/S1_ASC_20210805/1620.tif,Pre_event/S1_DESC_20210803/1620.tif,Post_event/S1_ASC_20210817/1620.tif,Post_event/S1_DESC_20210815/1620.tif,Pre_event/S2_20210804/1620.tif,Post_event/S2_20210814/1620.tif,Annotations/1620.tif
1621,train,520,2.844,15918,441,17,8,17.139,13576,2775,33,0,2.844,15918,441,17,8,17.139,13576,2775,33,0,Pre_event/S1_ASC_20210805/1621.tif,Pre_event/S1_DESC_20210803/1621.tif,Post_event/S1_ASC_20210817/1621.tif,Post_event/S1_DESC_20210815/1621.tif,Pre_event/S2_20210804/1621.tif,Post_event/S2_20210814/1621.tif,Annotations/1621.tif
1622,train,836,3.235,15854,494,28,8,19.33,13217,3045,122,0,3.235,15854,494,28,8,19.33,13217,3045,122,0,Pre_event/S1_ASC_20210805/1622.tif,Pre_event/S1_DESC_20210803/1622.tif,Post_event/S1_ASC_20210817/1622.tif,Post_event/S1_DESC_20210815/1622.tif,Pre_event/S2_20210804/1622.tif,Post_event/S2_20210814/1622.tif,Annotations/1622.tif
1623,val,502,3.668,15783,590,11,0,4.993,15566,693,125,0,3.668,15783,590,11,0,4.993,15566,693,125,0,Pre_event/S1_ASC_20210805/1623.tif,Pre_event/S1_DESC_20210803/1623.tif,Post_event/S1_ASC_20210817/1623.tif,Post_event/S1_DESC_20210815/1623.tif,Pre_event/S2_20210804/1623.tif,Post_event/S2_20210814/1623.tif,Annotations/1623.tif
1624,train,135,2.496,15975,409,0,0,1.721,16102,271,11,0,2.496,15975,409,0,0,1.721,16102,271,11,0,Pre_event/S1_ASC_20210805/1624.tif,Pre_event/S1_DESC_20210803/1624.tif,Post_event/S1_ASC_20210817/1624.tif,Post_event/S1_DESC_20210815/1624.tif,Pre_event/S2_20210804/1624.tif,Post_event/S2_20210814/1624.tif,Annotations/1624.tif
1625,test,158,4.346,15672,670,42,0,17.657,13491,2858,35,0,4.346,15672,670,42,0,17.657,13491,2858,35,0,Pre_event/S1_ASC_20210805/1625.tif,Pre_event/S1_DESC_20210803/1625.tif,Post_event/S1_ASC_20210817/1625.tif,Post_event/S1_DESC_20210815/1625.tif,Pre_event/S2_20210804/1625.tif,Post_event/S2_20210814/1625.tif,Annotations/1625.tif
1626,train,180,5.603,15466,872,46,0,20.239,13068,3191,125,0,5.603,15466,872,46,0,20.239,13068,3191,125,0,Pre_event/S1_ASC_20210805/1626.tif,Pre_event/S1_DESC_20210803/1626.tif,Post_event/S1_ASC_20210817/1626.tif,Post_event/S1_DESC_20210815/1626.tif,Pre_event/S2_20210804/1626.tif,Post_event/S2_20210814/1626.tif,Annotations/1626.tif
1627,train,106,0.0,16384,0,0,0,0.0,16384,0,0,0,0.0,16384,0,0,0,0.0,16384,0,0,0,Pre_event/S1_ASC_20210805/1627.tif,Pre_event/S1_DESC_20210803/1627.tif,Post_event/S1_ASC_20210817/1627.tif,Post_event/S1_DESC_20210815/1627.tif,Pre_event/S2_20210804/1627.tif,Post_event/S2_20210814/1627.tif,Annotations/1627.tif
1628,val,305,2.533,15969,408,7,0,12.231,14380,1958,46,0,2.533,15969,408,7,0,12.231,14380,1958,46,0,Pre_event/S1_ASC_20210805/1628.tif,Pre_event/S1_DESC_20210803/1628.tif,Post_event/S1_ASC_20210817/1628.tif,Post_event/S1_DESC_20210815/1628.tif,Pre_event/S2_20210804/1628.tif,Post_event/S2_20210814/1628.tif,Annotations/1628.tif
1629,train,427,12.207,14384,1928,30,42,14.178,14061,2062,261,0,12.207,14384,1928,30,42,14.178,14061,2062,261,0,Pre_event/S1_ASC_20210805/1629.tif,Pre_event/S1_DESC_20210803/1629.tif,Post_event/S1_ASC_20210817/1629.tif,Post_event/S1_DESC_20210815/1629.tif,Pre_event/S2_20210804/1629.tif,Post_event/S2_20210814/1629.tif,Annotations/1629.tif
1630,train,275,11.499,14500,1819,23,42,4.755,15605,549,230,0,11.499,14500,1819,23,42,4.755,15605,549,230,0,Pre_event/S1_ASC_20210805/1630.tif,Pre_event/S1_DESC_20210803/1630.tif,Post_event/S1_ASC_20210817/1630.tif,Post_event/S1_DESC_20210815/1630.tif,Pre_event/S2_20210804/1630.tif,Post_event/S2_20210814/1630.tif,Annotations/1630.tif
1631,test,124,8.069,15062,1322,0,0,3.333,15838,470,76,0,8.069,15062,1322,0,0,3.333,15838,470,76,0,Pre_event/S1_ASC_20210805/1631.tif,Pre_event/S1_DESC_20210803/1631.tif,Post_event/S1_ASC_20210817/1631.tif,Post_event/S1_DESC_20210815/1631.tif,Pre_event/S2_20210804/1631.tif,Post_event/S2_20210814/1631.tif,Annotations/1631.tif
1632,train,440,8.99,14911,1247,226,0,19.659,13163,3176,45,0,8.99,14911,1247,226,0,19.659,13163,3176,45,0,Pre_event/S1_ASC_20210805/1632.tif,Pre_event/S1_DESC_20210803/1632.tif,Post_event/S1_ASC_20210817/1632.tif,Post_event/S1_DESC_20210815/1632.tif,Pre_event/S2_20210804/1632.tif,Post_event/S2_20210814/1632.tif,Annotations/1632.tif
1633,train,643,6.049,15393,760,231,0,39.429,9924,6415,45,0,6.049,15393,760,231,0,39.429,9924,6415,45,0,Pre_event/S1_ASC_20210805/1633.tif,Pre_event/S1_DESC_20210803/1633.tif,Post_event/S1_ASC_20210817/1633.tif,Post_event/S1_DESC_20210815/1633.tif,Pre_event/S2_20210804/1633.tif,Post_event/S2_20210814/1633.tif,Annotations/1633.tif
1634,test,203,0.269,16340,39,5,0,24.512,12368,4016,0,0,0.269,16340,39,5,0,24.512,12368,4016,0,0,Pre_event/S1_ASC_20210805/1634.tif,Pre_event/S1_DESC_20210803/1634.tif,Post_event/S1_ASC_20210817/1634.tif,Post_event/S1_DESC_20210815/1634.tif,Pre_event/S2_20210804/1634.tif,Post_event/S2_20210814/1634.tif,Annotations/1634.tif
1635,train,111,12.115,14399,1985,0,0,1.361,16161,209,14,0,12.115,14399,1985,0,0,1.361,16161,209,14,0,Pre_event/S1_ASC_20210805/1635.tif,Pre_event/S1_DESC_20210803/1635.tif,Post_event/S1_ASC_20210817/1635.tif,Post_event/S1_DESC_20210815/1635.tif,Pre_event/S2_20210804/1635.tif,Post_event/S2_20210814/1635.tif,Annotations/1635.tif
1636,train,126,12.402,14352,2032,0,0,1.361,16161,209,14,0,12.402,14352,2032,0,0,1.361,16161,209,14,0,Pre_event/S1_ASC_20210805/1636.tif,Pre_event/S1_DESC_20210803/1636.tif,Post_event/S1_ASC_20210817/1636.tif,Post_event/S1_DESC_20210815/1636.tif,Pre_event/S2_20210804/1636.tif,Post_event/S2_20210814/1636.tif,Annotations/1636.tif
1637,test,139,0.0,16384,0,0,0,0.0,16384,0,0,0,0.0,16384,0,0,0,0.0,16384,0,0,0,Pre_event/S1_ASC_20210805/1637.tif,Pre_event/S1_DESC_20210803/1637.tif,Post_event/S1_ASC_20210817/1637.tif,Post_event/S1_DESC_20210815/1637.tif,Pre_event/S2_20210804/1637.tif,Post_event/S2_20210814/1637.tif,Annotations/1637.tif
1638,train,141,0.25,16343,41,0,0,0.0,16384,0,0,0,0.25,16343,41,0,0,0.0,16384,0,0,0,Pre_event/S1_ASC_20210805/1638.tif,Pre_event/S1_DESC_20210803/1638.tif,Post_event/S1_ASC_20210817/1638.tif,Post_event/S1_DESC_20210815/1638.tif,Pre_event/S2_20210804/1638.tif,Post_event/S2_20210814/1638.tif,Annotations/1638.tif
1639,train,282,5.182,15535,589,260,0,29.15,11608,4766,10,0,5.182,15535,589,260,0,29.15,11608,4766,10,0,Pre_event/S1_ASC_20210805/1639.tif,Pre_event/S1_DESC_20210803/1639.tif,Post_event/S1_ASC_20210817/1639.tif,Post_event/S1_DESC_20210815/1639.tif,Pre_event/S2_20210804/1639.tif,Post_event/S2_20210814/1639.tif,Annotations/1639.tif
1640,val,585,8.716,14956,1243,185,0,24.548,12362,4012,10,0,8.716,14956,1243,185,0,24.548,12362,4012,10,0,Pre_event/S1_ASC_20210805/1640.tif,Pre_event/S1_DESC_20210803/1640.tif,Post_event/S1_ASC_20210817/1640.tif,Post_event/S1_DESC_20210815/1640.tif,Pre_event/S2_20210804/1640.tif,Post_event/S2_20210814/1640.tif,Annotations/1640.tif
1641,train,332,4.755,15605,778,1,0,18.512,13351,3033,0,0,4.755,15605,778,1,0,18.512,13351,3033,0,0,Pre_event/S1_ASC_20210805/1641.tif,Pre_event/S1_DESC_20210803/1641.tif,Post_event/S1_ASC_20210817/1641.tif,Post_event/S1_DESC_20210815/1641.tif,Pre_event/S2_20210804/1641.tif,Post_event/S2_20210814/1641.tif,Annotations/1641.tif
1642,train,435,0.781,16256,128,0,0,3.778,15765,610,9,0,0.781,16256,128,0,0,3.778,15765,610,9,0,Pre_event/S1_ASC_20210805/1642.tif,Pre_event/S1_DESC_20210803/1642.tif,Post_event/S1_ASC_20210817/1642.tif,Post_event/S1_DESC_20210815/1642.tif,Pre_event/S2_20210804/1642.tif,Post_event/S2_20210814/1642.tif,Annotations/1642.tif
1643,train,588,0.0,16384,0,0,0,6.787,15272,1112,0,0,0.0,16384,0,0,0,6.787,15272,1112,0,0,Pre_event/S1_ASC_20210805/1643.tif,Pre_event/S1_DESC_20210803/1643.tif,Post_event/S1_ASC_20210817/1643.tif,Post_event/S1_DESC_20210815/1643.tif,Pre_event/S2_20210804/1643.tif,Post_event/S2_20210814/1643.tif,Annotations/1643.tif
1644,train,168,0.0,16384,0,0,0,3.064,15882,502,0,0,0.0,16384,0,0,0,3.064,15882,502,0,0,Pre_event/S1_ASC_20210805/1644.tif,Pre_event/S1_DESC_20210803/1644.tif,Post_event/S1_ASC_20210817/1644.tif,Post_event/S1_DESC_20210815/1644.tif,Pre_event/S2_20210804/1644.tif,Post_event/S2_20210814/1644.tif,Annotations/1644.tif
1645,val,102,0.574,16290,94,0,0,4.053,15720,663,1,0,0.574,16290,94,0,0,4.053,15720,663,1,0,Pre_event/S1_ASC_20210805/1645.tif,Pre_event/S1_DESC_20210803/1645.tif,Post_event/S1_ASC_20210817/1645.tif,Post_event/S1_DESC_20210815/1645.tif,Pre_event/S2_20210804/1645.tif,Post_event/S2_20210814/1645.tif,Annotations/1645.tif
1646,train,212,0.732,16264,120,0,0,0.012,16382,2,0,0,0.732,16264,120,0,0,0.012,16382,2,0,0,Pre_event/S1_ASC_20210805/1646.tif,Pre_event/S1_DESC_20210803/1646.tif,Post_event/S1_ASC_20210817/1646.tif,Post_event/S1_DESC_20210815/1646.tif,Pre_event/S2_20210804/1646.tif,Post_event/S2_20210814/1646.tif,Annotations/1646.tif
1647,val,141,0.665,16275,109,0,0,0.0,16384,0,0,0,0.665,16275,109,0,0,0.0,16384,0,0,0,Pre_event/S1_ASC_20210805/1647.tif,Pre_event/S1_DESC_20210803/1647.tif,Post_event/S1_ASC_20210817/1647.tif,Post_event/S1_DESC_20210815/1647.tif,Pre_event/S2_20210804/1647.tif,Post_event/S2_20210814/1647.tif,Annotations/1647.tif
1648,test,124,0.0,16384,0,0,0,0.0,16384,0,0,0,0.0,16384,0,0,0,0.0,16384,0,0,0,Pre_event/S1_ASC_20210805/1648.tif,Pre_event/S1_DESC_20210803/1648.tif,Post_event/S1_ASC_20210817/1648.tif,Post_event/S1_DESC_20210815/1648.tif,Pre_event/S2_20210804/1648.tif,Post_event/S2_20210814/1648.tif,Annotations/1648.tif
1649,train,124,0.0,16384,0,0,0,0.0,16384,0,0,0,0.0,16384,0,0,0,0.0,16384,0,0,0,Pre_event/S1_ASC_20210805/1649.tif,Pre_event/S1_DESC_20210803/1649.tif,Post_event/S1_ASC_20210817/1649.tif,Post_event/S1_DESC_20210815/1649.tif,Pre_event/S2_20210804/1649.tif,Post_event/S2_20210814/1649.tif,Annotations/1649.tif
1650,test,128,4.694,15615,769,0,0,12.677,14307,2077,0,0,4.694,15615,769,0,0,12.677,14307,2077,0,0,Pre_event/S1_ASC_20210805/1650.tif,Pre_event/S1_DESC_20210803/1650.tif,Post_event/S1_ASC_20210817/1650.tif,Post_event/S1_DESC_20210815/1650.tif,Pre_event/S2_20210804/1650.tif,Post_event/S2_20210814/1650.tif,Annotations/1650.tif
1651,val,217,6.763,15276,1108,0,0,9.015,14907,1472,5,0,6.763,15276,1108,0,0,9.015,14907,1472,5,0,Pre_event/S1_ASC_20210805/1651.tif,Pre_event/S1_DESC_20210803/1651.tif,Post_event/S1_ASC_20210817/1651.tif,Post_event/S1_DESC_20210815/1651.tif,Pre_event/S2_20210804/1651.tif,Post_event/S2_20210814/1651.tif,Annotations/1651.tif
1652,test,219,3.748,15770,614,0,0,8.551,14983,1396,5,0,3.748,15770,614,0,0,8.551,14983,1396,5,0,Pre_event/S1_ASC_20210805/1652.tif,Pre_event/S1_DESC_20210803/1652.tif,Post_event/S1_ASC_20210817/1652.tif,Post_event/S1_DESC_20210815/1652.tif,Pre_event/S2_20210804/1652.tif,Post_event/S2_20210814/1652.tif,Annotations/1652.tif
1653,test,179,5.402,15499,885,0,0,7.629,15134,1250,0,0,5.402,15499,885,0,0,7.629,15134,1250,0,0,Pre_event/S1_ASC_20210805/1653.tif,Pre_event/S1_DESC_20210803/1653.tif,Post_event/S1_ASC_20210817/1653.tif,Post_event/S1_DESC_20210815/1653.tif,Pre_event/S2_20210804/1653.tif,Post_event/S2_20210814/1653.tif,Annotations/1653.tif
1654,train,110,4.395,15664,720,0,0,2.1,16040,344,0,0,4.395,15664,720,0,0,2.1,16040,344,0,0,Pre_event/S1_ASC_20210805/1654.tif,Pre_event/S1_DESC_20210803/1654.tif,Post_event/S1_ASC_20210817/1654.tif,Post_event/S1_DESC_20210815/1654.tif,Pre_event/S2_20210804/1654.tif,Post_event/S2_20210814/1654.tif,Annotations/1654.tif
1655,train,794,0.397,16319,65,0,0,7.422,15168,1212,4,0,0.397,16319,65,0,0,7.422,15168,1212,4,0,Pre_event/S1_ASC_20210805/1655.tif,Pre_event/S1_DESC_20210803/1655.tif,Post_event/S1_ASC_20210817/1655.tif,Post_event/S1_DESC_20210815/1655.tif,Pre_event/S2_20210804/1655.tif,Post_event/S2_20210814/1655.tif,Annotations/1655.tif
1656,test,824,0.0,16384,0,0,0,9.058,14900,1484,0,0,0.0,16384,0,0,0,9.058,14900,1484,0,0,Pre_event/S1_ASC_20210805/1656.tif,Pre_event/S1_DESC_20210803/1656.tif,Post_event/S1_ASC_20210817/1656.tif,Post_event/S1_DESC_20210815/1656.tif,Pre_event/S2_20210804/1656.tif,Post_event/S2_20210814/1656.tif,Annotations/1656.tif
1657,train,106,0.763,16259,125,0,0,5.42,15496,843,45,0,0.763,16259,125,0,0,5.42,15496,843,45,0,Pre_event/S1_ASC_20210805/1657.tif,Pre_event/S1_DESC_20210803/1657.tif,Post_event/S1_ASC_20210817/1657.tif,Post_event/S1_DESC_20210815/1657.tif,Pre_event/S2_20210804/1657.tif,Post_event/S2_20210814/1657.tif,Annotations/1657.tif
1658,train,138,0.482,16305,79,0,0,0.635,16280,104,0,0,0.482,16305,79,0,0,0.635,16280,104,0,0,Pre_event/S1_ASC_20210805/1658.tif,Pre_event/S1_DESC_20210803/1658.tif,Post_event/S1_ASC_20210817/1658.tif,Post_event/S1_DESC_20210815/1658.tif,Pre_event/S2_20210804/1658.tif,Post_event/S2_20210814/1658.tif,Annotations/1658.tif
1659,val,158,0.415,16316,68,0,0,0.0,16384,0,0,0,0.415,16316,68,0,0,0.0,16384,0,0,0,Pre_event/S1_ASC_20210805/1659.tif,Pre_event/S1_DESC_20210803/1659.tif,Post_event/S1_ASC_20210817/1659.tif,Post_event/S1_DESC_20210815/1659.tif,Pre_event/S2_20210804/1659.tif,Post_event/S2_20210814/1659.tif,Annotations/1659.tif
1660,train,120,0.0,16384,0,0,0,0.0,16384,0,0,0,0.0,16384,0,0,0,0.0,16384,0,0,0,Pre_event/S1_ASC_20210805/1660.tif,Pre_event/S1_DESC_20210803/1660.tif,Post_event/S1_ASC_20210817/1660.tif,Post_event/S1_DESC_20210815/1660.tif,Pre_event/S2_20210804/1660.tif,Post_event/S2_20210814/1660.tif,Annotations/1660.tif
1661,test,238,0.0,16384,0,0,0,0.0,16384,0,0,0,0.0,16384,0,0,0,0.0,16384,0,0,0,Pre_event/S1_ASC_20210805/1661.tif,Pre_event/S1_DESC_20210803/1661.tif,Post_event/S1_ASC_20210817/1661.tif,Post_event/S1_DESC_20210815/1661.tif,Pre_event/S2_20210804/1661.tif,Post_event/S2_20210814/1661.tif,Annotations/1661.tif
1662,train,118,0.0,16384,0,0,0,0.0,16384,0,0,0,0.0,16384,0,0,0,0.0,16384,0,0,0,Pre_event/S1_ASC_20210805/1662.tif,Pre_event/S1_DESC_20210803/1662.tif,Post_event/S1_ASC_20210817/1662.tif,Post_event/S1_DESC_20210815/1662.tif,Pre_event/S2_20210804/1662.tif,Post_event/S2_20210814/1662.tif,Annotations/1662.tif
1663,train,247,7.196,15205,1179,0,0,9.821,14775,1578,31,0,7.196,15205,1179,0,0,9.821,14775,1578,31,0,Pre_event/S1_ASC_20210805/1663.tif,Pre_event/S1_DESC_20210803/1663.tif,Post_event/S1_ASC_20210817/1663.tif,Post_event/S1_DESC_20210815/1663.tif,Pre_event/S2_20210804/1663.tif,Post_event/S2_20210814/1663.tif,Annotations/1663.tif
1664,train,415,15.68,13815,2569,0,0,8.893,14927,1333,124,0,15.68,13815,2569,0,0,8.893,14927,1333,124,0,Pre_event/S1_ASC_20210805/1664.tif,Pre_event/S1_DESC_20210803/1664.tif,Post_event/S1_ASC_20210817/1664.tif,Post_event/S1_DESC_20210815/1664.tif,Pre_event/S2_20210804/1664.tif,Post_event/S2_20210814/1664.tif,Annotations/1664.tif
1665,train,168,25.104,12271,4113,0,0,8.173,15045,1123,216,0,25.104,12271,4113,0,0,8.173,15045,1123,216,0,Pre_event/S1_ASC_20210805/1665.tif,Pre_event/S1_DESC_20210803/1665.tif,Post_event/S1_ASC_20210817/1665.tif,Post_event/S1_DESC_20210815/1665.tif,Pre_event/S2_20210804/1665.tif,Post_event/S2_20210814/1665.tif,Annotations/1665.tif
1666,test,460,0.0,16384,0,0,0,4.156,15703,681,0,0,0.0,16384,0,0,0,4.156,15703,681,0,0,Pre_event/S1_ASC_20210805/1666.tif,Pre_event/S1_DESC_20210803/1666.tif,Post_event/S1_ASC_20210817/1666.tif,Post_event/S1_DESC_20210815/1666.tif,Pre_event/S2_20210804/1666.tif,Post_event/S2_20210814/1666.tif,Annotations/1666.tif
1667,train,382,0.0,16384,0,0,0,3.546,15803,581,0,0,0.0,16384,0,0,0,3.546,15803,581,0,0,Pre_event/S1_ASC_20210805/1667.tif,Pre_event/S1_DESC_20210803/1667.tif,Post_event/S1_ASC_20210817/1667.tif,Post_event/S1_DESC_20210815/1667.tif,Pre_event/S2_20210804/1667.tif,Post_event/S2_20210814/1667.tif,Annotations/1667.tif
1668,val,148,0.22,16348,36,0,0,0.0,16384,0,0,0,0.22,16348,36,0,0,0.0,16384,0,0,0,Pre_event/S1_ASC_20210805/1668.tif,Pre_event/S1_DESC_20210803/1668.tif,Post_event/S1_ASC_20210817/1668.tif,Post_event/S1_DESC_20210815/1668.tif,Pre_event/S2_20210804/1668.tif,Post_event/S2_20210814/1668.tif,Annotations/1668.tif
1669,val,235,0.22,16348,36,0,0,0.0,16384,0,0,0,0.22,16348,36,0,0,0.0,16384,0,0,0,Pre_event/S1_ASC_20210805/1669.tif,Pre_event/S1_DESC_20210803/1669.tif,Post_event/S1_ASC_20210817/1669.tif,Post_event/S1_DESC_20210815/1669.tif,Pre_event/S2_20210804/1669.tif,Post_event/S2_20210814/1669.tif,Annotations/1669.tif
1670,train,118,0.0,16384,0,0,0,0.0,16384,0,0,0,0.0,16384,0,0,0,0.0,16384,0,0,0,Pre_event/S1_ASC_20210805/1670.tif,Pre_event/S1_DESC_20210803/1670.tif,Post_event/S1_ASC_20210817/1670.tif,Post_event/S1_DESC_20210815/1670.tif,Pre_event/S2_20210804/1670.tif,Post_event/S2_20210814/1670.tif,Annotations/1670.tif
1671,train,244,11.804,14450,1895,39,0,9.174,14881,1456,47,0,11.804,14450,1895,39,0,9.174,14881,1456,47,0,Pre_event/S1_ASC_20210805/1671.tif,Pre_event/S1_DESC_20210803/1671.tif,Post_event/S1_ASC_20210817/1671.tif,Post_event/S1_DESC_20210815/1671.tif,Pre_event/S2_20210804/1671.tif,Post_event/S2_20210814/1671.tif,Annotations/1671.tif
1672,train,461,9.717,14792,1548,44,0,9.015,14907,1410,67,0,9.717,14792,1548,44,0,9.015,14907,1410,67,0,Pre_event/S1_ASC_20210805/1672.tif,Pre_event/S1_DESC_20210803/1672.tif,Post_event/S1_ASC_20210817/1672.tif,Post_event/S1_DESC_20210815/1672.tif,Pre_event/S2_20210804/1672.tif,Post_event/S2_20210814/1672.tif,Annotations/1672.tif
1673,test,431,15.833,13790,2589,5,0,3.857,15752,484,148,0,15.833,13790,2589,5,0,3.857,15752,484,148,0,Pre_event/S1_ASC_20210805/1673.tif,Pre_event/S1_DESC_20210803/1673.tif,Post_event/S1_ASC_20210817/1673.tif,Post_event/S1_DESC_20210815/1673.tif,Pre_event/S2_20210804/1673.tif,Post_event/S2_20210814/1673.tif,Annotations/1673.tif
1674,val,145,26.355,12066,4318,0,0,1.495,16139,6,239,0,26.355,12066,4318,0,0,1.495,16139,6,239,0,Pre_event/S1_ASC_20210805/1674.tif,Pre_event/S1_DESC_20210803/1674.tif,Post_event/S1_ASC_20210817/1674.tif,Post_event/S1_DESC_20210815/1674.tif,Pre_event/S2_20210804/1674.tif,Post_event/S2_20210814/1674.tif,Annotations/1674.tif
1675,train,118,5.725,15446,925,13,0,0.732,16264,20,99,1,5.725,15446,925,13,0,0.732,16264,20,99,1,Pre_event/S1_ASC_20210805/1675.tif,Pre_event/S1_DESC_20210803/1675.tif,Post_event/S1_ASC_20210817/1675.tif,Post_event/S1_DESC_20210815/1675.tif,Pre_event/S2_20210804/1675.tif,Post_event/S2_20210814/1675.tif,Annotations/1675.tif
1676,test,163,11.273,14537,1834,13,0,0.732,16264,20,99,1,11.273,14537,1834,13,0,0.732,16264,20,99,1,Pre_event/S1_ASC_20210805/1676.tif,Pre_event/S1_DESC_20210803/1676.tif,Post_event/S1_ASC_20210817/1676.tif,Post_event/S1_DESC_20210815/1676.tif,Pre_event/S2_20210804/1676.tif,Post_event/S2_20210814/1676.tif,Annotations/1676.tif
1677,train,166,0.22,16348,36,0,0,0.0,16384,0,0,0,0.22,16348,36,0,0,0.0,16384,0,0,0,Pre_event/S1_ASC_20210805/1677.tif,Pre_event/S1_DESC_20210803/1677.tif,Post_event/S1_ASC_20210817/1677.tif,Post_event/S1_DESC_20210815/1677.tif,Pre_event/S2_20210804/1677.tif,Post_event/S2_20210814/1677.tif,Annotations/1677.tif
1678,train,124,0.22,16348,36,0,0,0.0,16384,0,0,0,0.22,16348,36,0,0,0.0,16384,0,0,0,Pre_event/S1_ASC_20210805/1678.tif,Pre_event/S1_DESC_20210803/1678.tif,Post_event/S1_ASC_20210817/1678.tif,Post_event/S1_DESC_20210815/1678.tif,Pre_event/S2_20210804/1678.tif,Post_event/S2_20210814/1678.tif,Annotations/1678.tif
1679,test,234,8.826,14938,1407,39,0,5.988,15403,932,49,0,8.826,14938,1407,39,0,5.988,15403,932,49,0,Pre_event/S1_ASC_20210805/1679.tif,Pre_event/S1_DESC_20210803/1679.tif,Post_event/S1_ASC_20210817/1679.tif,Post_event/S1_DESC_20210815/1679.tif,Pre_event/S2_20210804/1679.tif,Post_event/S2_20210814/1679.tif,Annotations/1679.tif
1680,train,350,16.211,13728,2612,44,0,10.211,14711,1399,274,0,16.211,13728,2612,44,0,10.211,14711,1399,274,0,Pre_event/S1_ASC_20210805/1680.tif,Pre_event/S1_DESC_20210803/1680.tif,Post_event/S1_ASC_20210817/1680.tif,Post_event/S1_DESC_20210815/1680.tif,Pre_event/S2_20210804/1680.tif,Post_event/S2_20210814/1680.tif,Annotations/1680.tif
1681,train,251,15.259,13884,2488,12,0,4.669,15619,491,274,0,15.259,13884,2488,12,0,4.669,15619,491,274,0,Pre_event/S1_ASC_20210805/1681.tif,Pre_event/S1_DESC_20210803/1681.tif,Post_event/S1_ASC_20210817/1681.tif,Post_event/S1_DESC_20210815/1681.tif,Pre_event/S2_20210804/1681.tif,Post_event/S2_20210814/1681.tif,Annotations/1681.tif
1682,val,135,7.44,15165,1212,7,0,0.378,16322,13,49,0,7.44,15165,1212,7,0,0.378,16322,13,49,0,Pre_event/S1_ASC_20210805/1682.tif,Pre_event/S1_DESC_20210803/1682.tif,Post_event/S1_ASC_20210817/1682.tif,Post_event/S1_DESC_20210815/1682.tif,Pre_event/S2_20210804/1682.tif,Post_event/S2_20210814/1682.tif,Annotations/1682.tif
1683,train,132,5.579,15470,914,0,0,0.598,16286,74,24,0,5.579,15470,914,0,0,0.598,16286,74,24,0,Pre_event/S1_ASC_20210805/1683.tif,Pre_event/S1_DESC_20210803/1683.tif,Post_event/S1_ASC_20210817/1683.tif,Post_event/S1_DESC_20210815/1683.tif,Pre_event/S2_20210804/1683.tif,Post_event/S2_20210814/1683.tif,Annotations/1683.tif
1684,train,215,6.842,15263,1121,0,0,0.598,16286,74,24,0,6.842,15263,1121,0,0,0.598,16286,74,24,0,Pre_event/S1_ASC_20210805/1684.tif,Pre_event/S1_DESC_20210803/1684.tif,Post_event/S1_ASC_20210817/1684.tif,Post_event/S1_DESC_20210815/1684.tif,Pre_event/S2_20210804/1684.tif,Post_event/S2_20210814/1684.tif,Annotations/1684.tif
1685,train,128,5.75,15442,942,0,0,0.22,16348,0,36,0,5.75,15442,942,0,0,0.22,16348,0,36,0,Pre_event/S1_ASC_20210805/1685.tif,Pre_event/S1_DESC_20210803/1685.tif,Post_event/S1_ASC_20210817/1685.tif,Post_event/S1_DESC_20210815/1685.tif,Pre_event/S2_20210804/1685.tif,Post_event/S2_20210814/1685.tif,Annotations/1685.tif
1686,train,170,20.569,13014,3211,159,0,27.136,11938,4367,79,0,20.569,13014,3211,159,0,27.136,11938,4367,79,0,Pre_event/S1_ASC_20210805/1686.tif,Pre_event/S1_DESC_20210803/1686.tif,Post_event/S1_ASC_20210817/1686.tif,Post_event/S1_DESC_20210815/1686.tif,Pre_event/S2_20210804/1686.tif,Post_event/S2_20210814/1686.tif,Annotations/1686.tif
1687,train,243,14.502,14008,2356,20,0,17.047,13591,2639,145,9,14.502,14008,2356,20,0,17.047,13591,2639,145,9,Pre_event/S1_ASC_20210805/1687.tif,Pre_event/S1_DESC_20210803/1687.tif,Post_event/S1_ASC_20210817/1687.tif,Post_event/S1_DESC_20210815/1687.tif,Pre_event/S2_20210804/1687.tif,Post_event/S2_20210814/1687.tif,Annotations/1687.tif
1688,test,214,7.593,15140,1233,11,0,3.149,15868,381,126,9,7.593,15140,1233,11,0,3.149,15868,381,126,9,Pre_event/S1_ASC_20210805/1688.tif,Pre_event/S1_DESC_20210803/1688.tif,Post_event/S1_ASC_20210817/1688.tif,Post_event/S1_DESC_20210815/1688.tif,Pre_event/S2_20210804/1688.tif,Post_event/S2_20210814/1688.tif,Annotations/1688.tif
1689,test,121,15.46,13851,2521,12,0,2.783,15928,197,259,0,15.46,13851,2521,12,0,2.783,15928,197,259,0,Pre_event/S1_ASC_20210805/1689.tif,Pre_event/S1_DESC_20210803/1689.tif,Post_event/S1_ASC_20210817/1689.tif,Post_event/S1_DESC_20210815/1689.tif,Pre_event/S2_20210804/1689.tif,Post_event/S2_20210814/1689.tif,Annotations/1689.tif
1690,val,111,1.63,16117,254,13,0,8.032,15068,1256,60,0,1.63,16117,254,13,0,8.032,15068,1256,60,0,Pre_event/S1_ASC_20210805/1690.tif,Pre_event/S1_DESC_20210803/1690.tif,Post_event/S1_ASC_20210817/1690.tif,Post_event/S1_DESC_20210815/1690.tif,Pre_event/S2_20210804/1690.tif,Post_event/S2_20210814/1690.tif,Annotations/1690.tif
1691,test,170,19.043,13264,2961,159,0,24.841,12314,3897,173,0,19.043,13264,2961,159,0,24.841,12314,3897,173,0,Pre_event/S1_ASC_20210805/1691.tif,Pre_event/S1_DESC_20210803/1691.tif,Post_event/S1_ASC_20210817/1691.tif,Post_event/S1_DESC_20210815/1691.tif,Pre_event/S2_20210804/1691.tif,Post_event/S2_20210814/1691.tif,Annotations/1691.tif
1692,val,243,26.318,12072,4292,20,0,15.436,13855,2242,278,9,26.318,12072,4292,20,0,15.436,13855,2242,278,9,Pre_event/S1_ASC_20210805/1692.tif,Pre_event/S1_DESC_20210803/1692.tif,Post_event/S1_ASC_20210817/1692.tif,Post_event/S1_DESC_20210815/1692.tif,Pre_event/S2_20210804/1692.tif,Post_event/S2_20210814/1692.tif,Annotations/1692.tif
1693,train,155,14.252,14049,2324,11,0,1.996,16057,196,122,9,14.252,14049,2324,11,0,1.996,16057,196,122,9,Pre_event/S1_ASC_20210805/1693.tif,Pre_event/S1_DESC_20210803/1693.tif,Post_event/S1_ASC_20210817/1693.tif,Post_event/S1_DESC_20210815/1693.tif,Pre_event/S2_20210804/1693.tif,Post_event/S2_20210814/1693.tif,Annotations/1693.tif
1694,train,179,7.33,15183,1172,20,9,18.378,13373,2947,52,12,7.33,15183,1172,20,9,18.378,13373,2947,52,12,Pre_event/S1_ASC_20210805/1694.tif,Pre_event/S1_DESC_20210803/1694.tif,Post_event/S1_ASC_20210817/1694.tif,Post_event/S1_DESC_20210815/1694.tif,Pre_event/S2_20210804/1694.tif,Post_event/S2_20210814/1694.tif,Annotations/1694.tif
1695,train,306,4.871,15586,752,37,9,13.574,14160,2183,29,12,4.871,15586,752,37,9,13.574,14160,2183,29,12,Pre_event/S1_ASC_20210805/1695.tif,Pre_event/S1_DESC_20210803/1695.tif,Post_event/S1_ASC_20210817/1695.tif,Post_event/S1_DESC_20210815/1695.tif,Pre_event/S2_20210804/1695.tif,Post_event/S2_20210814/1695.tif,Annotations/1695.tif
1696,train,247,16.119,13743,2614,27,0,4.901,15581,760,43,0,16.119,13743,2614,27,0,4.901,15581,760,43,0,Pre_event/S1_ASC_20210805/1696.tif,Pre_event/S1_DESC_20210803/1696.tif,Post_event/S1_ASC_20210817/1696.tif,Post_event/S1_DESC_20210815/1696.tif,Pre_event/S2_20210804/1696.tif,Post_event/S2_20210814/1696.tif,Annotations/1696.tif
1697,train,153,27.142,11937,4447,0,0,0.665,16275,0,109,0,27.142,11937,4447,0,0,0.665,16275,0,109,0,Pre_event/S1_ASC_20210805/1697.tif,Pre_event/S1_DESC_20210803/1697.tif,Post_event/S1_ASC_20210817/1697.tif,Post_event/S1_DESC_20210815/1697.tif,Pre_event/S2_20210804/1697.tif,Post_event/S2_20210814/1697.tif,Annotations/1697.tif
1698,train,216,11.664,14473,1890,12,9,7.153,15212,1030,130,12,11.664,14473,1890,12,9,7.153,15212,1030,130,12,Pre_event/S1_ASC_20210805/1698.tif,Pre_event/S1_DESC_20210803/1698.tif,Post_event/S1_ASC_20210817/1698.tif,Post_event/S1_DESC_20210815/1698.tif,Pre_event/S2_20210804/1698.tif,Post_event/S2_20210814/1698.tif,Annotations/1698.tif
1699,val,280,16.595,13665,2712,7,0,3.833,15756,494,134,0,16.595,13665,2712,7,0,3.833,15756,494,134,0,Pre_event/S1_ASC_20210805/1699.tif,Pre_event/S1_DESC_20210803/1699.tif,Post_event/S1_ASC_20210817/1699.tif,Post_event/S1_DESC_20210815/1699.tif,Pre_event/S2_20210804/1699.tif,Post_event/S2_20210814/1699.tif,Annotations/1699.tif
1700,train,107,31.317,11253,5131,0,0,4.718,15611,721,52,0,31.317,11253,5131,0,0,4.718,15611,721,52,0,Pre_event/S1_ASC_20210805/1700.tif,Pre_event/S1_DESC_20210803/1700.tif,Post_event/S1_ASC_20210817/1700.tif,Post_event/S1_DESC_20210815/1700.tif,Pre_event/S2_20210804/1700.tif,Post_event/S2_20210814/1700.tif,Annotations/1700.tif
1701,test,213,31.976,11145,5209,30,0,17.804,13467,2781,136,0,31.976,11145,5209,30,0,17.804,13467,2781,136,0,Pre_event/S1_ASC_20210805/1701.tif,Pre_event/S1_DESC_20210803/1701.tif,Post_event/S1_ASC_20210817/1701.tif,Post_event/S1_DESC_20210815/1701.tif,Pre_event/S2_20210804/1701.tif,Post_event/S2_20210814/1701.tif,Annotations/1701.tif
1702,train,106,18.555,13344,2907,101,32,16.522,13677,2525,173,9,18.555,13344,2907,101,32,16.522,13677,2525,173,9,Pre_event/S1_ASC_20210805/1702.tif,Pre_event/S1_DESC_20210803/1702.tif,Post_event/S1_ASC_20210817/1702.tif,Post_event/S1_DESC_20210815/1702.tif,Pre_event/S2_20210804/1702.tif,Post_event/S2_20210814/1702.tif,Annotations/1702.tif
1703,train,206,12.311,14367,1975,42,0,30.206,11435,4912,37,0,12.311,14367,1975,42,0,30.206,11435,4912,37,0,Pre_event/S1_ASC_20210805/1703.tif,Pre_event/S1_DESC_20210803/1703.tif,Post_event/S1_ASC_20210817/1703.tif,Post_event/S1_DESC_20210815/1703.tif,Pre_event/S2_20210804/1703.tif,Post_event/S2_20210814/1703.tif,Annotations/1703.tif
1704,train,180,8.85,14934,1418,32,0,18.39,13371,2976,37,0,8.85,14934,1418,32,0,18.39,13371,2976,37,0,Pre_event/S1_ASC_20210805/1704.tif,Pre_event/S1_DESC_20210803/1704.tif,Post_event/S1_ASC_20210817/1704.tif,Post_event/S1_DESC_20210815/1704.tif,Pre_event/S2_20210804/1704.tif,Post_event/S2_20210814/1704.tif,Annotations/1704.tif
1705,train,146,0.092,16369,0,15,0,15.912,13777,2607,0,0,0.092,16369,0,15,0,15.912,13777,2607,0,0,Pre_event/S1_ASC_20210805/1705.tif,Pre_event/S1_DESC_20210803/1705.tif,Post_event/S1_ASC_20210817/1705.tif,Post_event/S1_DESC_20210815/1705.tif,Pre_event/S2_20210804/1705.tif,Post_event/S2_20210814/1705.tif,Annotations/1705.tif
1706,train,135,0.0,16384,0,0,0,3.662,15784,600,0,0,0.0,16384,0,0,0,3.662,15784,600,0,0,Pre_event/S1_ASC_20210805/1706.tif,Pre_event/S1_DESC_20210803/1706.tif,Post_event/S1_ASC_20210817/1706.tif,Post_event/S1_DESC_20210815/1706.tif,Pre_event/S2_20210804/1706.tif,Post_event/S2_20210814/1706.tif,Annotations/1706.tif
1707,train,132,0.0,16384,0,0,0,0.0,16384,0,0,0,0.0,16384,0,0,0,0.0,16384,0,0,0,Pre_event/S1_ASC_20210805/1707.tif,Pre_event/S1_DESC_20210803/1707.tif,Post_event/S1_ASC_20210817/1707.tif,Post_event/S1_DESC_20210815/1707.tif,Pre_event/S2_20210804/1707.tif,Post_event/S2_20210814/1707.tif,Annotations/1707.tif
1708,train,104,0.0,16384,0,0,0,0.0,16384,0,0,0,0.0,16384,0,0,0,0.0,16384,0,0,0,Pre_event/S1_ASC_20210805/1708.tif,Pre_event/S1_DESC_20210803/1708.tif,Post_event/S1_ASC_20210817/1708.tif,Post_event/S1_DESC_20210815/1708.tif,Pre_event/S2_20210804/1708.tif,Post_event/S2_20210814/1708.tif,Annotations/1708.tif
1709,train,528,5.353,15507,867,10,0,4.401,15663,718,3,0,5.353,15507,867,10,0,4.401,15663,718,3,0,Pre_event/S1_ASC_20210805/1709.tif,Pre_event/S1_DESC_20210803/1709.tif,Post_event/S1_ASC_20210817/1709.tif,Post_event/S1_DESC_20210815/1709.tif,Pre_event/S2_20210804/1709.tif,Post_event/S2_20210814/1709.tif,Annotations/1709.tif
1710,train,581,8.704,14958,1416,10,0,7.184,15207,1144,33,0,8.704,14958,1416,10,0,7.184,15207,1144,33,0,Pre_event/S1_ASC_20210805/1710.tif,Pre_event/S1_DESC_20210803/1710.tif,Post_event/S1_ASC_20210817/1710.tif,Post_event/S1_DESC_20210815/1710.tif,Pre_event/S2_20210804/1710.tif,Post_event/S2_20210814/1710.tif,Annotations/1710.tif
1711,train,519,5.072,15553,821,10,0,3.699,15778,605,1,0,5.072,15553,821,10,0,3.699,15778,605,1,0,Pre_event/S1_ASC_20210805/1711.tif,Pre_event/S1_DESC_20210803/1711.tif,Post_event/S1_ASC_20210817/1711.tif,Post_event/S1_DESC_20210815/1711.tif,Pre_event/S2_20210804/1711.tif,Post_event/S2_20210814/1711.tif,Annotations/1711.tif
1712,train,572,9.668,14800,1574,10,0,5.713,15448,905,31,0,9.668,14800,1574,10,0,5.713,15448,905,31,0,Pre_event/S1_ASC_20210805/1712.tif,Pre_event/S1_DESC_20210803/1712.tif,Post_event/S1_ASC_20210817/1712.tif,Post_event/S1_DESC_20210815/1712.tif,Pre_event/S2_20210804/1712.tif,Post_event/S2_20210814/1712.tif,Annotations/1712.tif
