sample_id,left,bottom,right,top,transform_a,transform_e,spatial_group_id,spatial_group_size,split,bbox_wgs84
0,-74.24310068119043,18.30900917565627,-74.23160224555369,18.320507611293003,8.98315284120114e-05,-8.983152841195546e-05,0,4,val,"-74.2431006812,18.3090091757,-74.2316022456,18.3205076113"
1,-74.24310068119043,18.303259957837906,-74.23160224555369,18.314758393474637,8.98315284120114e-05,-8.983152841195546e-05,0,4,val,"-74.2431006812,18.3032599578,-74.2316022456,18.3147583935"
2,-74.23735146337206,18.30900917565627,-74.22585302773533,18.320507611293003,8.98315284120114e-05,-8.983152841195546e-05,0,4,val,"-74.2373514634,18.3090091757,-74.2258530277,18.3205076113"
3,-74.23735146337206,18.303259957837906,-74.22585302773533,18.314758393474637,8.98315284120114e-05,-8.983152841195546e-05,0,4,val,"-74.2373514634,18.3032599578,-74.2258530277,18.3147583935"
4,-74.23160224555369,18.452739621115395,-74.22010380991696,18.464238056752126,8.983152841189951e-05,-8.983152841195546e-05,1,18,val,"-74.2316022456,18.4527396211,-74.2201038099,18.4642380568"
5,-74.23160224555369,18.44699040329703,-74.22010380991696,18.45848883893376,8.983152841189951e-05,-8.983152841195546e-05,1,18,val,"-74.2316022456,18.4469904033,-74.2201038099,18.4584888389"
6,-74.22585302773533,18.452739621115395,-74.2143545920986,18.464238056752126,8.983152841189951e-05,-8.983152841195546e-05,1,18,val,"-74.2258530277,18.4527396211,-74.2143545921,18.4642380568"
7,-74.22585302773533,18.44699040329703,-74.2143545920986,18.45848883893376,8.983152841189951e-05,-8.983152841195546e-05,1,18,val,"-74.2258530277,18.4469904033,-74.2143545921,18.4584888389"
8,-74.22010380991696,18.452739621115395,-74.20860537428024,18.464238056752126,8.983152841189951e-05,-8.983152841195546e-05,1,18,val,"-74.2201038099,18.4527396211,-74.2086053743,18.4642380568"
9,-74.22010380991696,18.44699040329703,-74.20860537428024,18.45848883893376,8.983152841189951e-05,-8.983152841195546e-05,1,18,val,"-74.2201038099,18.4469904033,-74.2086053743,18.4584888389"
10,-74.2143545920986,18.452739621115395,-74.20285615646186,18.464238056752126,8.98315284120114e-05,-8.983152841195546e-05,1,18,val,"-74.2143545921,18.4527396211,-74.2028561565,18.4642380568"
11,-74.2143545920986,18.44699040329703,-74.20285615646186,18.45848883893376,8.98315284120114e-05,-8.983152841195546e-05,1,18,val,"-74.2143545921,18.4469904033,-74.2028561565,18.4584888389"
12,-74.2143545920986,18.441241185478663,-74.20285615646186,18.452739621115395,8.98315284120114e-05,-8.983152841195546e-05,1,18,val,"-74.2143545921,18.4412411855,-74.2028561565,18.4527396211"
13,-74.2143545920986,18.4354919676603,-74.20285615646186,18.44699040329703,8.98315284120114e-05,-8.983152841192748e-05,1,18,val,"-74.2143545921,18.4354919677,-74.2028561565,18.4469904033"
14,-74.20860537428024,18.452739621115395,-74.1971069386435,18.464238056752126,8.98315284120114e-05,-8.983152841195546e-05,1,18,val,"-74.2086053743,18.4527396211,-74.1971069386,18.4642380568"
15,-74.20860537428024,18.44699040329703,-74.1971069386435,18.45848883893376,8.98315284120114e-05,-8.983152841195546e-05,1,18,val,"-74.2086053743,18.4469904033,-74.1971069386,18.4584888389"
16,-74.20860537428024,18.441241185478663,-74.1971069386435,18.452739621115395,8.98315284120114e-05,-8.983152841195546e-05,1,18,val,"-74.2086053743,18.4412411855,-74.1971069386,18.4527396211"
17,-74.20860537428024,18.4354919676603,-74.1971069386435,18.44699040329703,8.98315284120114e-05,-8.983152841192748e-05,1,18,val,"-74.2086053743,18.4354919677,-74.1971069386,18.4469904033"
18,-74.20285615646188,18.452739621115395,-74.19135772082514,18.464238056752126,8.98315284120114e-05,-8.983152841195546e-05,1,18,val,"-74.2028561565,18.4527396211,-74.1913577208,18.4642380568"
19,-74.20285615646188,18.44699040329703,-74.19135772082514,18.45848883893376,8.98315284120114e-05,-8.983152841195546e-05,1,18,val,"-74.2028561565,18.4469904033,-74.1913577208,18.4584888389"
20,-74.20285615646188,18.441241185478663,-74.19135772082514,18.452739621115395,8.98315284120114e-05,-8.983152841195546e-05,1,18,val,"-74.2028561565,18.4412411855,-74.1913577208,18.4527396211"
21,-74.20285615646188,18.4354919676603,-74.19135772082514,18.44699040329703,8.98315284120114e-05,-8.983152841192748e-05,1,18,val,"-74.2028561565,18.4354919677,-74.1913577208,18.4469904033"
22,-74.19135772082514,18.337755264748097,-74.17985928518841,18.34925370038483,8.983152841189951e-05,-8.983152841195546e-05,2,4,test,"-74.1913577208,18.3377552647,-74.1798592852,18.3492537004"
23,-74.19135772082514,18.33200604692973,-74.17985928518841,18.343504482566463,8.983152841189951e-05,-8.983152841195546e-05,2,4,test,"-74.1913577208,18.3320060469,-74.1798592852,18.3435044826"
24,-74.18560850300678,18.337755264748097,-74.17411006737004,18.34925370038483,8.98315284120114e-05,-8.983152841195546e-05,2,4,test,"-74.1856085030,18.3377552647,-74.1741100674,18.3492537004"
25,-74.18560850300678,18.33200604692973,-74.17411006737004,18.343504482566463,8.98315284120114e-05,-8.983152841195546e-05,2,4,test,"-74.1856085030,18.3320060469,-74.1741100674,18.3435044826"
26,-74.17985928518841,18.46998727457049,-74.16836084955168,18.48148571020722,8.98315284120114e-05,-8.983152841195546e-05,3,1269,train,"-74.1798592852,18.4699872746,-74.1683608496,18.4814857102"
27,-74.17985928518841,18.464238056752123,-74.16836084955168,18.475736492388855,8.98315284120114e-05,-8.983152841195546e-05,3,1269,train,"-74.1798592852,18.4642380568,-74.1683608496,18.4757364924"
28,-74.17411006737005,18.46998727457049,-74.16261163173331,18.48148571020722,8.98315284120114e-05,-8.983152841195546e-05,3,1269,train,"-74.1741100674,18.4699872746,-74.1626116317,18.4814857102"
29,-74.17411006737005,18.464238056752123,-74.16261163173331,18.475736492388855,8.98315284120114e-05,-8.983152841195546e-05,3,1269,train,"-74.1741100674,18.4642380568,-74.1626116317,18.4757364924"
30,-74.17411006737005,18.45848883893376,-74.16261163173331,18.469987274570492,8.98315284120114e-05,-8.983152841195546e-05,3,1269,train,"-74.1741100674,18.4584888389,-74.1626116317,18.4699872746"
31,-74.17411006737005,18.383749007295016,-74.16261163173331,18.395247442931748,8.98315284120114e-05,-8.983152841195546e-05,3,1269,train,"-74.1741100674,18.3837490073,-74.1626116317,18.3952474429"
32,-74.17411006737005,18.37799978947665,-74.16261163173331,18.389498225113382,8.98315284120114e-05,-8.983152841195546e-05,3,1269,train,"-74.1741100674,18.3779997895,-74.1626116317,18.3894982251"
33,-74.17411006737005,18.372250571658284,-74.16261163173331,18.383749007295016,8.98315284120114e-05,-8.983152841195546e-05,3,1269,train,"-74.1741100674,18.3722505717,-74.1626116317,18.3837490073"
34,-74.16836084955168,18.475736492388855,-74.15686241391495,18.487234928025586,8.983152841189951e-05,-8.983152841195546e-05,3,1269,train,"-74.1683608496,18.4757364924,-74.1568624139,18.4872349280"
35,-74.16836084955168,18.46998727457049,-74.15686241391495,18.48148571020722,8.983152841189951e-05,-8.983152841195546e-05,3,1269,train,"-74.1683608496,18.4699872746,-74.1568624139,18.4814857102"
36,-74.16836084955168,18.464238056752123,-74.15686241391495,18.475736492388855,8.983152841189951e-05,-8.983152841195546e-05,3,1269,train,"-74.1683608496,18.4642380568,-74.1568624139,18.4757364924"
37,-74.16836084955168,18.45848883893376,-74.15686241391495,18.469987274570492,8.983152841189951e-05,-8.983152841195546e-05,3,1269,train,"-74.1683608496,18.4584888389,-74.1568624139,18.4699872746"
38,-74.16836084955168,18.452739621115395,-74.15686241391495,18.464238056752126,8.983152841189951e-05,-8.983152841195546e-05,3,1269,train,"-74.1683608496,18.4527396211,-74.1568624139,18.4642380568"
39,-74.16836084955168,18.383749007295016,-74.15686241391495,18.395247442931748,8.983152841189951e-05,-8.983152841195546e-05,3,1269,train,"-74.1683608496,18.3837490073,-74.1568624139,18.3952474429"
40,-74.16836084955168,18.37799978947665,-74.15686241391495,18.389498225113382,8.983152841189951e-05,-8.983152841195546e-05,3,1269,train,"-74.1683608496,18.3779997895,-74.1568624139,18.3894982251"
41,-74.16836084955168,18.372250571658284,-74.15686241391495,18.383749007295016,8.983152841189951e-05,-8.983152841195546e-05,3,1269,train,"-74.1683608496,18.3722505717,-74.1568624139,18.3837490073"
42,-74.16836084955168,18.36650135383992,-74.15686241391495,18.37799978947665,8.983152841189951e-05,-8.983152841195546e-05,3,1269,train,"-74.1683608496,18.3665013538,-74.1568624139,18.3779997895"
43,-74.16261163173331,18.475736492388855,-74.15111319609659,18.487234928025586,8.983152841189951e-05,-8.983152841195546e-05,3,1269,train,"-74.1626116317,18.4757364924,-74.1511131961,18.4872349280"
44,-74.16261163173331,18.46998727457049,-74.15111319609659,18.48148571020722,8.983152841189951e-05,-8.983152841195546e-05,3,1269,train,"-74.1626116317,18.4699872746,-74.1511131961,18.4814857102"
45,-74.16261163173331,18.464238056752123,-74.15111319609659,18.475736492388855,8.983152841189951e-05,-8.983152841195546e-05,3,1269,train,"-74.1626116317,18.4642380568,-74.1511131961,18.4757364924"
46,-74.16261163173331,18.45848883893376,-74.15111319609659,18.469987274570492,8.983152841189951e-05,-8.983152841195546e-05,3,1269,train,"-74.1626116317,18.4584888389,-74.1511131961,18.4699872746"
47,-74.16261163173331,18.44699040329703,-74.15111319609659,18.45848883893376,8.983152841189951e-05,-8.983152841195546e-05,3,1269,train,"-74.1626116317,18.4469904033,-74.1511131961,18.4584888389"
48,-74.16261163173331,18.383749007295016,-74.15111319609659,18.395247442931748,8.983152841189951e-05,-8.983152841195546e-05,3,1269,train,"-74.1626116317,18.3837490073,-74.1511131961,18.3952474429"
49,-74.16261163173331,18.37799978947665,-74.15111319609659,18.389498225113382,8.983152841189951e-05,-8.983152841195546e-05,3,1269,train,"-74.1626116317,18.3779997895,-74.1511131961,18.3894982251"
50,-74.16261163173331,18.372250571658284,-74.15111319609659,18.383749007295016,8.983152841189951e-05,-8.983152841195546e-05,3,1269,train,"-74.1626116317,18.3722505717,-74.1511131961,18.3837490073"
51,-74.16261163173331,18.36650135383992,-74.15111319609659,18.37799978947665,8.983152841189951e-05,-8.983152841195546e-05,3,1269,train,"-74.1626116317,18.3665013538,-74.1511131961,18.3779997895"
52,-74.16261163173331,18.35500291820319,-74.15111319609659,18.366501353839922,8.983152841189951e-05,-8.983152841195546e-05,3,1269,train,"-74.1626116317,18.3550029182,-74.1511131961,18.3665013538"
53,-74.16261163173331,18.349253700384825,-74.15111319609659,18.360752136021556,8.983152841189951e-05,-8.983152841195546e-05,3,1269,train,"-74.1626116317,18.3492537004,-74.1511131961,18.3607521360"
54,-74.15686241391495,18.46998727457049,-74.14536397827823,18.48148571020722,8.983152841189951e-05,-8.983152841195546e-05,3,1269,train,"-74.1568624139,18.4699872746,-74.1453639783,18.4814857102"
55,-74.15686241391495,18.464238056752123,-74.14536397827823,18.475736492388855,8.983152841189951e-05,-8.983152841195546e-05,3,1269,train,"-74.1568624139,18.4642380568,-74.1453639783,18.4757364924"
56,-74.15686241391495,18.45848883893376,-74.14536397827823,18.469987274570492,8.983152841189951e-05,-8.983152841195546e-05,3,1269,train,"-74.1568624139,18.4584888389,-74.1453639783,18.4699872746"
57,-74.15686241391495,18.452739621115395,-74.14536397827823,18.464238056752126,8.983152841189951e-05,-8.983152841195546e-05,3,1269,train,"-74.1568624139,18.4527396211,-74.1453639783,18.4642380568"
58,-74.15686241391495,18.44699040329703,-74.14536397827823,18.45848883893376,8.983152841189951e-05,-8.983152841195546e-05,3,1269,train,"-74.1568624139,18.4469904033,-74.1453639783,18.4584888389"
59,-74.15686241391495,18.441241185478663,-74.14536397827823,18.452739621115395,8.983152841189951e-05,-8.983152841195546e-05,3,1269,train,"-74.1568624139,18.4412411855,-74.1453639783,18.4527396211"
60,-74.15686241391495,18.41249509638684,-74.14536397827823,18.42399353202357,8.983152841189951e-05,-8.983152841192748e-05,3,1269,train,"-74.1568624139,18.4124950964,-74.1453639783,18.4239935320"
61,-74.15686241391495,18.406745878568476,-74.14536397827823,18.418244314205207,8.983152841189951e-05,-8.983152841195546e-05,3,1269,train,"-74.1568624139,18.4067458786,-74.1453639783,18.4182443142"
62,-74.15686241391495,18.40099666075011,-74.14536397827823,18.41249509638684,8.983152841189951e-05,-8.983152841195546e-05,3,1269,train,"-74.1568624139,18.4009966608,-74.1453639783,18.4124950964"
63,-74.15686241391495,18.395247442931744,-74.14536397827823,18.406745878568476,8.983152841189951e-05,-8.983152841195546e-05,3,1269,train,"-74.1568624139,18.3952474429,-74.1453639783,18.4067458786"
64,-74.15686241391495,18.389498225113382,-74.14536397827823,18.40099666075011,8.983152841189951e-05,-8.983152841192748e-05,3,1269,train,"-74.1568624139,18.3894982251,-74.1453639783,18.4009966608"
65,-74.15686241391495,18.383749007295016,-74.14536397827823,18.395247442931748,8.983152841189951e-05,-8.983152841195546e-05,3,1269,train,"-74.1568624139,18.3837490073,-74.1453639783,18.3952474429"
66,-74.15686241391495,18.37799978947665,-74.14536397827823,18.389498225113382,8.983152841189951e-05,-8.983152841195546e-05,3,1269,train,"-74.1568624139,18.3779997895,-74.1453639783,18.3894982251"
67,-74.15686241391495,18.372250571658284,-74.14536397827823,18.383749007295016,8.983152841189951e-05,-8.983152841195546e-05,3,1269,train,"-74.1568624139,18.3722505717,-74.1453639783,18.3837490073"
68,-74.15686241391495,18.36650135383992,-74.14536397827823,18.37799978947665,8.983152841189951e-05,-8.983152841195546e-05,3,1269,train,"-74.1568624139,18.3665013538,-74.1453639783,18.3779997895"
69,-74.15686241391495,18.35500291820319,-74.14536397827823,18.366501353839922,8.983152841189951e-05,-8.983152841195546e-05,3,1269,train,"-74.1568624139,18.3550029182,-74.1453639783,18.3665013538"
70,-74.15686241391495,18.349253700384825,-74.14536397827823,18.360752136021556,8.983152841189951e-05,-8.983152841195546e-05,3,1269,train,"-74.1568624139,18.3492537004,-74.1453639783,18.3607521360"
71,-74.15111319609659,18.464238056752123,-74.13961476045985,18.475736492388855,8.98315284120114e-05,-8.983152841195546e-05,3,1269,train,"-74.1511131961,18.4642380568,-74.1396147605,18.4757364924"
72,-74.15111319609659,18.45848883893376,-74.13961476045985,18.469987274570492,8.98315284120114e-05,-8.983152841195546e-05,3,1269,train,"-74.1511131961,18.4584888389,-74.1396147605,18.4699872746"
73,-74.15111319609659,18.452739621115395,-74.13961476045985,18.464238056752126,8.98315284120114e-05,-8.983152841195546e-05,3,1269,train,"-74.1511131961,18.4527396211,-74.1396147605,18.4642380568"
74,-74.15111319609659,18.44699040329703,-74.13961476045985,18.45848883893376,8.98315284120114e-05,-8.983152841195546e-05,3,1269,train,"-74.1511131961,18.4469904033,-74.1396147605,18.4584888389"
75,-74.15111319609659,18.4354919676603,-74.13961476045985,18.44699040329703,8.98315284120114e-05,-8.983152841192748e-05,3,1269,train,"-74.1511131961,18.4354919677,-74.1396147605,18.4469904033"
76,-74.15111319609659,18.429742749841935,-74.13961476045985,18.441241185478667,8.98315284120114e-05,-8.983152841195546e-05,3,1269,train,"-74.1511131961,18.4297427498,-74.1396147605,18.4412411855"
77,-74.15111319609659,18.42399353202357,-74.13961476045985,18.4354919676603,8.98315284120114e-05,-8.983152841195546e-05,3,1269,train,"-74.1511131961,18.4239935320,-74.1396147605,18.4354919677"
78,-74.15111319609659,18.418244314205204,-74.13961476045985,18.429742749841935,8.98315284120114e-05,-8.983152841195546e-05,3,1269,train,"-74.1511131961,18.4182443142,-74.1396147605,18.4297427498"
79,-74.15111319609659,18.41249509638684,-74.13961476045985,18.42399353202357,8.98315284120114e-05,-8.983152841192748e-05,3,1269,train,"-74.1511131961,18.4124950964,-74.1396147605,18.4239935320"
80,-74.15111319609659,18.406745878568476,-74.13961476045985,18.418244314205207,8.98315284120114e-05,-8.983152841195546e-05,3,1269,train,"-74.1511131961,18.4067458786,-74.1396147605,18.4182443142"
81,-74.15111319609659,18.40099666075011,-74.13961476045985,18.41249509638684,8.98315284120114e-05,-8.983152841195546e-05,3,1269,train,"-74.1511131961,18.4009966608,-74.1396147605,18.4124950964"
82,-74.15111319609659,18.395247442931744,-74.13961476045985,18.406745878568476,8.98315284120114e-05,-8.983152841195546e-05,3,1269,train,"-74.1511131961,18.3952474429,-74.1396147605,18.4067458786"
83,-74.15111319609659,18.389498225113382,-74.13961476045985,18.40099666075011,8.98315284120114e-05,-8.983152841192748e-05,3,1269,train,"-74.1511131961,18.3894982251,-74.1396147605,18.4009966608"
84,-74.15111319609659,18.383749007295016,-74.13961476045985,18.395247442931748,8.98315284120114e-05,-8.983152841195546e-05,3,1269,train,"-74.1511131961,18.3837490073,-74.1396147605,18.3952474429"
85,-74.15111319609659,18.37799978947665,-74.13961476045985,18.389498225113382,8.98315284120114e-05,-8.983152841195546e-05,3,1269,train,"-74.1511131961,18.3779997895,-74.1396147605,18.3894982251"
86,-74.15111319609659,18.372250571658284,-74.13961476045985,18.383749007295016,8.98315284120114e-05,-8.983152841195546e-05,3,1269,train,"-74.1511131961,18.3722505717,-74.1396147605,18.3837490073"
87,-74.15111319609659,18.36650135383992,-74.13961476045985,18.37799978947665,8.98315284120114e-05,-8.983152841195546e-05,3,1269,train,"-74.1511131961,18.3665013538,-74.1396147605,18.3779997895"
88,-74.15111319609659,18.360752136021556,-74.13961476045985,18.372250571658288,8.98315284120114e-05,-8.983152841195546e-05,3,1269,train,"-74.1511131961,18.3607521360,-74.1396147605,18.3722505717"
89,-74.14536397827823,18.510231799299042,-74.13386554264149,18.521730234935774,8.98315284120114e-05,-8.983152841195546e-05,4,10,test,"-74.1453639783,18.5102317993,-74.1338655426,18.5217302349"
90,-74.14536397827823,18.50448258148068,-74.13386554264149,18.51598101711741,8.98315284120114e-05,-8.983152841195546e-05,4,10,test,"-74.1453639783,18.5044825815,-74.1338655426,18.5159810171"
91,-74.14536397827823,18.48148571020722,-74.13386554264149,18.492984145843952,8.98315284120114e-05,-8.983152841195546e-05,3,1269,train,"-74.1453639783,18.4814857102,-74.1338655426,18.4929841458"
92,-74.14536397827823,18.475736492388855,-74.13386554264149,18.487234928025586,8.98315284120114e-05,-8.983152841195546e-05,3,1269,train,"-74.1453639783,18.4757364924,-74.1338655426,18.4872349280"
93,-74.14536397827823,18.464238056752123,-74.13386554264149,18.475736492388855,8.98315284120114e-05,-8.983152841195546e-05,3,1269,train,"-74.1453639783,18.4642380568,-74.1338655426,18.4757364924"
94,-74.14536397827823,18.45848883893376,-74.13386554264149,18.469987274570492,8.98315284120114e-05,-8.983152841195546e-05,3,1269,train,"-74.1453639783,18.4584888389,-74.1338655426,18.4699872746"
95,-74.14536397827823,18.452739621115395,-74.13386554264149,18.464238056752126,8.98315284120114e-05,-8.983152841195546e-05,3,1269,train,"-74.1453639783,18.4527396211,-74.1338655426,18.4642380568"
96,-74.14536397827823,18.44699040329703,-74.13386554264149,18.45848883893376,8.98315284120114e-05,-8.983152841195546e-05,3,1269,train,"-74.1453639783,18.4469904033,-74.1338655426,18.4584888389"
97,-74.14536397827823,18.441241185478663,-74.13386554264149,18.452739621115395,8.98315284120114e-05,-8.983152841195546e-05,3,1269,train,"-74.1453639783,18.4412411855,-74.1338655426,18.4527396211"
98,-74.14536397827823,18.4354919676603,-74.13386554264149,18.44699040329703,8.98315284120114e-05,-8.983152841192748e-05,3,1269,train,"-74.1453639783,18.4354919677,-74.1338655426,18.4469904033"
99,-74.14536397827823,18.429742749841935,-74.13386554264149,18.441241185478667,8.98315284120114e-05,-8.983152841195546e-05,3,1269,train,"-74.1453639783,18.4297427498,-74.1338655426,18.4412411855"
100,-74.14536397827823,18.42399353202357,-74.13386554264149,18.4354919676603,8.98315284120114e-05,-8.983152841195546e-05,3,1269,train,"-74.1453639783,18.4239935320,-74.1338655426,18.4354919677"
101,-74.14536397827823,18.418244314205204,-74.13386554264149,18.429742749841935,8.98315284120114e-05,-8.983152841195546e-05,3,1269,train,"-74.1453639783,18.4182443142,-74.1338655426,18.4297427498"
102,-74.14536397827823,18.41249509638684,-74.13386554264149,18.42399353202357,8.98315284120114e-05,-8.983152841192748e-05,3,1269,train,"-74.1453639783,18.4124950964,-74.1338655426,18.4239935320"
103,-74.14536397827823,18.406745878568476,-74.13386554264149,18.418244314205207,8.98315284120114e-05,-8.983152841195546e-05,3,1269,train,"-74.1453639783,18.4067458786,-74.1338655426,18.4182443142"
104,-74.14536397827823,18.40099666075011,-74.13386554264149,18.41249509638684,8.98315284120114e-05,-8.983152841195546e-05,3,1269,train,"-74.1453639783,18.4009966608,-74.1338655426,18.4124950964"
105,-74.14536397827823,18.395247442931744,-74.13386554264149,18.406745878568476,8.98315284120114e-05,-8.983152841195546e-05,3,1269,train,"-74.1453639783,18.3952474429,-74.1338655426,18.4067458786"
106,-74.14536397827823,18.389498225113382,-74.13386554264149,18.40099666075011,8.98315284120114e-05,-8.983152841192748e-05,3,1269,train,"-74.1453639783,18.3894982251,-74.1338655426,18.4009966608"
107,-74.14536397827823,18.383749007295016,-74.13386554264149,18.395247442931748,8.98315284120114e-05,-8.983152841195546e-05,3,1269,train,"-74.1453639783,18.3837490073,-74.1338655426,18.3952474429"
108,-74.14536397827823,18.37799978947665,-74.13386554264149,18.389498225113382,8.98315284120114e-05,-8.983152841195546e-05,3,1269,train,"-74.1453639783,18.3779997895,-74.1338655426,18.3894982251"
109,-74.14536397827823,18.372250571658284,-74.13386554264149,18.383749007295016,8.98315284120114e-05,-8.983152841195546e-05,3,1269,train,"-74.1453639783,18.3722505717,-74.1338655426,18.3837490073"
110,-74.14536397827823,18.36650135383992,-74.13386554264149,18.37799978947665,8.98315284120114e-05,-8.983152841195546e-05,3,1269,train,"-74.1453639783,18.3665013538,-74.1338655426,18.3779997895"
111,-74.14536397827823,18.360752136021556,-74.13386554264149,18.372250571658288,8.98315284120114e-05,-8.983152841195546e-05,3,1269,train,"-74.1453639783,18.3607521360,-74.1338655426,18.3722505717"
112,-74.14536397827823,18.303259957837906,-74.13386554264149,18.314758393474637,8.98315284120114e-05,-8.983152841195546e-05,5,9,val,"-74.1453639783,18.3032599578,-74.1338655426,18.3147583935"
113,-74.14536397827823,18.29751074001954,-74.13386554264149,18.30900917565627,8.98315284120114e-05,-8.983152841195546e-05,5,9,val,"-74.1453639783,18.2975107400,-74.1338655426,18.3090091757"
114,-74.13961476045985,18.510231799299042,-74.12811632482313,18.521730234935774,8.983152841189951e-05,-8.983152841195546e-05,4,10,test,"-74.1396147605,18.5102317993,-74.1281163248,18.5217302349"
115,-74.13961476045985,18.50448258148068,-74.12811632482313,18.51598101711741,8.983152841189951e-05,-8.983152841195546e-05,4,10,test,"-74.1396147605,18.5044825815,-74.1281163248,18.5159810171"
116,-74.13961476045985,18.48148571020722,-74.12811632482313,18.492984145843952,8.983152841189951e-05,-8.983152841195546e-05,3,1269,train,"-74.1396147605,18.4814857102,-74.1281163248,18.4929841458"
117,-74.13961476045985,18.475736492388855,-74.12811632482313,18.487234928025586,8.983152841189951e-05,-8.983152841195546e-05,3,1269,train,"-74.1396147605,18.4757364924,-74.1281163248,18.4872349280"
118,-74.13961476045985,18.46998727457049,-74.12811632482313,18.48148571020722,8.983152841189951e-05,-8.983152841195546e-05,3,1269,train,"-74.1396147605,18.4699872746,-74.1281163248,18.4814857102"
119,-74.13961476045985,18.452739621115395,-74.12811632482313,18.464238056752126,8.983152841189951e-05,-8.983152841195546e-05,3,1269,train,"-74.1396147605,18.4527396211,-74.1281163248,18.4642380568"
120,-74.13961476045985,18.44699040329703,-74.12811632482313,18.45848883893376,8.983152841189951e-05,-8.983152841195546e-05,3,1269,train,"-74.1396147605,18.4469904033,-74.1281163248,18.4584888389"
121,-74.13961476045985,18.441241185478663,-74.12811632482313,18.452739621115395,8.983152841189951e-05,-8.983152841195546e-05,3,1269,train,"-74.1396147605,18.4412411855,-74.1281163248,18.4527396211"
122,-74.13961476045985,18.4354919676603,-74.12811632482313,18.44699040329703,8.983152841189951e-05,-8.983152841192748e-05,3,1269,train,"-74.1396147605,18.4354919677,-74.1281163248,18.4469904033"
123,-74.13961476045985,18.418244314205204,-74.12811632482313,18.429742749841935,8.983152841189951e-05,-8.983152841195546e-05,3,1269,train,"-74.1396147605,18.4182443142,-74.1281163248,18.4297427498"
124,-74.13961476045985,18.41249509638684,-74.12811632482313,18.42399353202357,8.983152841189951e-05,-8.983152841192748e-05,3,1269,train,"-74.1396147605,18.4124950964,-74.1281163248,18.4239935320"
125,-74.13961476045985,18.406745878568476,-74.12811632482313,18.418244314205207,8.983152841189951e-05,-8.983152841195546e-05,3,1269,train,"-74.1396147605,18.4067458786,-74.1281163248,18.4182443142"
126,-74.13961476045985,18.40099666075011,-74.12811632482313,18.41249509638684,8.983152841189951e-05,-8.983152841195546e-05,3,1269,train,"-74.1396147605,18.4009966608,-74.1281163248,18.4124950964"
127,-74.13961476045985,18.395247442931744,-74.12811632482313,18.406745878568476,8.983152841189951e-05,-8.983152841195546e-05,3,1269,train,"-74.1396147605,18.3952474429,-74.1281163248,18.4067458786"
128,-74.13961476045985,18.389498225113382,-74.12811632482313,18.40099666075011,8.983152841189951e-05,-8.983152841192748e-05,3,1269,train,"-74.1396147605,18.3894982251,-74.1281163248,18.4009966608"
129,-74.13961476045985,18.383749007295016,-74.12811632482313,18.395247442931748,8.983152841189951e-05,-8.983152841195546e-05,3,1269,train,"-74.1396147605,18.3837490073,-74.1281163248,18.3952474429"
130,-74.13961476045985,18.37799978947665,-74.12811632482313,18.389498225113382,8.983152841189951e-05,-8.983152841195546e-05,3,1269,train,"-74.1396147605,18.3779997895,-74.1281163248,18.3894982251"
131,-74.13961476045985,18.372250571658284,-74.12811632482313,18.383749007295016,8.983152841189951e-05,-8.983152841195546e-05,3,1269,train,"-74.1396147605,18.3722505717,-74.1281163248,18.3837490073"
132,-74.13961476045985,18.36650135383992,-74.12811632482313,18.37799978947665,8.983152841189951e-05,-8.983152841195546e-05,3,1269,train,"-74.1396147605,18.3665013538,-74.1281163248,18.3779997895"
133,-74.13961476045985,18.34350448256646,-74.12811632482313,18.35500291820319,8.983152841189951e-05,-8.983152841195546e-05,3,1269,train,"-74.1396147605,18.3435044826,-74.1281163248,18.3550029182"
134,-74.13961476045985,18.337755264748097,-74.12811632482313,18.34925370038483,8.983152841189951e-05,-8.983152841195546e-05,3,1269,train,"-74.1396147605,18.3377552647,-74.1281163248,18.3492537004"
135,-74.13961476045985,18.30900917565627,-74.12811632482313,18.320507611293003,8.983152841189951e-05,-8.983152841195546e-05,5,9,val,"-74.1396147605,18.3090091757,-74.1281163248,18.3205076113"
136,-74.13961476045985,18.303259957837906,-74.12811632482313,18.314758393474637,8.983152841189951e-05,-8.983152841195546e-05,5,9,val,"-74.1396147605,18.3032599578,-74.1281163248,18.3147583935"
137,-74.13961476045985,18.29751074001954,-74.12811632482313,18.30900917565627,8.983152841189951e-05,-8.983152841195546e-05,5,9,val,"-74.1396147605,18.2975107400,-74.1281163248,18.3090091757"
138,-74.13386554264149,18.510231799299042,-74.12236710700476,18.521730234935774,8.983152841189951e-05,-8.983152841195546e-05,4,10,test,"-74.1338655426,18.5102317993,-74.1223671070,18.5217302349"
139,-74.13386554264149,18.50448258148068,-74.12236710700476,18.51598101711741,8.983152841189951e-05,-8.983152841195546e-05,4,10,test,"-74.1338655426,18.5044825815,-74.1223671070,18.5159810171"
140,-74.13386554264149,18.475736492388855,-74.12236710700476,18.487234928025586,8.983152841189951e-05,-8.983152841195546e-05,3,1269,train,"-74.1338655426,18.4757364924,-74.1223671070,18.4872349280"
141,-74.13386554264149,18.46998727457049,-74.12236710700476,18.48148571020722,8.983152841189951e-05,-8.983152841195546e-05,3,1269,train,"-74.1338655426,18.4699872746,-74.1223671070,18.4814857102"
142,-74.13386554264149,18.464238056752123,-74.12236710700476,18.475736492388855,8.983152841189951e-05,-8.983152841195546e-05,3,1269,train,"-74.1338655426,18.4642380568,-74.1223671070,18.4757364924"
143,-74.13386554264149,18.45848883893376,-74.12236710700476,18.469987274570492,8.983152841189951e-05,-8.983152841195546e-05,3,1269,train,"-74.1338655426,18.4584888389,-74.1223671070,18.4699872746"
144,-74.13386554264149,18.441241185478663,-74.12236710700476,18.452739621115395,8.983152841189951e-05,-8.983152841195546e-05,3,1269,train,"-74.1338655426,18.4412411855,-74.1223671070,18.4527396211"
145,-74.13386554264149,18.4354919676603,-74.12236710700476,18.44699040329703,8.983152841189951e-05,-8.983152841192748e-05,3,1269,train,"-74.1338655426,18.4354919677,-74.1223671070,18.4469904033"
146,-74.13386554264149,18.429742749841935,-74.12236710700476,18.441241185478667,8.983152841189951e-05,-8.983152841195546e-05,3,1269,train,"-74.1338655426,18.4297427498,-74.1223671070,18.4412411855"
147,-74.13386554264149,18.42399353202357,-74.12236710700476,18.4354919676603,8.983152841189951e-05,-8.983152841195546e-05,3,1269,train,"-74.1338655426,18.4239935320,-74.1223671070,18.4354919677"
148,-74.13386554264149,18.418244314205204,-74.12236710700476,18.429742749841935,8.983152841189951e-05,-8.983152841195546e-05,3,1269,train,"-74.1338655426,18.4182443142,-74.1223671070,18.4297427498"
149,-74.13386554264149,18.41249509638684,-74.12236710700476,18.42399353202357,8.983152841189951e-05,-8.983152841192748e-05,3,1269,train,"-74.1338655426,18.4124950964,-74.1223671070,18.4239935320"
150,-74.13386554264149,18.406745878568476,-74.12236710700476,18.418244314205207,8.983152841189951e-05,-8.983152841195546e-05,3,1269,train,"-74.1338655426,18.4067458786,-74.1223671070,18.4182443142"
151,-74.13386554264149,18.40099666075011,-74.12236710700476,18.41249509638684,8.983152841189951e-05,-8.983152841195546e-05,3,1269,train,"-74.1338655426,18.4009966608,-74.1223671070,18.4124950964"
152,-74.13386554264149,18.395247442931744,-74.12236710700476,18.406745878568476,8.983152841189951e-05,-8.983152841195546e-05,3,1269,train,"-74.1338655426,18.3952474429,-74.1223671070,18.4067458786"
153,-74.13386554264149,18.389498225113382,-74.12236710700476,18.40099666075011,8.983152841189951e-05,-8.983152841192748e-05,3,1269,train,"-74.1338655426,18.3894982251,-74.1223671070,18.4009966608"
154,-74.13386554264149,18.383749007295016,-74.12236710700476,18.395247442931748,8.983152841189951e-05,-8.983152841195546e-05,3,1269,train,"-74.1338655426,18.3837490073,-74.1223671070,18.3952474429"
155,-74.13386554264149,18.37799978947665,-74.12236710700476,18.389498225113382,8.983152841189951e-05,-8.983152841195546e-05,3,1269,train,"-74.1338655426,18.3779997895,-74.1223671070,18.3894982251"
156,-74.13386554264149,18.372250571658284,-74.12236710700476,18.383749007295016,8.983152841189951e-05,-8.983152841195546e-05,3,1269,train,"-74.1338655426,18.3722505717,-74.1223671070,18.3837490073"
157,-74.13386554264149,18.36650135383992,-74.12236710700476,18.37799978947665,8.983152841189951e-05,-8.983152841195546e-05,3,1269,train,"-74.1338655426,18.3665013538,-74.1223671070,18.3779997895"
158,-74.13386554264149,18.360752136021556,-74.12236710700476,18.372250571658288,8.983152841189951e-05,-8.983152841195546e-05,3,1269,train,"-74.1338655426,18.3607521360,-74.1223671070,18.3722505717"
159,-74.13386554264149,18.35500291820319,-74.12236710700476,18.366501353839922,8.983152841189951e-05,-8.983152841195546e-05,3,1269,train,"-74.1338655426,18.3550029182,-74.1223671070,18.3665013538"
160,-74.13386554264149,18.349253700384825,-74.12236710700476,18.360752136021556,8.983152841189951e-05,-8.983152841195546e-05,3,1269,train,"-74.1338655426,18.3492537004,-74.1223671070,18.3607521360"
161,-74.13386554264149,18.34350448256646,-74.12236710700476,18.35500291820319,8.983152841189951e-05,-8.983152841195546e-05,3,1269,train,"-74.1338655426,18.3435044826,-74.1223671070,18.3550029182"
162,-74.13386554264149,18.337755264748097,-74.12236710700476,18.34925370038483,8.983152841189951e-05,-8.983152841195546e-05,3,1269,train,"-74.1338655426,18.3377552647,-74.1223671070,18.3492537004"
163,-74.13386554264149,18.33200604692973,-74.12236710700476,18.343504482566463,8.983152841189951e-05,-8.983152841195546e-05,3,1269,train,"-74.1338655426,18.3320060469,-74.1223671070,18.3435044826"
164,-74.13386554264149,18.30900917565627,-74.12236710700476,18.320507611293003,8.983152841189951e-05,-8.983152841195546e-05,5,9,val,"-74.1338655426,18.3090091757,-74.1223671070,18.3205076113"
165,-74.13386554264149,18.303259957837906,-74.12236710700476,18.314758393474637,8.983152841189951e-05,-8.983152841195546e-05,5,9,val,"-74.1338655426,18.3032599578,-74.1223671070,18.3147583935"
166,-74.13386554264149,18.257266215290986,-74.12236710700476,18.268764650927718,8.983152841189951e-05,-8.983152841195546e-05,6,9,test,"-74.1338655426,18.2572662153,-74.1223671070,18.2687646509"
167,-74.13386554264149,18.25151699747262,-74.12236710700476,18.263015433109352,8.983152841189951e-05,-8.983152841195546e-05,6,9,test,"-74.1338655426,18.2515169975,-74.1223671070,18.2630154331"
168,-74.12811632482313,18.510231799299042,-74.1166178891864,18.521730234935774,8.983152841189951e-05,-8.983152841195546e-05,4,10,test,"-74.1281163248,18.5102317993,-74.1166178892,18.5217302349"
169,-74.12811632482313,18.50448258148068,-74.1166178891864,18.51598101711741,8.983152841189951e-05,-8.983152841195546e-05,4,10,test,"-74.1281163248,18.5044825815,-74.1166178892,18.5159810171"
170,-74.12811632482313,18.475736492388855,-74.1166178891864,18.487234928025586,8.983152841189951e-05,-8.983152841195546e-05,3,1269,train,"-74.1281163248,18.4757364924,-74.1166178892,18.4872349280"
171,-74.12811632482313,18.46998727457049,-74.1166178891864,18.48148571020722,8.983152841189951e-05,-8.983152841195546e-05,3,1269,train,"-74.1281163248,18.4699872746,-74.1166178892,18.4814857102"
172,-74.12811632482313,18.464238056752123,-74.1166178891864,18.475736492388855,8.983152841189951e-05,-8.983152841195546e-05,3,1269,train,"-74.1281163248,18.4642380568,-74.1166178892,18.4757364924"
173,-74.12811632482313,18.45848883893376,-74.1166178891864,18.469987274570492,8.983152841189951e-05,-8.983152841195546e-05,3,1269,train,"-74.1281163248,18.4584888389,-74.1166178892,18.4699872746"
174,-74.12811632482313,18.4354919676603,-74.1166178891864,18.44699040329703,8.983152841189951e-05,-8.983152841192748e-05,3,1269,train,"-74.1281163248,18.4354919677,-74.1166178892,18.4469904033"
175,-74.12811632482313,18.429742749841935,-74.1166178891864,18.441241185478667,8.983152841189951e-05,-8.983152841195546e-05,3,1269,train,"-74.1281163248,18.4297427498,-74.1166178892,18.4412411855"
176,-74.12811632482313,18.42399353202357,-74.1166178891864,18.4354919676603,8.983152841189951e-05,-8.983152841195546e-05,3,1269,train,"-74.1281163248,18.4239935320,-74.1166178892,18.4354919677"
177,-74.12811632482313,18.418244314205204,-74.1166178891864,18.429742749841935,8.983152841189951e-05,-8.983152841195546e-05,3,1269,train,"-74.1281163248,18.4182443142,-74.1166178892,18.4297427498"
178,-74.12811632482313,18.41249509638684,-74.1166178891864,18.42399353202357,8.983152841189951e-05,-8.983152841192748e-05,3,1269,train,"-74.1281163248,18.4124950964,-74.1166178892,18.4239935320"
179,-74.12811632482313,18.406745878568476,-74.1166178891864,18.418244314205207,8.983152841189951e-05,-8.983152841195546e-05,3,1269,train,"-74.1281163248,18.4067458786,-74.1166178892,18.4182443142"
180,-74.12811632482313,18.40099666075011,-74.1166178891864,18.41249509638684,8.983152841189951e-05,-8.983152841195546e-05,3,1269,train,"-74.1281163248,18.4009966608,-74.1166178892,18.4124950964"
181,-74.12811632482313,18.395247442931744,-74.1166178891864,18.406745878568476,8.983152841189951e-05,-8.983152841195546e-05,3,1269,train,"-74.1281163248,18.3952474429,-74.1166178892,18.4067458786"
182,-74.12811632482313,18.389498225113382,-74.1166178891864,18.40099666075011,8.983152841189951e-05,-8.983152841192748e-05,3,1269,train,"-74.1281163248,18.3894982251,-74.1166178892,18.4009966608"
183,-74.12811632482313,18.383749007295016,-74.1166178891864,18.395247442931748,8.983152841189951e-05,-8.983152841195546e-05,3,1269,train,"-74.1281163248,18.3837490073,-74.1166178892,18.3952474429"
184,-74.12811632482313,18.37799978947665,-74.1166178891864,18.389498225113382,8.983152841189951e-05,-8.983152841195546e-05,3,1269,train,"-74.1281163248,18.3779997895,-74.1166178892,18.3894982251"
185,-74.12811632482313,18.372250571658284,-74.1166178891864,18.383749007295016,8.983152841189951e-05,-8.983152841195546e-05,3,1269,train,"-74.1281163248,18.3722505717,-74.1166178892,18.3837490073"
186,-74.12811632482313,18.36650135383992,-74.1166178891864,18.37799978947665,8.983152841189951e-05,-8.983152841195546e-05,3,1269,train,"-74.1281163248,18.3665013538,-74.1166178892,18.3779997895"
187,-74.12811632482313,18.360752136021556,-74.1166178891864,18.372250571658288,8.983152841189951e-05,-8.983152841195546e-05,3,1269,train,"-74.1281163248,18.3607521360,-74.1166178892,18.3722505717"
188,-74.12811632482313,18.35500291820319,-74.1166178891864,18.366501353839922,8.983152841189951e-05,-8.983152841195546e-05,3,1269,train,"-74.1281163248,18.3550029182,-74.1166178892,18.3665013538"
189,-74.12811632482313,18.349253700384825,-74.1166178891864,18.360752136021556,8.983152841189951e-05,-8.983152841195546e-05,3,1269,train,"-74.1281163248,18.3492537004,-74.1166178892,18.3607521360"
190,-74.12811632482313,18.34350448256646,-74.1166178891864,18.35500291820319,8.983152841189951e-05,-8.983152841195546e-05,3,1269,train,"-74.1281163248,18.3435044826,-74.1166178892,18.3550029182"
191,-74.12811632482313,18.337755264748097,-74.1166178891864,18.34925370038483,8.983152841189951e-05,-8.983152841195546e-05,3,1269,train,"-74.1281163248,18.3377552647,-74.1166178892,18.3492537004"
192,-74.12811632482313,18.33200604692973,-74.1166178891864,18.343504482566463,8.983152841189951e-05,-8.983152841195546e-05,3,1269,train,"-74.1281163248,18.3320060469,-74.1166178892,18.3435044826"
193,-74.12811632482313,18.30900917565627,-74.1166178891864,18.320507611293003,8.983152841189951e-05,-8.983152841195546e-05,5,9,val,"-74.1281163248,18.3090091757,-74.1166178892,18.3205076113"
194,-74.12811632482313,18.303259957837906,-74.1166178891864,18.314758393474637,8.983152841189951e-05,-8.983152841195546e-05,5,9,val,"-74.1281163248,18.3032599578,-74.1166178892,18.3147583935"
195,-74.12811632482313,18.263015433109352,-74.1166178891864,18.274513868746084,8.983152841189951e-05,-8.983152841195546e-05,6,9,test,"-74.1281163248,18.2630154331,-74.1166178892,18.2745138687"
196,-74.12811632482313,18.257266215290986,-74.1166178891864,18.268764650927718,8.983152841189951e-05,-8.983152841195546e-05,6,9,test,"-74.1281163248,18.2572662153,-74.1166178892,18.2687646509"
197,-74.12811632482313,18.25151699747262,-74.1166178891864,18.263015433109352,8.983152841189951e-05,-8.983152841195546e-05,6,9,test,"-74.1281163248,18.2515169975,-74.1166178892,18.2630154331"
198,-74.12236710700476,18.510231799299042,-74.11086867136802,18.521730234935774,8.98315284120114e-05,-8.983152841195546e-05,4,10,test,"-74.1223671070,18.5102317993,-74.1108686714,18.5217302349"
199,-74.12236710700476,18.50448258148068,-74.11086867136802,18.51598101711741,8.98315284120114e-05,-8.983152841195546e-05,4,10,test,"-74.1223671070,18.5044825815,-74.1108686714,18.5159810171"
200,-74.12236710700476,18.45848883893376,-74.11086867136802,18.469987274570492,8.98315284120114e-05,-8.983152841195546e-05,3,1269,train,"-74.1223671070,18.4584888389,-74.1108686714,18.4699872746"
201,-74.12236710700476,18.4354919676603,-74.11086867136802,18.44699040329703,8.98315284120114e-05,-8.983152841192748e-05,3,1269,train,"-74.1223671070,18.4354919677,-74.1108686714,18.4469904033"
202,-74.12236710700476,18.429742749841935,-74.11086867136802,18.441241185478667,8.98315284120114e-05,-8.983152841195546e-05,3,1269,train,"-74.1223671070,18.4297427498,-74.1108686714,18.4412411855"
203,-74.12236710700476,18.42399353202357,-74.11086867136802,18.4354919676603,8.98315284120114e-05,-8.983152841195546e-05,3,1269,train,"-74.1223671070,18.4239935320,-74.1108686714,18.4354919677"
204,-74.12236710700476,18.418244314205204,-74.11086867136802,18.429742749841935,8.98315284120114e-05,-8.983152841195546e-05,3,1269,train,"-74.1223671070,18.4182443142,-74.1108686714,18.4297427498"
205,-74.12236710700476,18.41249509638684,-74.11086867136802,18.42399353202357,8.98315284120114e-05,-8.983152841192748e-05,3,1269,train,"-74.1223671070,18.4124950964,-74.1108686714,18.4239935320"
206,-74.12236710700476,18.406745878568476,-74.11086867136802,18.418244314205207,8.98315284120114e-05,-8.983152841195546e-05,3,1269,train,"-74.1223671070,18.4067458786,-74.1108686714,18.4182443142"
207,-74.12236710700476,18.40099666075011,-74.11086867136802,18.41249509638684,8.98315284120114e-05,-8.983152841195546e-05,3,1269,train,"-74.1223671070,18.4009966608,-74.1108686714,18.4124950964"
208,-74.12236710700476,18.395247442931744,-74.11086867136802,18.406745878568476,8.98315284120114e-05,-8.983152841195546e-05,3,1269,train,"-74.1223671070,18.3952474429,-74.1108686714,18.4067458786"
209,-74.12236710700476,18.389498225113382,-74.11086867136802,18.40099666075011,8.98315284120114e-05,-8.983152841192748e-05,3,1269,train,"-74.1223671070,18.3894982251,-74.1108686714,18.4009966608"
210,-74.12236710700476,18.383749007295016,-74.11086867136802,18.395247442931748,8.98315284120114e-05,-8.983152841195546e-05,3,1269,train,"-74.1223671070,18.3837490073,-74.1108686714,18.3952474429"
211,-74.12236710700476,18.37799978947665,-74.11086867136802,18.389498225113382,8.98315284120114e-05,-8.983152841195546e-05,3,1269,train,"-74.1223671070,18.3779997895,-74.1108686714,18.3894982251"
212,-74.12236710700476,18.372250571658284,-74.11086867136802,18.383749007295016,8.98315284120114e-05,-8.983152841195546e-05,3,1269,train,"-74.1223671070,18.3722505717,-74.1108686714,18.3837490073"
213,-74.12236710700476,18.36650135383992,-74.11086867136802,18.37799978947665,8.98315284120114e-05,-8.983152841195546e-05,3,1269,train,"-74.1223671070,18.3665013538,-74.1108686714,18.3779997895"
214,-74.12236710700476,18.360752136021556,-74.11086867136802,18.372250571658288,8.98315284120114e-05,-8.983152841195546e-05,3,1269,train,"-74.1223671070,18.3607521360,-74.1108686714,18.3722505717"
215,-74.12236710700476,18.35500291820319,-74.11086867136802,18.366501353839922,8.98315284120114e-05,-8.983152841195546e-05,3,1269,train,"-74.1223671070,18.3550029182,-74.1108686714,18.3665013538"
216,-74.12236710700476,18.349253700384825,-74.11086867136802,18.360752136021556,8.98315284120114e-05,-8.983152841195546e-05,3,1269,train,"-74.1223671070,18.3492537004,-74.1108686714,18.3607521360"
217,-74.12236710700476,18.34350448256646,-74.11086867136802,18.35500291820319,8.98315284120114e-05,-8.983152841195546e-05,3,1269,train,"-74.1223671070,18.3435044826,-74.1108686714,18.3550029182"
218,-74.12236710700476,18.337755264748097,-74.11086867136802,18.34925370038483,8.98315284120114e-05,-8.983152841195546e-05,3,1269,train,"-74.1223671070,18.3377552647,-74.1108686714,18.3492537004"
219,-74.12236710700476,18.263015433109352,-74.11086867136802,18.274513868746084,8.98315284120114e-05,-8.983152841195546e-05,6,9,test,"-74.1223671070,18.2630154331,-74.1108686714,18.2745138687"
220,-74.12236710700476,18.257266215290986,-74.11086867136802,18.268764650927718,8.98315284120114e-05,-8.983152841195546e-05,6,9,test,"-74.1223671070,18.2572662153,-74.1108686714,18.2687646509"
221,-74.1166178891864,18.45848883893376,-74.10511945354966,18.469987274570492,8.98315284120114e-05,-8.983152841195546e-05,3,1269,train,"-74.1166178892,18.4584888389,-74.1051194535,18.4699872746"
222,-74.1166178891864,18.452739621115395,-74.10511945354966,18.464238056752126,8.98315284120114e-05,-8.983152841195546e-05,3,1269,train,"-74.1166178892,18.4527396211,-74.1051194535,18.4642380568"
223,-74.1166178891864,18.429742749841935,-74.10511945354966,18.441241185478667,8.98315284120114e-05,-8.983152841195546e-05,3,1269,train,"-74.1166178892,18.4297427498,-74.1051194535,18.4412411855"
224,-74.1166178891864,18.42399353202357,-74.10511945354966,18.4354919676603,8.98315284120114e-05,-8.983152841195546e-05,3,1269,train,"-74.1166178892,18.4239935320,-74.1051194535,18.4354919677"
225,-74.1166178891864,18.418244314205204,-74.10511945354966,18.429742749841935,8.98315284120114e-05,-8.983152841195546e-05,3,1269,train,"-74.1166178892,18.4182443142,-74.1051194535,18.4297427498"
226,-74.1166178891864,18.41249509638684,-74.10511945354966,18.42399353202357,8.98315284120114e-05,-8.983152841192748e-05,3,1269,train,"-74.1166178892,18.4124950964,-74.1051194535,18.4239935320"
227,-74.1166178891864,18.406745878568476,-74.10511945354966,18.418244314205207,8.98315284120114e-05,-8.983152841195546e-05,3,1269,train,"-74.1166178892,18.4067458786,-74.1051194535,18.4182443142"
228,-74.1166178891864,18.40099666075011,-74.10511945354966,18.41249509638684,8.98315284120114e-05,-8.983152841195546e-05,3,1269,train,"-74.1166178892,18.4009966608,-74.1051194535,18.4124950964"
229,-74.1166178891864,18.395247442931744,-74.10511945354966,18.406745878568476,8.98315284120114e-05,-8.983152841195546e-05,3,1269,train,"-74.1166178892,18.3952474429,-74.1051194535,18.4067458786"
230,-74.1166178891864,18.389498225113382,-74.10511945354966,18.40099666075011,8.98315284120114e-05,-8.983152841192748e-05,3,1269,train,"-74.1166178892,18.3894982251,-74.1051194535,18.4009966608"
231,-74.1166178891864,18.383749007295016,-74.10511945354966,18.395247442931748,8.98315284120114e-05,-8.983152841195546e-05,3,1269,train,"-74.1166178892,18.3837490073,-74.1051194535,18.3952474429"
232,-74.1166178891864,18.37799978947665,-74.10511945354966,18.389498225113382,8.98315284120114e-05,-8.983152841195546e-05,3,1269,train,"-74.1166178892,18.3779997895,-74.1051194535,18.3894982251"
233,-74.1166178891864,18.372250571658284,-74.10511945354966,18.383749007295016,8.98315284120114e-05,-8.983152841195546e-05,3,1269,train,"-74.1166178892,18.3722505717,-74.1051194535,18.3837490073"
234,-74.1166178891864,18.36650135383992,-74.10511945354966,18.37799978947665,8.98315284120114e-05,-8.983152841195546e-05,3,1269,train,"-74.1166178892,18.3665013538,-74.1051194535,18.3779997895"
235,-74.1166178891864,18.360752136021556,-74.10511945354966,18.372250571658288,8.98315284120114e-05,-8.983152841195546e-05,3,1269,train,"-74.1166178892,18.3607521360,-74.1051194535,18.3722505717"
236,-74.1166178891864,18.35500291820319,-74.10511945354966,18.366501353839922,8.98315284120114e-05,-8.983152841195546e-05,3,1269,train,"-74.1166178892,18.3550029182,-74.1051194535,18.3665013538"
237,-74.1166178891864,18.349253700384825,-74.10511945354966,18.360752136021556,8.98315284120114e-05,-8.983152841195546e-05,3,1269,train,"-74.1166178892,18.3492537004,-74.1051194535,18.3607521360"
238,-74.1166178891864,18.34350448256646,-74.10511945354966,18.35500291820319,8.98315284120114e-05,-8.983152841195546e-05,3,1269,train,"-74.1166178892,18.3435044826,-74.1051194535,18.3550029182"
239,-74.1166178891864,18.33200604692973,-74.10511945354966,18.343504482566463,8.98315284120114e-05,-8.983152841195546e-05,3,1269,train,"-74.1166178892,18.3320060469,-74.1051194535,18.3435044826"
240,-74.1166178891864,18.326256829111365,-74.10511945354966,18.337755264748097,8.98315284120114e-05,-8.983152841195546e-05,3,1269,train,"-74.1166178892,18.3262568291,-74.1051194535,18.3377552647"
241,-74.1166178891864,18.263015433109352,-74.10511945354966,18.274513868746084,8.98315284120114e-05,-8.983152841195546e-05,6,9,test,"-74.1166178892,18.2630154331,-74.1051194535,18.2745138687"
242,-74.1166178891864,18.257266215290986,-74.10511945354966,18.268764650927718,8.98315284120114e-05,-8.983152841195546e-05,6,9,test,"-74.1166178892,18.2572662153,-74.1051194535,18.2687646509"
243,-74.11086867136804,18.464238056752123,-74.0993702357313,18.475736492388855,8.98315284120114e-05,-8.983152841195546e-05,3,1269,train,"-74.1108686714,18.4642380568,-74.0993702357,18.4757364924"
244,-74.11086867136804,18.45848883893376,-74.0993702357313,18.469987274570492,8.98315284120114e-05,-8.983152841195546e-05,3,1269,train,"-74.1108686714,18.4584888389,-74.0993702357,18.4699872746"
245,-74.11086867136804,18.452739621115395,-74.0993702357313,18.464238056752126,8.98315284120114e-05,-8.983152841195546e-05,3,1269,train,"-74.1108686714,18.4527396211,-74.0993702357,18.4642380568"
246,-74.11086867136804,18.429742749841935,-74.0993702357313,18.441241185478667,8.98315284120114e-05,-8.983152841195546e-05,3,1269,train,"-74.1108686714,18.4297427498,-74.0993702357,18.4412411855"
247,-74.11086867136804,18.42399353202357,-74.0993702357313,18.4354919676603,8.98315284120114e-05,-8.983152841195546e-05,3,1269,train,"-74.1108686714,18.4239935320,-74.0993702357,18.4354919677"
248,-74.11086867136804,18.418244314205204,-74.0993702357313,18.429742749841935,8.98315284120114e-05,-8.983152841195546e-05,3,1269,train,"-74.1108686714,18.4182443142,-74.0993702357,18.4297427498"
249,-74.11086867136804,18.41249509638684,-74.0993702357313,18.42399353202357,8.98315284120114e-05,-8.983152841192748e-05,3,1269,train,"-74.1108686714,18.4124950964,-74.0993702357,18.4239935320"
250,-74.11086867136804,18.406745878568476,-74.0993702357313,18.418244314205207,8.98315284120114e-05,-8.983152841195546e-05,3,1269,train,"-74.1108686714,18.4067458786,-74.0993702357,18.4182443142"
251,-74.11086867136804,18.40099666075011,-74.0993702357313,18.41249509638684,8.98315284120114e-05,-8.983152841195546e-05,3,1269,train,"-74.1108686714,18.4009966608,-74.0993702357,18.4124950964"
252,-74.11086867136804,18.395247442931744,-74.0993702357313,18.406745878568476,8.98315284120114e-05,-8.983152841195546e-05,3,1269,train,"-74.1108686714,18.3952474429,-74.0993702357,18.4067458786"
253,-74.11086867136804,18.389498225113382,-74.0993702357313,18.40099666075011,8.98315284120114e-05,-8.983152841192748e-05,3,1269,train,"-74.1108686714,18.3894982251,-74.0993702357,18.4009966608"
254,-74.11086867136804,18.37799978947665,-74.0993702357313,18.389498225113382,8.98315284120114e-05,-8.983152841195546e-05,3,1269,train,"-74.1108686714,18.3779997895,-74.0993702357,18.3894982251"
255,-74.11086867136804,18.372250571658284,-74.0993702357313,18.383749007295016,8.98315284120114e-05,-8.983152841195546e-05,3,1269,train,"-74.1108686714,18.3722505717,-74.0993702357,18.3837490073"
256,-74.11086867136804,18.36650135383992,-74.0993702357313,18.37799978947665,8.98315284120114e-05,-8.983152841195546e-05,3,1269,train,"-74.1108686714,18.3665013538,-74.0993702357,18.3779997895"
257,-74.11086867136804,18.360752136021556,-74.0993702357313,18.372250571658288,8.98315284120114e-05,-8.983152841195546e-05,3,1269,train,"-74.1108686714,18.3607521360,-74.0993702357,18.3722505717"
258,-74.11086867136804,18.35500291820319,-74.0993702357313,18.366501353839922,8.98315284120114e-05,-8.983152841195546e-05,3,1269,train,"-74.1108686714,18.3550029182,-74.0993702357,18.3665013538"
259,-74.11086867136804,18.349253700384825,-74.0993702357313,18.360752136021556,8.98315284120114e-05,-8.983152841195546e-05,3,1269,train,"-74.1108686714,18.3492537004,-74.0993702357,18.3607521360"
260,-74.11086867136804,18.34350448256646,-74.0993702357313,18.35500291820319,8.98315284120114e-05,-8.983152841195546e-05,3,1269,train,"-74.1108686714,18.3435044826,-74.0993702357,18.3550029182"
261,-74.11086867136804,18.33200604692973,-74.0993702357313,18.343504482566463,8.98315284120114e-05,-8.983152841195546e-05,3,1269,train,"-74.1108686714,18.3320060469,-74.0993702357,18.3435044826"
262,-74.11086867136804,18.326256829111365,-74.0993702357313,18.337755264748097,8.98315284120114e-05,-8.983152841195546e-05,3,1269,train,"-74.1108686714,18.3262568291,-74.0993702357,18.3377552647"
263,-74.11086867136804,18.320507611293,-74.0993702357313,18.33200604692973,8.98315284120114e-05,-8.983152841195546e-05,3,1269,train,"-74.1108686714,18.3205076113,-74.0993702357,18.3320060469"
264,-74.10511945354966,18.49298414584395,-74.09362101791294,18.50448258148068,8.983152841189951e-05,-8.983152841195546e-05,7,9,val,"-74.1051194535,18.4929841458,-74.0936210179,18.5044825815"
265,-74.10511945354966,18.487234928025583,-74.09362101791294,18.498733363662314,8.983152841189951e-05,-8.983152841195546e-05,7,9,val,"-74.1051194535,18.4872349280,-74.0936210179,18.4987333637"
266,-74.10511945354966,18.48148571020722,-74.09362101791294,18.492984145843952,8.983152841189951e-05,-8.983152841195546e-05,7,9,val,"-74.1051194535,18.4814857102,-74.0936210179,18.4929841458"
267,-74.10511945354966,18.4354919676603,-74.09362101791294,18.44699040329703,8.983152841189951e-05,-8.983152841192748e-05,3,1269,train,"-74.1051194535,18.4354919677,-74.0936210179,18.4469904033"
268,-74.10511945354966,18.429742749841935,-74.09362101791294,18.441241185478667,8.983152841189951e-05,-8.983152841195546e-05,3,1269,train,"-74.1051194535,18.4297427498,-74.0936210179,18.4412411855"
269,-74.10511945354966,18.42399353202357,-74.09362101791294,18.4354919676603,8.983152841189951e-05,-8.983152841195546e-05,3,1269,train,"-74.1051194535,18.4239935320,-74.0936210179,18.4354919677"
270,-74.10511945354966,18.418244314205204,-74.09362101791294,18.429742749841935,8.983152841189951e-05,-8.983152841195546e-05,3,1269,train,"-74.1051194535,18.4182443142,-74.0936210179,18.4297427498"
271,-74.10511945354966,18.41249509638684,-74.09362101791294,18.42399353202357,8.983152841189951e-05,-8.983152841192748e-05,3,1269,train,"-74.1051194535,18.4124950964,-74.0936210179,18.4239935320"
272,-74.10511945354966,18.406745878568476,-74.09362101791294,18.418244314205207,8.983152841189951e-05,-8.983152841195546e-05,3,1269,train,"-74.1051194535,18.4067458786,-74.0936210179,18.4182443142"
273,-74.10511945354966,18.40099666075011,-74.09362101791294,18.41249509638684,8.983152841189951e-05,-8.983152841195546e-05,3,1269,train,"-74.1051194535,18.4009966608,-74.0936210179,18.4124950964"
274,-74.10511945354966,18.395247442931744,-74.09362101791294,18.406745878568476,8.983152841189951e-05,-8.983152841195546e-05,3,1269,train,"-74.1051194535,18.3952474429,-74.0936210179,18.4067458786"
275,-74.10511945354966,18.389498225113382,-74.09362101791294,18.40099666075011,8.983152841189951e-05,-8.983152841192748e-05,3,1269,train,"-74.1051194535,18.3894982251,-74.0936210179,18.4009966608"
276,-74.10511945354966,18.383749007295016,-74.09362101791294,18.395247442931748,8.983152841189951e-05,-8.983152841195546e-05,3,1269,train,"-74.1051194535,18.3837490073,-74.0936210179,18.3952474429"
277,-74.10511945354966,18.37799978947665,-74.09362101791294,18.389498225113382,8.983152841189951e-05,-8.983152841195546e-05,3,1269,train,"-74.1051194535,18.3779997895,-74.0936210179,18.3894982251"
278,-74.10511945354966,18.372250571658284,-74.09362101791294,18.383749007295016,8.983152841189951e-05,-8.983152841195546e-05,3,1269,train,"-74.1051194535,18.3722505717,-74.0936210179,18.3837490073"
279,-74.10511945354966,18.36650135383992,-74.09362101791294,18.37799978947665,8.983152841189951e-05,-8.983152841195546e-05,3,1269,train,"-74.1051194535,18.3665013538,-74.0936210179,18.3779997895"
280,-74.10511945354966,18.360752136021556,-74.09362101791294,18.372250571658288,8.983152841189951e-05,-8.983152841195546e-05,3,1269,train,"-74.1051194535,18.3607521360,-74.0936210179,18.3722505717"
281,-74.10511945354966,18.35500291820319,-74.09362101791294,18.366501353839922,8.983152841189951e-05,-8.983152841195546e-05,3,1269,train,"-74.1051194535,18.3550029182,-74.0936210179,18.3665013538"
282,-74.10511945354966,18.349253700384825,-74.09362101791294,18.360752136021556,8.983152841189951e-05,-8.983152841195546e-05,3,1269,train,"-74.1051194535,18.3492537004,-74.0936210179,18.3607521360"
283,-74.10511945354966,18.34350448256646,-74.09362101791294,18.35500291820319,8.983152841189951e-05,-8.983152841195546e-05,3,1269,train,"-74.1051194535,18.3435044826,-74.0936210179,18.3550029182"
284,-74.10511945354966,18.33200604692973,-74.09362101791294,18.343504482566463,8.983152841189951e-05,-8.983152841195546e-05,3,1269,train,"-74.1051194535,18.3320060469,-74.0936210179,18.3435044826"
285,-74.10511945354966,18.326256829111365,-74.09362101791294,18.337755264748097,8.983152841189951e-05,-8.983152841195546e-05,3,1269,train,"-74.1051194535,18.3262568291,-74.0936210179,18.3377552647"
286,-74.10511945354966,18.320507611293,-74.09362101791294,18.33200604692973,8.983152841189951e-05,-8.983152841195546e-05,3,1269,train,"-74.1051194535,18.3205076113,-74.0936210179,18.3320060469"
287,-74.0993702357313,18.49298414584395,-74.08787180009458,18.50448258148068,8.983152841189951e-05,-8.983152841195546e-05,7,9,val,"-74.0993702357,18.4929841458,-74.0878718001,18.5044825815"
288,-74.0993702357313,18.487234928025583,-74.08787180009458,18.498733363662314,8.983152841189951e-05,-8.983152841195546e-05,7,9,val,"-74.0993702357,18.4872349280,-74.0878718001,18.4987333637"
289,-74.0993702357313,18.48148571020722,-74.08787180009458,18.492984145843952,8.983152841189951e-05,-8.983152841195546e-05,7,9,val,"-74.0993702357,18.4814857102,-74.0878718001,18.4929841458"
290,-74.0993702357313,18.452739621115395,-74.08787180009458,18.464238056752126,8.983152841189951e-05,-8.983152841195546e-05,3,1269,train,"-74.0993702357,18.4527396211,-74.0878718001,18.4642380568"
291,-74.0993702357313,18.44699040329703,-74.08787180009458,18.45848883893376,8.983152841189951e-05,-8.983152841195546e-05,3,1269,train,"-74.0993702357,18.4469904033,-74.0878718001,18.4584888389"
292,-74.0993702357313,18.4354919676603,-74.08787180009458,18.44699040329703,8.983152841189951e-05,-8.983152841192748e-05,3,1269,train,"-74.0993702357,18.4354919677,-74.0878718001,18.4469904033"
293,-74.0993702357313,18.429742749841935,-74.08787180009458,18.441241185478667,8.983152841189951e-05,-8.983152841195546e-05,3,1269,train,"-74.0993702357,18.4297427498,-74.0878718001,18.4412411855"
294,-74.0993702357313,18.42399353202357,-74.08787180009458,18.4354919676603,8.983152841189951e-05,-8.983152841195546e-05,3,1269,train,"-74.0993702357,18.4239935320,-74.0878718001,18.4354919677"
295,-74.0993702357313,18.41249509638684,-74.08787180009458,18.42399353202357,8.983152841189951e-05,-8.983152841192748e-05,3,1269,train,"-74.0993702357,18.4124950964,-74.0878718001,18.4239935320"
296,-74.0993702357313,18.406745878568476,-74.08787180009458,18.418244314205207,8.983152841189951e-05,-8.983152841195546e-05,3,1269,train,"-74.0993702357,18.4067458786,-74.0878718001,18.4182443142"
297,-74.0993702357313,18.40099666075011,-74.08787180009458,18.41249509638684,8.983152841189951e-05,-8.983152841195546e-05,3,1269,train,"-74.0993702357,18.4009966608,-74.0878718001,18.4124950964"
298,-74.0993702357313,18.395247442931744,-74.08787180009458,18.406745878568476,8.983152841189951e-05,-8.983152841195546e-05,3,1269,train,"-74.0993702357,18.3952474429,-74.0878718001,18.4067458786"
299,-74.0993702357313,18.389498225113382,-74.08787180009458,18.40099666075011,8.983152841189951e-05,-8.983152841192748e-05,3,1269,train,"-74.0993702357,18.3894982251,-74.0878718001,18.4009966608"
300,-74.0993702357313,18.383749007295016,-74.08787180009458,18.395247442931748,8.983152841189951e-05,-8.983152841195546e-05,3,1269,train,"-74.0993702357,18.3837490073,-74.0878718001,18.3952474429"
301,-74.0993702357313,18.37799978947665,-74.08787180009458,18.389498225113382,8.983152841189951e-05,-8.983152841195546e-05,3,1269,train,"-74.0993702357,18.3779997895,-74.0878718001,18.3894982251"
302,-74.0993702357313,18.372250571658284,-74.08787180009458,18.383749007295016,8.983152841189951e-05,-8.983152841195546e-05,3,1269,train,"-74.0993702357,18.3722505717,-74.0878718001,18.3837490073"
303,-74.0993702357313,18.36650135383992,-74.08787180009458,18.37799978947665,8.983152841189951e-05,-8.983152841195546e-05,3,1269,train,"-74.0993702357,18.3665013538,-74.0878718001,18.3779997895"
304,-74.0993702357313,18.360752136021556,-74.08787180009458,18.372250571658288,8.983152841189951e-05,-8.983152841195546e-05,3,1269,train,"-74.0993702357,18.3607521360,-74.0878718001,18.3722505717"
305,-74.0993702357313,18.35500291820319,-74.08787180009458,18.366501353839922,8.983152841189951e-05,-8.983152841195546e-05,3,1269,train,"-74.0993702357,18.3550029182,-74.0878718001,18.3665013538"
306,-74.0993702357313,18.349253700384825,-74.08787180009458,18.360752136021556,8.983152841189951e-05,-8.983152841195546e-05,3,1269,train,"-74.0993702357,18.3492537004,-74.0878718001,18.3607521360"
307,-74.0993702357313,18.34350448256646,-74.08787180009458,18.35500291820319,8.983152841189951e-05,-8.983152841195546e-05,3,1269,train,"-74.0993702357,18.3435044826,-74.0878718001,18.3550029182"
308,-74.0993702357313,18.337755264748097,-74.08787180009458,18.34925370038483,8.983152841189951e-05,-8.983152841195546e-05,3,1269,train,"-74.0993702357,18.3377552647,-74.0878718001,18.3492537004"
309,-74.0993702357313,18.33200604692973,-74.08787180009458,18.343504482566463,8.983152841189951e-05,-8.983152841195546e-05,3,1269,train,"-74.0993702357,18.3320060469,-74.0878718001,18.3435044826"
310,-74.0993702357313,18.326256829111365,-74.08787180009458,18.337755264748097,8.983152841189951e-05,-8.983152841195546e-05,3,1269,train,"-74.0993702357,18.3262568291,-74.0878718001,18.3377552647"
311,-74.0993702357313,18.320507611293,-74.08787180009458,18.33200604692973,8.983152841189951e-05,-8.983152841195546e-05,3,1269,train,"-74.0993702357,18.3205076113,-74.0878718001,18.3320060469"
312,-74.09362101791294,18.49298414584395,-74.0821225822762,18.50448258148068,8.98315284120114e-05,-8.983152841195546e-05,7,9,val,"-74.0936210179,18.4929841458,-74.0821225823,18.5044825815"
313,-74.09362101791294,18.487234928025583,-74.0821225822762,18.498733363662314,8.98315284120114e-05,-8.983152841195546e-05,7,9,val,"-74.0936210179,18.4872349280,-74.0821225823,18.4987333637"
314,-74.09362101791294,18.452739621115395,-74.0821225822762,18.464238056752126,8.98315284120114e-05,-8.983152841195546e-05,3,1269,train,"-74.0936210179,18.4527396211,-74.0821225823,18.4642380568"
315,-74.09362101791294,18.44699040329703,-74.0821225822762,18.45848883893376,8.98315284120114e-05,-8.983152841195546e-05,3,1269,train,"-74.0936210179,18.4469904033,-74.0821225823,18.4584888389"
316,-74.09362101791294,18.441241185478663,-74.0821225822762,18.452739621115395,8.98315284120114e-05,-8.983152841195546e-05,3,1269,train,"-74.0936210179,18.4412411855,-74.0821225823,18.4527396211"
317,-74.09362101791294,18.4354919676603,-74.0821225822762,18.44699040329703,8.98315284120114e-05,-8.983152841192748e-05,3,1269,train,"-74.0936210179,18.4354919677,-74.0821225823,18.4469904033"
318,-74.09362101791294,18.429742749841935,-74.0821225822762,18.441241185478667,8.98315284120114e-05,-8.983152841195546e-05,3,1269,train,"-74.0936210179,18.4297427498,-74.0821225823,18.4412411855"
319,-74.09362101791294,18.42399353202357,-74.0821225822762,18.4354919676603,8.98315284120114e-05,-8.983152841195546e-05,3,1269,train,"-74.0936210179,18.4239935320,-74.0821225823,18.4354919677"
320,-74.09362101791294,18.41249509638684,-74.0821225822762,18.42399353202357,8.98315284120114e-05,-8.983152841192748e-05,3,1269,train,"-74.0936210179,18.4124950964,-74.0821225823,18.4239935320"
321,-74.09362101791294,18.406745878568476,-74.0821225822762,18.418244314205207,8.98315284120114e-05,-8.983152841195546e-05,3,1269,train,"-74.0936210179,18.4067458786,-74.0821225823,18.4182443142"
322,-74.09362101791294,18.40099666075011,-74.0821225822762,18.41249509638684,8.98315284120114e-05,-8.983152841195546e-05,3,1269,train,"-74.0936210179,18.4009966608,-74.0821225823,18.4124950964"
323,-74.09362101791294,18.395247442931744,-74.0821225822762,18.406745878568476,8.98315284120114e-05,-8.983152841195546e-05,3,1269,train,"-74.0936210179,18.3952474429,-74.0821225823,18.4067458786"
324,-74.09362101791294,18.389498225113382,-74.0821225822762,18.40099666075011,8.98315284120114e-05,-8.983152841192748e-05,3,1269,train,"-74.0936210179,18.3894982251,-74.0821225823,18.4009966608"
325,-74.09362101791294,18.383749007295016,-74.0821225822762,18.395247442931748,8.98315284120114e-05,-8.983152841195546e-05,3,1269,train,"-74.0936210179,18.3837490073,-74.0821225823,18.3952474429"
326,-74.09362101791294,18.37799978947665,-74.0821225822762,18.389498225113382,8.98315284120114e-05,-8.983152841195546e-05,3,1269,train,"-74.0936210179,18.3779997895,-74.0821225823,18.3894982251"
327,-74.09362101791294,18.372250571658284,-74.0821225822762,18.383749007295016,8.98315284120114e-05,-8.983152841195546e-05,3,1269,train,"-74.0936210179,18.3722505717,-74.0821225823,18.3837490073"
328,-74.09362101791294,18.36650135383992,-74.0821225822762,18.37799978947665,8.98315284120114e-05,-8.983152841195546e-05,3,1269,train,"-74.0936210179,18.3665013538,-74.0821225823,18.3779997895"
329,-74.09362101791294,18.360752136021556,-74.0821225822762,18.372250571658288,8.98315284120114e-05,-8.983152841195546e-05,3,1269,train,"-74.0936210179,18.3607521360,-74.0821225823,18.3722505717"
330,-74.09362101791294,18.35500291820319,-74.0821225822762,18.366501353839922,8.98315284120114e-05,-8.983152841195546e-05,3,1269,train,"-74.0936210179,18.3550029182,-74.0821225823,18.3665013538"
331,-74.09362101791294,18.349253700384825,-74.0821225822762,18.360752136021556,8.98315284120114e-05,-8.983152841195546e-05,3,1269,train,"-74.0936210179,18.3492537004,-74.0821225823,18.3607521360"
332,-74.09362101791294,18.34350448256646,-74.0821225822762,18.35500291820319,8.98315284120114e-05,-8.983152841195546e-05,3,1269,train,"-74.0936210179,18.3435044826,-74.0821225823,18.3550029182"
333,-74.09362101791294,18.337755264748097,-74.0821225822762,18.34925370038483,8.98315284120114e-05,-8.983152841195546e-05,3,1269,train,"-74.0936210179,18.3377552647,-74.0821225823,18.3492537004"
334,-74.09362101791294,18.33200604692973,-74.0821225822762,18.343504482566463,8.98315284120114e-05,-8.983152841195546e-05,3,1269,train,"-74.0936210179,18.3320060469,-74.0821225823,18.3435044826"
335,-74.09362101791294,18.326256829111365,-74.0821225822762,18.337755264748097,8.98315284120114e-05,-8.983152841195546e-05,3,1269,train,"-74.0936210179,18.3262568291,-74.0821225823,18.3377552647"
336,-74.09362101791294,18.320507611293,-74.0821225822762,18.33200604692973,8.98315284120114e-05,-8.983152841195546e-05,3,1269,train,"-74.0936210179,18.3205076113,-74.0821225823,18.3320060469"
337,-74.08787180009458,18.49298414584395,-74.07637336445784,18.50448258148068,8.98315284120114e-05,-8.983152841195546e-05,7,9,val,"-74.0878718001,18.4929841458,-74.0763733645,18.5044825815"
338,-74.08787180009458,18.441241185478663,-74.07637336445784,18.452739621115395,8.98315284120114e-05,-8.983152841195546e-05,3,1269,train,"-74.0878718001,18.4412411855,-74.0763733645,18.4527396211"
339,-74.08787180009458,18.4354919676603,-74.07637336445784,18.44699040329703,8.98315284120114e-05,-8.983152841192748e-05,3,1269,train,"-74.0878718001,18.4354919677,-74.0763733645,18.4469904033"
340,-74.08787180009458,18.429742749841935,-74.07637336445784,18.441241185478667,8.98315284120114e-05,-8.983152841195546e-05,3,1269,train,"-74.0878718001,18.4297427498,-74.0763733645,18.4412411855"
341,-74.08787180009458,18.42399353202357,-74.07637336445784,18.4354919676603,8.98315284120114e-05,-8.983152841195546e-05,3,1269,train,"-74.0878718001,18.4239935320,-74.0763733645,18.4354919677"
342,-74.08787180009458,18.418244314205204,-74.07637336445784,18.429742749841935,8.98315284120114e-05,-8.983152841195546e-05,3,1269,train,"-74.0878718001,18.4182443142,-74.0763733645,18.4297427498"
343,-74.08787180009458,18.41249509638684,-74.07637336445784,18.42399353202357,8.98315284120114e-05,-8.983152841192748e-05,3,1269,train,"-74.0878718001,18.4124950964,-74.0763733645,18.4239935320"
344,-74.08787180009458,18.406745878568476,-74.07637336445784,18.418244314205207,8.98315284120114e-05,-8.983152841195546e-05,3,1269,train,"-74.0878718001,18.4067458786,-74.0763733645,18.4182443142"
345,-74.08787180009458,18.40099666075011,-74.07637336445784,18.41249509638684,8.98315284120114e-05,-8.983152841195546e-05,3,1269,train,"-74.0878718001,18.4009966608,-74.0763733645,18.4124950964"
346,-74.08787180009458,18.395247442931744,-74.07637336445784,18.406745878568476,8.98315284120114e-05,-8.983152841195546e-05,3,1269,train,"-74.0878718001,18.3952474429,-74.0763733645,18.4067458786"
347,-74.08787180009458,18.389498225113382,-74.07637336445784,18.40099666075011,8.98315284120114e-05,-8.983152841192748e-05,3,1269,train,"-74.0878718001,18.3894982251,-74.0763733645,18.4009966608"
348,-74.08787180009458,18.383749007295016,-74.07637336445784,18.395247442931748,8.98315284120114e-05,-8.983152841195546e-05,3,1269,train,"-74.0878718001,18.3837490073,-74.0763733645,18.3952474429"
349,-74.08787180009458,18.37799978947665,-74.07637336445784,18.389498225113382,8.98315284120114e-05,-8.983152841195546e-05,3,1269,train,"-74.0878718001,18.3779997895,-74.0763733645,18.3894982251"
350,-74.08787180009458,18.372250571658284,-74.07637336445784,18.383749007295016,8.98315284120114e-05,-8.983152841195546e-05,3,1269,train,"-74.0878718001,18.3722505717,-74.0763733645,18.3837490073"
351,-74.08787180009458,18.36650135383992,-74.07637336445784,18.37799978947665,8.98315284120114e-05,-8.983152841195546e-05,3,1269,train,"-74.0878718001,18.3665013538,-74.0763733645,18.3779997895"
352,-74.08787180009458,18.360752136021556,-74.07637336445784,18.372250571658288,8.98315284120114e-05,-8.983152841195546e-05,3,1269,train,"-74.0878718001,18.3607521360,-74.0763733645,18.3722505717"
353,-74.08787180009458,18.35500291820319,-74.07637336445784,18.366501353839922,8.98315284120114e-05,-8.983152841195546e-05,3,1269,train,"-74.0878718001,18.3550029182,-74.0763733645,18.3665013538"
354,-74.08787180009458,18.349253700384825,-74.07637336445784,18.360752136021556,8.98315284120114e-05,-8.983152841195546e-05,3,1269,train,"-74.0878718001,18.3492537004,-74.0763733645,18.3607521360"
355,-74.08787180009458,18.34350448256646,-74.07637336445784,18.35500291820319,8.98315284120114e-05,-8.983152841195546e-05,3,1269,train,"-74.0878718001,18.3435044826,-74.0763733645,18.3550029182"
356,-74.08787180009458,18.337755264748097,-74.07637336445784,18.34925370038483,8.98315284120114e-05,-8.983152841195546e-05,3,1269,train,"-74.0878718001,18.3377552647,-74.0763733645,18.3492537004"
357,-74.08787180009458,18.33200604692973,-74.07637336445784,18.343504482566463,8.98315284120114e-05,-8.983152841195546e-05,3,1269,train,"-74.0878718001,18.3320060469,-74.0763733645,18.3435044826"
358,-74.08787180009458,18.326256829111365,-74.07637336445784,18.337755264748097,8.98315284120114e-05,-8.983152841195546e-05,3,1269,train,"-74.0878718001,18.3262568291,-74.0763733645,18.3377552647"
359,-74.08787180009458,18.320507611293,-74.07637336445784,18.33200604692973,8.98315284120114e-05,-8.983152841195546e-05,3,1269,train,"-74.0878718001,18.3205076113,-74.0763733645,18.3320060469"
360,-74.08787180009458,18.314758393474637,-74.07637336445784,18.32625682911137,8.98315284120114e-05,-8.983152841195546e-05,3,1269,train,"-74.0878718001,18.3147583935,-74.0763733645,18.3262568291"
361,-74.08787180009458,18.30900917565627,-74.07637336445784,18.320507611293003,8.98315284120114e-05,-8.983152841195546e-05,3,1269,train,"-74.0878718001,18.3090091757,-74.0763733645,18.3205076113"
362,-74.08787180009458,18.303259957837906,-74.07637336445784,18.314758393474637,8.98315284120114e-05,-8.983152841195546e-05,3,1269,train,"-74.0878718001,18.3032599578,-74.0763733645,18.3147583935"
363,-74.08787180009458,18.291761522201178,-74.07637336445784,18.303259957837906,8.98315284120114e-05,-8.983152841192748e-05,3,1269,train,"-74.0878718001,18.2917615222,-74.0763733645,18.3032599578"
364,-74.08787180009458,18.286012304382812,-74.07637336445784,18.297510740019543,8.98315284120114e-05,-8.983152841195546e-05,3,1269,train,"-74.0878718001,18.2860123044,-74.0763733645,18.2975107400"
365,-74.08212258227621,18.44699040329703,-74.07062414663947,18.45848883893376,8.98315284120114e-05,-8.983152841195546e-05,3,1269,train,"-74.0821225823,18.4469904033,-74.0706241466,18.4584888389"
366,-74.08212258227621,18.441241185478663,-74.07062414663947,18.452739621115395,8.98315284120114e-05,-8.983152841195546e-05,3,1269,train,"-74.0821225823,18.4412411855,-74.0706241466,18.4527396211"
367,-74.08212258227621,18.4354919676603,-74.07062414663947,18.44699040329703,8.98315284120114e-05,-8.983152841192748e-05,3,1269,train,"-74.0821225823,18.4354919677,-74.0706241466,18.4469904033"
368,-74.08212258227621,18.429742749841935,-74.07062414663947,18.441241185478667,8.98315284120114e-05,-8.983152841195546e-05,3,1269,train,"-74.0821225823,18.4297427498,-74.0706241466,18.4412411855"
369,-74.08212258227621,18.42399353202357,-74.07062414663947,18.4354919676603,8.98315284120114e-05,-8.983152841195546e-05,3,1269,train,"-74.0821225823,18.4239935320,-74.0706241466,18.4354919677"
370,-74.08212258227621,18.418244314205204,-74.07062414663947,18.429742749841935,8.98315284120114e-05,-8.983152841195546e-05,3,1269,train,"-74.0821225823,18.4182443142,-74.0706241466,18.4297427498"
371,-74.08212258227621,18.41249509638684,-74.07062414663947,18.42399353202357,8.98315284120114e-05,-8.983152841192748e-05,3,1269,train,"-74.0821225823,18.4124950964,-74.0706241466,18.4239935320"
372,-74.08212258227621,18.406745878568476,-74.07062414663947,18.418244314205207,8.98315284120114e-05,-8.983152841195546e-05,3,1269,train,"-74.0821225823,18.4067458786,-74.0706241466,18.4182443142"
373,-74.08212258227621,18.40099666075011,-74.07062414663947,18.41249509638684,8.98315284120114e-05,-8.983152841195546e-05,3,1269,train,"-74.0821225823,18.4009966608,-74.0706241466,18.4124950964"
374,-74.08212258227621,18.395247442931744,-74.07062414663947,18.406745878568476,8.98315284120114e-05,-8.983152841195546e-05,3,1269,train,"-74.0821225823,18.3952474429,-74.0706241466,18.4067458786"
375,-74.08212258227621,18.389498225113382,-74.07062414663947,18.40099666075011,8.98315284120114e-05,-8.983152841192748e-05,3,1269,train,"-74.0821225823,18.3894982251,-74.0706241466,18.4009966608"
376,-74.08212258227621,18.383749007295016,-74.07062414663947,18.395247442931748,8.98315284120114e-05,-8.983152841195546e-05,3,1269,train,"-74.0821225823,18.3837490073,-74.0706241466,18.3952474429"
377,-74.08212258227621,18.37799978947665,-74.07062414663947,18.389498225113382,8.98315284120114e-05,-8.983152841195546e-05,3,1269,train,"-74.0821225823,18.3779997895,-74.0706241466,18.3894982251"
378,-74.08212258227621,18.36650135383992,-74.07062414663947,18.37799978947665,8.98315284120114e-05,-8.983152841195546e-05,3,1269,train,"-74.0821225823,18.3665013538,-74.0706241466,18.3779997895"
379,-74.08212258227621,18.360752136021556,-74.07062414663947,18.372250571658288,8.98315284120114e-05,-8.983152841195546e-05,3,1269,train,"-74.0821225823,18.3607521360,-74.0706241466,18.3722505717"
380,-74.08212258227621,18.35500291820319,-74.07062414663947,18.366501353839922,8.98315284120114e-05,-8.983152841195546e-05,3,1269,train,"-74.0821225823,18.3550029182,-74.0706241466,18.3665013538"
381,-74.08212258227621,18.349253700384825,-74.07062414663947,18.360752136021556,8.98315284120114e-05,-8.983152841195546e-05,3,1269,train,"-74.0821225823,18.3492537004,-74.0706241466,18.3607521360"
382,-74.08212258227621,18.34350448256646,-74.07062414663947,18.35500291820319,8.98315284120114e-05,-8.983152841195546e-05,3,1269,train,"-74.0821225823,18.3435044826,-74.0706241466,18.3550029182"
383,-74.08212258227621,18.33200604692973,-74.07062414663947,18.343504482566463,8.98315284120114e-05,-8.983152841195546e-05,3,1269,train,"-74.0821225823,18.3320060469,-74.0706241466,18.3435044826"
384,-74.08212258227621,18.326256829111365,-74.07062414663947,18.337755264748097,8.98315284120114e-05,-8.983152841195546e-05,3,1269,train,"-74.0821225823,18.3262568291,-74.0706241466,18.3377552647"
385,-74.08212258227621,18.320507611293,-74.07062414663947,18.33200604692973,8.98315284120114e-05,-8.983152841195546e-05,3,1269,train,"-74.0821225823,18.3205076113,-74.0706241466,18.3320060469"
386,-74.08212258227621,18.314758393474637,-74.07062414663947,18.32625682911137,8.98315284120114e-05,-8.983152841195546e-05,3,1269,train,"-74.0821225823,18.3147583935,-74.0706241466,18.3262568291"
387,-74.08212258227621,18.30900917565627,-74.07062414663947,18.320507611293003,8.98315284120114e-05,-8.983152841195546e-05,3,1269,train,"-74.0821225823,18.3090091757,-74.0706241466,18.3205076113"
388,-74.08212258227621,18.303259957837906,-74.07062414663947,18.314758393474637,8.98315284120114e-05,-8.983152841195546e-05,3,1269,train,"-74.0821225823,18.3032599578,-74.0706241466,18.3147583935"
389,-74.08212258227621,18.291761522201178,-74.07062414663947,18.303259957837906,8.98315284120114e-05,-8.983152841192748e-05,3,1269,train,"-74.0821225823,18.2917615222,-74.0706241466,18.3032599578"
390,-74.08212258227621,18.286012304382812,-74.07062414663947,18.297510740019543,8.98315284120114e-05,-8.983152841195546e-05,3,1269,train,"-74.0821225823,18.2860123044,-74.0706241466,18.2975107400"
391,-74.08212258227621,18.263015433109352,-74.07062414663947,18.274513868746084,8.98315284120114e-05,-8.983152841195546e-05,8,4,val,"-74.0821225823,18.2630154331,-74.0706241466,18.2745138687"
392,-74.08212258227621,18.257266215290986,-74.07062414663947,18.268764650927718,8.98315284120114e-05,-8.983152841195546e-05,8,4,val,"-74.0821225823,18.2572662153,-74.0706241466,18.2687646509"
393,-74.08212258227621,18.24576777965426,-74.07062414663947,18.257266215290986,8.98315284120114e-05,-8.983152841192748e-05,9,2,val,"-74.0821225823,18.2457677797,-74.0706241466,18.2572662153"
394,-74.08212258227621,18.240018561835893,-74.07062414663947,18.251516997472624,8.98315284120114e-05,-8.983152841195546e-05,9,2,val,"-74.0821225823,18.2400185618,-74.0706241466,18.2515169975"
395,-74.07637336445784,18.515981017117408,-74.06487492882111,18.52747945275414,8.983152841189951e-05,-8.983152841195546e-05,10,28,test,"-74.0763733645,18.5159810171,-74.0648749288,18.5274794528"
396,-74.07637336445784,18.510231799299042,-74.06487492882111,18.521730234935774,8.983152841189951e-05,-8.983152841195546e-05,10,28,test,"-74.0763733645,18.5102317993,-74.0648749288,18.5217302349"
397,-74.07637336445784,18.44699040329703,-74.06487492882111,18.45848883893376,8.983152841189951e-05,-8.983152841195546e-05,3,1269,train,"-74.0763733645,18.4469904033,-74.0648749288,18.4584888389"
398,-74.07637336445784,18.441241185478663,-74.06487492882111,18.452739621115395,8.983152841189951e-05,-8.983152841195546e-05,3,1269,train,"-74.0763733645,18.4412411855,-74.0648749288,18.4527396211"
399,-74.07637336445784,18.4354919676603,-74.06487492882111,18.44699040329703,8.983152841189951e-05,-8.983152841192748e-05,3,1269,train,"-74.0763733645,18.4354919677,-74.0648749288,18.4469904033"
400,-74.07637336445784,18.429742749841935,-74.06487492882111,18.441241185478667,8.983152841189951e-05,-8.983152841195546e-05,3,1269,train,"-74.0763733645,18.4297427498,-74.0648749288,18.4412411855"
401,-74.07637336445784,18.42399353202357,-74.06487492882111,18.4354919676603,8.983152841189951e-05,-8.983152841195546e-05,3,1269,train,"-74.0763733645,18.4239935320,-74.0648749288,18.4354919677"
402,-74.07637336445784,18.418244314205204,-74.06487492882111,18.429742749841935,8.983152841189951e-05,-8.983152841195546e-05,3,1269,train,"-74.0763733645,18.4182443142,-74.0648749288,18.4297427498"
403,-74.07637336445784,18.41249509638684,-74.06487492882111,18.42399353202357,8.983152841189951e-05,-8.983152841192748e-05,3,1269,train,"-74.0763733645,18.4124950964,-74.0648749288,18.4239935320"
404,-74.07637336445784,18.406745878568476,-74.06487492882111,18.418244314205207,8.983152841189951e-05,-8.983152841195546e-05,3,1269,train,"-74.0763733645,18.4067458786,-74.0648749288,18.4182443142"
405,-74.07637336445784,18.40099666075011,-74.06487492882111,18.41249509638684,8.983152841189951e-05,-8.983152841195546e-05,3,1269,train,"-74.0763733645,18.4009966608,-74.0648749288,18.4124950964"
406,-74.07637336445784,18.395247442931744,-74.06487492882111,18.406745878568476,8.983152841189951e-05,-8.983152841195546e-05,3,1269,train,"-74.0763733645,18.3952474429,-74.0648749288,18.4067458786"
407,-74.07637336445784,18.389498225113382,-74.06487492882111,18.40099666075011,8.983152841189951e-05,-8.983152841192748e-05,3,1269,train,"-74.0763733645,18.3894982251,-74.0648749288,18.4009966608"
408,-74.07637336445784,18.383749007295016,-74.06487492882111,18.395247442931748,8.983152841189951e-05,-8.983152841195546e-05,3,1269,train,"-74.0763733645,18.3837490073,-74.0648749288,18.3952474429"
409,-74.07637336445784,18.37799978947665,-74.06487492882111,18.389498225113382,8.983152841189951e-05,-8.983152841195546e-05,3,1269,train,"-74.0763733645,18.3779997895,-74.0648749288,18.3894982251"
410,-74.07637336445784,18.372250571658284,-74.06487492882111,18.383749007295016,8.983152841189951e-05,-8.983152841195546e-05,3,1269,train,"-74.0763733645,18.3722505717,-74.0648749288,18.3837490073"
411,-74.07637336445784,18.36650135383992,-74.06487492882111,18.37799978947665,8.983152841189951e-05,-8.983152841195546e-05,3,1269,train,"-74.0763733645,18.3665013538,-74.0648749288,18.3779997895"
412,-74.07637336445784,18.360752136021556,-74.06487492882111,18.372250571658288,8.983152841189951e-05,-8.983152841195546e-05,3,1269,train,"-74.0763733645,18.3607521360,-74.0648749288,18.3722505717"
413,-74.07637336445784,18.35500291820319,-74.06487492882111,18.366501353839922,8.983152841189951e-05,-8.983152841195546e-05,3,1269,train,"-74.0763733645,18.3550029182,-74.0648749288,18.3665013538"
414,-74.07637336445784,18.349253700384825,-74.06487492882111,18.360752136021556,8.983152841189951e-05,-8.983152841195546e-05,3,1269,train,"-74.0763733645,18.3492537004,-74.0648749288,18.3607521360"
415,-74.07637336445784,18.34350448256646,-74.06487492882111,18.35500291820319,8.983152841189951e-05,-8.983152841195546e-05,3,1269,train,"-74.0763733645,18.3435044826,-74.0648749288,18.3550029182"
416,-74.07637336445784,18.337755264748097,-74.06487492882111,18.34925370038483,8.983152841189951e-05,-8.983152841195546e-05,3,1269,train,"-74.0763733645,18.3377552647,-74.0648749288,18.3492537004"
417,-74.07637336445784,18.33200604692973,-74.06487492882111,18.343504482566463,8.983152841189951e-05,-8.983152841195546e-05,3,1269,train,"-74.0763733645,18.3320060469,-74.0648749288,18.3435044826"
418,-74.07637336445784,18.326256829111365,-74.06487492882111,18.337755264748097,8.983152841189951e-05,-8.983152841195546e-05,3,1269,train,"-74.0763733645,18.3262568291,-74.0648749288,18.3377552647"
419,-74.07637336445784,18.320507611293,-74.06487492882111,18.33200604692973,8.983152841189951e-05,-8.983152841195546e-05,3,1269,train,"-74.0763733645,18.3205076113,-74.0648749288,18.3320060469"
420,-74.07637336445784,18.314758393474637,-74.06487492882111,18.32625682911137,8.983152841189951e-05,-8.983152841195546e-05,3,1269,train,"-74.0763733645,18.3147583935,-74.0648749288,18.3262568291"
421,-74.07637336445784,18.30900917565627,-74.06487492882111,18.320507611293003,8.983152841189951e-05,-8.983152841195546e-05,3,1269,train,"-74.0763733645,18.3090091757,-74.0648749288,18.3205076113"
422,-74.07637336445784,18.303259957837906,-74.06487492882111,18.314758393474637,8.983152841189951e-05,-8.983152841195546e-05,3,1269,train,"-74.0763733645,18.3032599578,-74.0648749288,18.3147583935"
423,-74.07637336445784,18.291761522201178,-74.06487492882111,18.303259957837906,8.983152841189951e-05,-8.983152841192748e-05,3,1269,train,"-74.0763733645,18.2917615222,-74.0648749288,18.3032599578"
424,-74.07637336445784,18.286012304382812,-74.06487492882111,18.297510740019543,8.983152841189951e-05,-8.983152841195546e-05,3,1269,train,"-74.0763733645,18.2860123044,-74.0648749288,18.2975107400"
425,-74.07637336445784,18.263015433109352,-74.06487492882111,18.274513868746084,8.983152841189951e-05,-8.983152841195546e-05,8,4,val,"-74.0763733645,18.2630154331,-74.0648749288,18.2745138687"
426,-74.07637336445784,18.257266215290986,-74.06487492882111,18.268764650927718,8.983152841189951e-05,-8.983152841195546e-05,8,4,val,"-74.0763733645,18.2572662153,-74.0648749288,18.2687646509"
427,-74.07062414663947,18.521730234935774,-74.05912571100275,18.533228670572505,8.983152841189951e-05,-8.983152841195546e-05,10,28,test,"-74.0706241466,18.5217302349,-74.0591257110,18.5332286706"
428,-74.07062414663947,18.515981017117408,-74.05912571100275,18.52747945275414,8.983152841189951e-05,-8.983152841195546e-05,10,28,test,"-74.0706241466,18.5159810171,-74.0591257110,18.5274794528"
429,-74.07062414663947,18.510231799299042,-74.05912571100275,18.521730234935774,8.983152841189951e-05,-8.983152841195546e-05,10,28,test,"-74.0706241466,18.5102317993,-74.0591257110,18.5217302349"
430,-74.07062414663947,18.4354919676603,-74.05912571100275,18.44699040329703,8.983152841189951e-05,-8.983152841192748e-05,3,1269,train,"-74.0706241466,18.4354919677,-74.0591257110,18.4469904033"
431,-74.07062414663947,18.429742749841935,-74.05912571100275,18.441241185478667,8.983152841189951e-05,-8.983152841195546e-05,3,1269,train,"-74.0706241466,18.4297427498,-74.0591257110,18.4412411855"
432,-74.07062414663947,18.42399353202357,-74.05912571100275,18.4354919676603,8.983152841189951e-05,-8.983152841195546e-05,3,1269,train,"-74.0706241466,18.4239935320,-74.0591257110,18.4354919677"
433,-74.07062414663947,18.418244314205204,-74.05912571100275,18.429742749841935,8.983152841189951e-05,-8.983152841195546e-05,3,1269,train,"-74.0706241466,18.4182443142,-74.0591257110,18.4297427498"
434,-74.07062414663947,18.41249509638684,-74.05912571100275,18.42399353202357,8.983152841189951e-05,-8.983152841192748e-05,3,1269,train,"-74.0706241466,18.4124950964,-74.0591257110,18.4239935320"
435,-74.07062414663947,18.406745878568476,-74.05912571100275,18.418244314205207,8.983152841189951e-05,-8.983152841195546e-05,3,1269,train,"-74.0706241466,18.4067458786,-74.0591257110,18.4182443142"
436,-74.07062414663947,18.40099666075011,-74.05912571100275,18.41249509638684,8.983152841189951e-05,-8.983152841195546e-05,3,1269,train,"-74.0706241466,18.4009966608,-74.0591257110,18.4124950964"
437,-74.07062414663947,18.395247442931744,-74.05912571100275,18.406745878568476,8.983152841189951e-05,-8.983152841195546e-05,3,1269,train,"-74.0706241466,18.3952474429,-74.0591257110,18.4067458786"
438,-74.07062414663947,18.389498225113382,-74.05912571100275,18.40099666075011,8.983152841189951e-05,-8.983152841192748e-05,3,1269,train,"-74.0706241466,18.3894982251,-74.0591257110,18.4009966608"
439,-74.07062414663947,18.383749007295016,-74.05912571100275,18.395247442931748,8.983152841189951e-05,-8.983152841195546e-05,3,1269,train,"-74.0706241466,18.3837490073,-74.0591257110,18.3952474429"
440,-74.07062414663947,18.37799978947665,-74.05912571100275,18.389498225113382,8.983152841189951e-05,-8.983152841195546e-05,3,1269,train,"-74.0706241466,18.3779997895,-74.0591257110,18.3894982251"
441,-74.07062414663947,18.372250571658284,-74.05912571100275,18.383749007295016,8.983152841189951e-05,-8.983152841195546e-05,3,1269,train,"-74.0706241466,18.3722505717,-74.0591257110,18.3837490073"
442,-74.07062414663947,18.35500291820319,-74.05912571100275,18.366501353839922,8.983152841189951e-05,-8.983152841195546e-05,3,1269,train,"-74.0706241466,18.3550029182,-74.0591257110,18.3665013538"
443,-74.07062414663947,18.349253700384825,-74.05912571100275,18.360752136021556,8.983152841189951e-05,-8.983152841195546e-05,3,1269,train,"-74.0706241466,18.3492537004,-74.0591257110,18.3607521360"
444,-74.07062414663947,18.34350448256646,-74.05912571100275,18.35500291820319,8.983152841189951e-05,-8.983152841195546e-05,3,1269,train,"-74.0706241466,18.3435044826,-74.0591257110,18.3550029182"
445,-74.07062414663947,18.337755264748097,-74.05912571100275,18.34925370038483,8.983152841189951e-05,-8.983152841195546e-05,3,1269,train,"-74.0706241466,18.3377552647,-74.0591257110,18.3492537004"
446,-74.07062414663947,18.33200604692973,-74.05912571100275,18.343504482566463,8.983152841189951e-05,-8.983152841195546e-05,3,1269,train,"-74.0706241466,18.3320060469,-74.0591257110,18.3435044826"
447,-74.07062414663947,18.326256829111365,-74.05912571100275,18.337755264748097,8.983152841189951e-05,-8.983152841195546e-05,3,1269,train,"-74.0706241466,18.3262568291,-74.0591257110,18.3377552647"
448,-74.07062414663947,18.320507611293,-74.05912571100275,18.33200604692973,8.983152841189951e-05,-8.983152841195546e-05,3,1269,train,"-74.0706241466,18.3205076113,-74.0591257110,18.3320060469"
449,-74.07062414663947,18.314758393474637,-74.05912571100275,18.32625682911137,8.983152841189951e-05,-8.983152841195546e-05,3,1269,train,"-74.0706241466,18.3147583935,-74.0591257110,18.3262568291"
450,-74.07062414663947,18.29751074001954,-74.05912571100275,18.30900917565627,8.983152841189951e-05,-8.983152841195546e-05,3,1269,train,"-74.0706241466,18.2975107400,-74.0591257110,18.3090091757"
451,-74.07062414663947,18.291761522201178,-74.05912571100275,18.303259957837906,8.983152841189951e-05,-8.983152841192748e-05,3,1269,train,"-74.0706241466,18.2917615222,-74.0591257110,18.3032599578"
452,-74.07062414663947,18.286012304382812,-74.05912571100275,18.297510740019543,8.983152841189951e-05,-8.983152841195546e-05,3,1269,train,"-74.0706241466,18.2860123044,-74.0591257110,18.2975107400"
453,-74.06487492882111,18.515981017117408,-74.05337649318439,18.52747945275414,8.983152841189951e-05,-8.983152841195546e-05,10,28,test,"-74.0648749288,18.5159810171,-74.0533764932,18.5274794528"
454,-74.06487492882111,18.510231799299042,-74.05337649318439,18.521730234935774,8.983152841189951e-05,-8.983152841195546e-05,10,28,test,"-74.0648749288,18.5102317993,-74.0533764932,18.5217302349"
455,-74.06487492882111,18.464238056752123,-74.05337649318439,18.475736492388855,8.983152841189951e-05,-8.983152841195546e-05,3,1269,train,"-74.0648749288,18.4642380568,-74.0533764932,18.4757364924"
456,-74.06487492882111,18.45848883893376,-74.05337649318439,18.469987274570492,8.983152841189951e-05,-8.983152841195546e-05,3,1269,train,"-74.0648749288,18.4584888389,-74.0533764932,18.4699872746"
457,-74.06487492882111,18.452739621115395,-74.05337649318439,18.464238056752126,8.983152841189951e-05,-8.983152841195546e-05,3,1269,train,"-74.0648749288,18.4527396211,-74.0533764932,18.4642380568"
458,-74.06487492882111,18.429742749841935,-74.05337649318439,18.441241185478667,8.983152841189951e-05,-8.983152841195546e-05,3,1269,train,"-74.0648749288,18.4297427498,-74.0533764932,18.4412411855"
459,-74.06487492882111,18.42399353202357,-74.05337649318439,18.4354919676603,8.983152841189951e-05,-8.983152841195546e-05,3,1269,train,"-74.0648749288,18.4239935320,-74.0533764932,18.4354919677"
460,-74.06487492882111,18.418244314205204,-74.05337649318439,18.429742749841935,8.983152841189951e-05,-8.983152841195546e-05,3,1269,train,"-74.0648749288,18.4182443142,-74.0533764932,18.4297427498"
461,-74.06487492882111,18.41249509638684,-74.05337649318439,18.42399353202357,8.983152841189951e-05,-8.983152841192748e-05,3,1269,train,"-74.0648749288,18.4124950964,-74.0533764932,18.4239935320"
462,-74.06487492882111,18.406745878568476,-74.05337649318439,18.418244314205207,8.983152841189951e-05,-8.983152841195546e-05,3,1269,train,"-74.0648749288,18.4067458786,-74.0533764932,18.4182443142"
463,-74.06487492882111,18.40099666075011,-74.05337649318439,18.41249509638684,8.983152841189951e-05,-8.983152841195546e-05,3,1269,train,"-74.0648749288,18.4009966608,-74.0533764932,18.4124950964"
464,-74.06487492882111,18.395247442931744,-74.05337649318439,18.406745878568476,8.983152841189951e-05,-8.983152841195546e-05,3,1269,train,"-74.0648749288,18.3952474429,-74.0533764932,18.4067458786"
465,-74.06487492882111,18.389498225113382,-74.05337649318439,18.40099666075011,8.983152841189951e-05,-8.983152841192748e-05,3,1269,train,"-74.0648749288,18.3894982251,-74.0533764932,18.4009966608"
466,-74.06487492882111,18.383749007295016,-74.05337649318439,18.395247442931748,8.983152841189951e-05,-8.983152841195546e-05,3,1269,train,"-74.0648749288,18.3837490073,-74.0533764932,18.3952474429"
467,-74.06487492882111,18.37799978947665,-74.05337649318439,18.389498225113382,8.983152841189951e-05,-8.983152841195546e-05,3,1269,train,"-74.0648749288,18.3779997895,-74.0533764932,18.3894982251"
468,-74.06487492882111,18.372250571658284,-74.05337649318439,18.383749007295016,8.983152841189951e-05,-8.983152841195546e-05,3,1269,train,"-74.0648749288,18.3722505717,-74.0533764932,18.3837490073"
469,-74.06487492882111,18.36650135383992,-74.05337649318439,18.37799978947665,8.983152841189951e-05,-8.983152841195546e-05,3,1269,train,"-74.0648749288,18.3665013538,-74.0533764932,18.3779997895"
470,-74.06487492882111,18.360752136021556,-74.05337649318439,18.372250571658288,8.983152841189951e-05,-8.983152841195546e-05,3,1269,train,"-74.0648749288,18.3607521360,-74.0533764932,18.3722505717"
471,-74.06487492882111,18.35500291820319,-74.05337649318439,18.366501353839922,8.983152841189951e-05,-8.983152841195546e-05,3,1269,train,"-74.0648749288,18.3550029182,-74.0533764932,18.3665013538"
472,-74.06487492882111,18.349253700384825,-74.05337649318439,18.360752136021556,8.983152841189951e-05,-8.983152841195546e-05,3,1269,train,"-74.0648749288,18.3492537004,-74.0533764932,18.3607521360"
473,-74.06487492882111,18.34350448256646,-74.05337649318439,18.35500291820319,8.983152841189951e-05,-8.983152841195546e-05,3,1269,train,"-74.0648749288,18.3435044826,-74.0533764932,18.3550029182"
474,-74.06487492882111,18.337755264748097,-74.05337649318439,18.34925370038483,8.983152841189951e-05,-8.983152841195546e-05,3,1269,train,"-74.0648749288,18.3377552647,-74.0533764932,18.3492537004"
475,-74.06487492882111,18.320507611293,-74.05337649318439,18.33200604692973,8.983152841189951e-05,-8.983152841195546e-05,3,1269,train,"-74.0648749288,18.3205076113,-74.0533764932,18.3320060469"
476,-74.06487492882111,18.314758393474637,-74.05337649318439,18.32625682911137,8.983152841189951e-05,-8.983152841195546e-05,3,1269,train,"-74.0648749288,18.3147583935,-74.0533764932,18.3262568291"
477,-74.06487492882111,18.30900917565627,-74.05337649318439,18.320507611293003,8.983152841189951e-05,-8.983152841195546e-05,3,1269,train,"-74.0648749288,18.3090091757,-74.0533764932,18.3205076113"
478,-74.06487492882111,18.303259957837906,-74.05337649318439,18.314758393474637,8.983152841189951e-05,-8.983152841195546e-05,3,1269,train,"-74.0648749288,18.3032599578,-74.0533764932,18.3147583935"
479,-74.06487492882111,18.29751074001954,-74.05337649318439,18.30900917565627,8.983152841189951e-05,-8.983152841195546e-05,3,1269,train,"-74.0648749288,18.2975107400,-74.0533764932,18.3090091757"
480,-74.06487492882111,18.291761522201178,-74.05337649318439,18.303259957837906,8.983152841189951e-05,-8.983152841192748e-05,3,1269,train,"-74.0648749288,18.2917615222,-74.0533764932,18.3032599578"
481,-74.06487492882111,18.286012304382812,-74.05337649318439,18.297510740019543,8.983152841189951e-05,-8.983152841195546e-05,3,1269,train,"-74.0648749288,18.2860123044,-74.0533764932,18.2975107400"
482,-74.06487492882111,18.280263086564446,-74.05337649318439,18.291761522201178,8.983152841189951e-05,-8.983152841195546e-05,3,1269,train,"-74.0648749288,18.2802630866,-74.0533764932,18.2917615222"
483,-74.05912571100275,18.521730234935774,-74.04762727536601,18.533228670572505,8.98315284120114e-05,-8.983152841195546e-05,10,28,test,"-74.0591257110,18.5217302349,-74.0476272754,18.5332286706"
484,-74.05912571100275,18.515981017117408,-74.04762727536601,18.52747945275414,8.98315284120114e-05,-8.983152841195546e-05,10,28,test,"-74.0591257110,18.5159810171,-74.0476272754,18.5274794528"
485,-74.05912571100275,18.510231799299042,-74.04762727536601,18.521730234935774,8.98315284120114e-05,-8.983152841195546e-05,10,28,test,"-74.0591257110,18.5102317993,-74.0476272754,18.5217302349"
486,-74.05912571100275,18.464238056752123,-74.04762727536601,18.475736492388855,8.98315284120114e-05,-8.983152841195546e-05,3,1269,train,"-74.0591257110,18.4642380568,-74.0476272754,18.4757364924"
487,-74.05912571100275,18.45848883893376,-74.04762727536601,18.469987274570492,8.98315284120114e-05,-8.983152841195546e-05,3,1269,train,"-74.0591257110,18.4584888389,-74.0476272754,18.4699872746"
488,-74.05912571100275,18.44699040329703,-74.04762727536601,18.45848883893376,8.98315284120114e-05,-8.983152841195546e-05,3,1269,train,"-74.0591257110,18.4469904033,-74.0476272754,18.4584888389"
489,-74.05912571100275,18.441241185478663,-74.04762727536601,18.452739621115395,8.98315284120114e-05,-8.983152841195546e-05,3,1269,train,"-74.0591257110,18.4412411855,-74.0476272754,18.4527396211"
490,-74.05912571100275,18.4354919676603,-74.04762727536601,18.44699040329703,8.98315284120114e-05,-8.983152841192748e-05,3,1269,train,"-74.0591257110,18.4354919677,-74.0476272754,18.4469904033"
491,-74.05912571100275,18.429742749841935,-74.04762727536601,18.441241185478667,8.98315284120114e-05,-8.983152841195546e-05,3,1269,train,"-74.0591257110,18.4297427498,-74.0476272754,18.4412411855"
492,-74.05912571100275,18.42399353202357,-74.04762727536601,18.4354919676603,8.98315284120114e-05,-8.983152841195546e-05,3,1269,train,"-74.0591257110,18.4239935320,-74.0476272754,18.4354919677"
493,-74.05912571100275,18.418244314205204,-74.04762727536601,18.429742749841935,8.98315284120114e-05,-8.983152841195546e-05,3,1269,train,"-74.0591257110,18.4182443142,-74.0476272754,18.4297427498"
494,-74.05912571100275,18.41249509638684,-74.04762727536601,18.42399353202357,8.98315284120114e-05,-8.983152841192748e-05,3,1269,train,"-74.0591257110,18.4124950964,-74.0476272754,18.4239935320"
495,-74.05912571100275,18.406745878568476,-74.04762727536601,18.418244314205207,8.98315284120114e-05,-8.983152841195546e-05,3,1269,train,"-74.0591257110,18.4067458786,-74.0476272754,18.4182443142"
496,-74.05912571100275,18.40099666075011,-74.04762727536601,18.41249509638684,8.98315284120114e-05,-8.983152841195546e-05,3,1269,train,"-74.0591257110,18.4009966608,-74.0476272754,18.4124950964"
497,-74.05912571100275,18.395247442931744,-74.04762727536601,18.406745878568476,8.98315284120114e-05,-8.983152841195546e-05,3,1269,train,"-74.0591257110,18.3952474429,-74.0476272754,18.4067458786"
498,-74.05912571100275,18.389498225113382,-74.04762727536601,18.40099666075011,8.98315284120114e-05,-8.983152841192748e-05,3,1269,train,"-74.0591257110,18.3894982251,-74.0476272754,18.4009966608"
499,-74.05912571100275,18.383749007295016,-74.04762727536601,18.395247442931748,8.98315284120114e-05,-8.983152841195546e-05,3,1269,train,"-74.0591257110,18.3837490073,-74.0476272754,18.3952474429"
500,-74.05912571100275,18.37799978947665,-74.04762727536601,18.389498225113382,8.98315284120114e-05,-8.983152841195546e-05,3,1269,train,"-74.0591257110,18.3779997895,-74.0476272754,18.3894982251"
501,-74.05912571100275,18.372250571658284,-74.04762727536601,18.383749007295016,8.98315284120114e-05,-8.983152841195546e-05,3,1269,train,"-74.0591257110,18.3722505717,-74.0476272754,18.3837490073"
502,-74.05912571100275,18.36650135383992,-74.04762727536601,18.37799978947665,8.98315284120114e-05,-8.983152841195546e-05,3,1269,train,"-74.0591257110,18.3665013538,-74.0476272754,18.3779997895"
503,-74.05912571100275,18.360752136021556,-74.04762727536601,18.372250571658288,8.98315284120114e-05,-8.983152841195546e-05,3,1269,train,"-74.0591257110,18.3607521360,-74.0476272754,18.3722505717"
504,-74.05912571100275,18.35500291820319,-74.04762727536601,18.366501353839922,8.98315284120114e-05,-8.983152841195546e-05,3,1269,train,"-74.0591257110,18.3550029182,-74.0476272754,18.3665013538"
505,-74.05912571100275,18.349253700384825,-74.04762727536601,18.360752136021556,8.98315284120114e-05,-8.983152841195546e-05,3,1269,train,"-74.0591257110,18.3492537004,-74.0476272754,18.3607521360"
506,-74.05912571100275,18.34350448256646,-74.04762727536601,18.35500291820319,8.98315284120114e-05,-8.983152841195546e-05,3,1269,train,"-74.0591257110,18.3435044826,-74.0476272754,18.3550029182"
507,-74.05912571100275,18.337755264748097,-74.04762727536601,18.34925370038483,8.98315284120114e-05,-8.983152841195546e-05,3,1269,train,"-74.0591257110,18.3377552647,-74.0476272754,18.3492537004"
508,-74.05912571100275,18.320507611293,-74.04762727536601,18.33200604692973,8.98315284120114e-05,-8.983152841195546e-05,3,1269,train,"-74.0591257110,18.3205076113,-74.0476272754,18.3320060469"
509,-74.05912571100275,18.314758393474637,-74.04762727536601,18.32625682911137,8.98315284120114e-05,-8.983152841195546e-05,3,1269,train,"-74.0591257110,18.3147583935,-74.0476272754,18.3262568291"
510,-74.05912571100275,18.30900917565627,-74.04762727536601,18.320507611293003,8.98315284120114e-05,-8.983152841195546e-05,3,1269,train,"-74.0591257110,18.3090091757,-74.0476272754,18.3205076113"
511,-74.05912571100275,18.303259957837906,-74.04762727536601,18.314758393474637,8.98315284120114e-05,-8.983152841195546e-05,3,1269,train,"-74.0591257110,18.3032599578,-74.0476272754,18.3147583935"
512,-74.05912571100275,18.29751074001954,-74.04762727536601,18.30900917565627,8.98315284120114e-05,-8.983152841195546e-05,3,1269,train,"-74.0591257110,18.2975107400,-74.0476272754,18.3090091757"
513,-74.05912571100275,18.291761522201178,-74.04762727536601,18.303259957837906,8.98315284120114e-05,-8.983152841192748e-05,3,1269,train,"-74.0591257110,18.2917615222,-74.0476272754,18.3032599578"
514,-74.05912571100275,18.286012304382812,-74.04762727536601,18.297510740019543,8.98315284120114e-05,-8.983152841195546e-05,3,1269,train,"-74.0591257110,18.2860123044,-74.0476272754,18.2975107400"
515,-74.05912571100275,18.280263086564446,-74.04762727536601,18.291761522201178,8.98315284120114e-05,-8.983152841195546e-05,3,1269,train,"-74.0591257110,18.2802630866,-74.0476272754,18.2917615222"
516,-74.05912571100275,18.263015433109352,-74.04762727536601,18.274513868746084,8.98315284120114e-05,-8.983152841195546e-05,11,10,val,"-74.0591257110,18.2630154331,-74.0476272754,18.2745138687"
517,-74.05912571100275,18.257266215290986,-74.04762727536601,18.268764650927718,8.98315284120114e-05,-8.983152841195546e-05,11,10,val,"-74.0591257110,18.2572662153,-74.0476272754,18.2687646509"
518,-74.05337649318439,18.52747945275414,-74.04187805754765,18.53897788839087,8.98315284120114e-05,-8.983152841195546e-05,10,28,test,"-74.0533764932,18.5274794528,-74.0418780575,18.5389778884"
519,-74.05337649318439,18.521730234935774,-74.04187805754765,18.533228670572505,8.98315284120114e-05,-8.983152841195546e-05,10,28,test,"-74.0533764932,18.5217302349,-74.0418780575,18.5332286706"
520,-74.05337649318439,18.515981017117408,-74.04187805754765,18.52747945275414,8.98315284120114e-05,-8.983152841195546e-05,10,28,test,"-74.0533764932,18.5159810171,-74.0418780575,18.5274794528"
521,-74.05337649318439,18.46998727457049,-74.04187805754765,18.48148571020722,8.98315284120114e-05,-8.983152841195546e-05,3,1269,train,"-74.0533764932,18.4699872746,-74.0418780575,18.4814857102"
522,-74.05337649318439,18.464238056752123,-74.04187805754765,18.475736492388855,8.98315284120114e-05,-8.983152841195546e-05,3,1269,train,"-74.0533764932,18.4642380568,-74.0418780575,18.4757364924"
523,-74.05337649318439,18.45848883893376,-74.04187805754765,18.469987274570492,8.98315284120114e-05,-8.983152841195546e-05,3,1269,train,"-74.0533764932,18.4584888389,-74.0418780575,18.4699872746"
524,-74.05337649318439,18.44699040329703,-74.04187805754765,18.45848883893376,8.98315284120114e-05,-8.983152841195546e-05,3,1269,train,"-74.0533764932,18.4469904033,-74.0418780575,18.4584888389"
525,-74.05337649318439,18.441241185478663,-74.04187805754765,18.452739621115395,8.98315284120114e-05,-8.983152841195546e-05,3,1269,train,"-74.0533764932,18.4412411855,-74.0418780575,18.4527396211"
526,-74.05337649318439,18.4354919676603,-74.04187805754765,18.44699040329703,8.98315284120114e-05,-8.983152841192748e-05,3,1269,train,"-74.0533764932,18.4354919677,-74.0418780575,18.4469904033"
527,-74.05337649318439,18.429742749841935,-74.04187805754765,18.441241185478667,8.98315284120114e-05,-8.983152841195546e-05,3,1269,train,"-74.0533764932,18.4297427498,-74.0418780575,18.4412411855"
528,-74.05337649318439,18.42399353202357,-74.04187805754765,18.4354919676603,8.98315284120114e-05,-8.983152841195546e-05,3,1269,train,"-74.0533764932,18.4239935320,-74.0418780575,18.4354919677"
529,-74.05337649318439,18.418244314205204,-74.04187805754765,18.429742749841935,8.98315284120114e-05,-8.983152841195546e-05,3,1269,train,"-74.0533764932,18.4182443142,-74.0418780575,18.4297427498"
530,-74.05337649318439,18.41249509638684,-74.04187805754765,18.42399353202357,8.98315284120114e-05,-8.983152841192748e-05,3,1269,train,"-74.0533764932,18.4124950964,-74.0418780575,18.4239935320"
531,-74.05337649318439,18.406745878568476,-74.04187805754765,18.418244314205207,8.98315284120114e-05,-8.983152841195546e-05,3,1269,train,"-74.0533764932,18.4067458786,-74.0418780575,18.4182443142"
532,-74.05337649318439,18.40099666075011,-74.04187805754765,18.41249509638684,8.98315284120114e-05,-8.983152841195546e-05,3,1269,train,"-74.0533764932,18.4009966608,-74.0418780575,18.4124950964"
533,-74.05337649318439,18.395247442931744,-74.04187805754765,18.406745878568476,8.98315284120114e-05,-8.983152841195546e-05,3,1269,train,"-74.0533764932,18.3952474429,-74.0418780575,18.4067458786"
534,-74.05337649318439,18.389498225113382,-74.04187805754765,18.40099666075011,8.98315284120114e-05,-8.983152841192748e-05,3,1269,train,"-74.0533764932,18.3894982251,-74.0418780575,18.4009966608"
535,-74.05337649318439,18.383749007295016,-74.04187805754765,18.395247442931748,8.98315284120114e-05,-8.983152841195546e-05,3,1269,train,"-74.0533764932,18.3837490073,-74.0418780575,18.3952474429"
536,-74.05337649318439,18.37799978947665,-74.04187805754765,18.389498225113382,8.98315284120114e-05,-8.983152841195546e-05,3,1269,train,"-74.0533764932,18.3779997895,-74.0418780575,18.3894982251"
537,-74.05337649318439,18.372250571658284,-74.04187805754765,18.383749007295016,8.98315284120114e-05,-8.983152841195546e-05,3,1269,train,"-74.0533764932,18.3722505717,-74.0418780575,18.3837490073"
538,-74.05337649318439,18.36650135383992,-74.04187805754765,18.37799978947665,8.98315284120114e-05,-8.983152841195546e-05,3,1269,train,"-74.0533764932,18.3665013538,-74.0418780575,18.3779997895"
539,-74.05337649318439,18.360752136021556,-74.04187805754765,18.372250571658288,8.98315284120114e-05,-8.983152841195546e-05,3,1269,train,"-74.0533764932,18.3607521360,-74.0418780575,18.3722505717"
540,-74.05337649318439,18.35500291820319,-74.04187805754765,18.366501353839922,8.98315284120114e-05,-8.983152841195546e-05,3,1269,train,"-74.0533764932,18.3550029182,-74.0418780575,18.3665013538"
541,-74.05337649318439,18.349253700384825,-74.04187805754765,18.360752136021556,8.98315284120114e-05,-8.983152841195546e-05,3,1269,train,"-74.0533764932,18.3492537004,-74.0418780575,18.3607521360"
542,-74.05337649318439,18.34350448256646,-74.04187805754765,18.35500291820319,8.98315284120114e-05,-8.983152841195546e-05,3,1269,train,"-74.0533764932,18.3435044826,-74.0418780575,18.3550029182"
543,-74.05337649318439,18.337755264748097,-74.04187805754765,18.34925370038483,8.98315284120114e-05,-8.983152841195546e-05,3,1269,train,"-74.0533764932,18.3377552647,-74.0418780575,18.3492537004"
544,-74.05337649318439,18.33200604692973,-74.04187805754765,18.343504482566463,8.98315284120114e-05,-8.983152841195546e-05,3,1269,train,"-74.0533764932,18.3320060469,-74.0418780575,18.3435044826"
545,-74.05337649318439,18.320507611293,-74.04187805754765,18.33200604692973,8.98315284120114e-05,-8.983152841195546e-05,3,1269,train,"-74.0533764932,18.3205076113,-74.0418780575,18.3320060469"
546,-74.05337649318439,18.314758393474637,-74.04187805754765,18.32625682911137,8.98315284120114e-05,-8.983152841195546e-05,3,1269,train,"-74.0533764932,18.3147583935,-74.0418780575,18.3262568291"
547,-74.05337649318439,18.30900917565627,-74.04187805754765,18.320507611293003,8.98315284120114e-05,-8.983152841195546e-05,3,1269,train,"-74.0533764932,18.3090091757,-74.0418780575,18.3205076113"
548,-74.05337649318439,18.303259957837906,-74.04187805754765,18.314758393474637,8.98315284120114e-05,-8.983152841195546e-05,3,1269,train,"-74.0533764932,18.3032599578,-74.0418780575,18.3147583935"
549,-74.05337649318439,18.29751074001954,-74.04187805754765,18.30900917565627,8.98315284120114e-05,-8.983152841195546e-05,3,1269,train,"-74.0533764932,18.2975107400,-74.0418780575,18.3090091757"
550,-74.05337649318439,18.291761522201178,-74.04187805754765,18.303259957837906,8.98315284120114e-05,-8.983152841192748e-05,3,1269,train,"-74.0533764932,18.2917615222,-74.0418780575,18.3032599578"
551,-74.05337649318439,18.286012304382812,-74.04187805754765,18.297510740019543,8.98315284120114e-05,-8.983152841195546e-05,3,1269,train,"-74.0533764932,18.2860123044,-74.0418780575,18.2975107400"
552,-74.05337649318439,18.280263086564446,-74.04187805754765,18.291761522201178,8.98315284120114e-05,-8.983152841195546e-05,3,1269,train,"-74.0533764932,18.2802630866,-74.0418780575,18.2917615222"
553,-74.05337649318439,18.27451386874608,-74.04187805754765,18.286012304382812,8.98315284120114e-05,-8.983152841195546e-05,3,1269,train,"-74.0533764932,18.2745138687,-74.0418780575,18.2860123044"
554,-74.05337649318439,18.263015433109352,-74.04187805754765,18.274513868746084,8.98315284120114e-05,-8.983152841195546e-05,11,10,val,"-74.0533764932,18.2630154331,-74.0418780575,18.2745138687"
555,-74.05337649318439,18.257266215290986,-74.04187805754765,18.268764650927718,8.98315284120114e-05,-8.983152841195546e-05,11,10,val,"-74.0533764932,18.2572662153,-74.0418780575,18.2687646509"
556,-74.04762727536601,18.52747945275414,-74.03612883972929,18.53897788839087,8.983152841189951e-05,-8.983152841195546e-05,10,28,test,"-74.0476272754,18.5274794528,-74.0361288397,18.5389778884"
557,-74.04762727536601,18.521730234935774,-74.03612883972929,18.533228670572505,8.983152841189951e-05,-8.983152841195546e-05,10,28,test,"-74.0476272754,18.5217302349,-74.0361288397,18.5332286706"
558,-74.04762727536601,18.515981017117408,-74.03612883972929,18.52747945275414,8.983152841189951e-05,-8.983152841195546e-05,10,28,test,"-74.0476272754,18.5159810171,-74.0361288397,18.5274794528"
559,-74.04762727536601,18.49298414584395,-74.03612883972929,18.50448258148068,8.983152841189951e-05,-8.983152841195546e-05,3,1269,train,"-74.0476272754,18.4929841458,-74.0361288397,18.5044825815"
560,-74.04762727536601,18.46998727457049,-74.03612883972929,18.48148571020722,8.983152841189951e-05,-8.983152841195546e-05,3,1269,train,"-74.0476272754,18.4699872746,-74.0361288397,18.4814857102"
561,-74.04762727536601,18.464238056752123,-74.03612883972929,18.475736492388855,8.983152841189951e-05,-8.983152841195546e-05,3,1269,train,"-74.0476272754,18.4642380568,-74.0361288397,18.4757364924"
562,-74.04762727536601,18.45848883893376,-74.03612883972929,18.469987274570492,8.983152841189951e-05,-8.983152841195546e-05,3,1269,train,"-74.0476272754,18.4584888389,-74.0361288397,18.4699872746"
563,-74.04762727536601,18.452739621115395,-74.03612883972929,18.464238056752126,8.983152841189951e-05,-8.983152841195546e-05,3,1269,train,"-74.0476272754,18.4527396211,-74.0361288397,18.4642380568"
564,-74.04762727536601,18.44699040329703,-74.03612883972929,18.45848883893376,8.983152841189951e-05,-8.983152841195546e-05,3,1269,train,"-74.0476272754,18.4469904033,-74.0361288397,18.4584888389"
565,-74.04762727536601,18.441241185478663,-74.03612883972929,18.452739621115395,8.983152841189951e-05,-8.983152841195546e-05,3,1269,train,"-74.0476272754,18.4412411855,-74.0361288397,18.4527396211"
566,-74.04762727536601,18.4354919676603,-74.03612883972929,18.44699040329703,8.983152841189951e-05,-8.983152841192748e-05,3,1269,train,"-74.0476272754,18.4354919677,-74.0361288397,18.4469904033"
567,-74.04762727536601,18.429742749841935,-74.03612883972929,18.441241185478667,8.983152841189951e-05,-8.983152841195546e-05,3,1269,train,"-74.0476272754,18.4297427498,-74.0361288397,18.4412411855"
568,-74.04762727536601,18.42399353202357,-74.03612883972929,18.4354919676603,8.983152841189951e-05,-8.983152841195546e-05,3,1269,train,"-74.0476272754,18.4239935320,-74.0361288397,18.4354919677"
569,-74.04762727536601,18.418244314205204,-74.03612883972929,18.429742749841935,8.983152841189951e-05,-8.983152841195546e-05,3,1269,train,"-74.0476272754,18.4182443142,-74.0361288397,18.4297427498"
570,-74.04762727536601,18.41249509638684,-74.03612883972929,18.42399353202357,8.983152841189951e-05,-8.983152841192748e-05,3,1269,train,"-74.0476272754,18.4124950964,-74.0361288397,18.4239935320"
571,-74.04762727536601,18.406745878568476,-74.03612883972929,18.418244314205207,8.983152841189951e-05,-8.983152841195546e-05,3,1269,train,"-74.0476272754,18.4067458786,-74.0361288397,18.4182443142"
572,-74.04762727536601,18.40099666075011,-74.03612883972929,18.41249509638684,8.983152841189951e-05,-8.983152841195546e-05,3,1269,train,"-74.0476272754,18.4009966608,-74.0361288397,18.4124950964"
573,-74.04762727536601,18.395247442931744,-74.03612883972929,18.406745878568476,8.983152841189951e-05,-8.983152841195546e-05,3,1269,train,"-74.0476272754,18.3952474429,-74.0361288397,18.4067458786"
574,-74.04762727536601,18.389498225113382,-74.03612883972929,18.40099666075011,8.983152841189951e-05,-8.983152841192748e-05,3,1269,train,"-74.0476272754,18.3894982251,-74.0361288397,18.4009966608"
575,-74.04762727536601,18.383749007295016,-74.03612883972929,18.395247442931748,8.983152841189951e-05,-8.983152841195546e-05,3,1269,train,"-74.0476272754,18.3837490073,-74.0361288397,18.3952474429"
576,-74.04762727536601,18.37799978947665,-74.03612883972929,18.389498225113382,8.983152841189951e-05,-8.983152841195546e-05,3,1269,train,"-74.0476272754,18.3779997895,-74.0361288397,18.3894982251"
577,-74.04762727536601,18.372250571658284,-74.03612883972929,18.383749007295016,8.983152841189951e-05,-8.983152841195546e-05,3,1269,train,"-74.0476272754,18.3722505717,-74.0361288397,18.3837490073"
578,-74.04762727536601,18.36650135383992,-74.03612883972929,18.37799978947665,8.983152841189951e-05,-8.983152841195546e-05,3,1269,train,"-74.0476272754,18.3665013538,-74.0361288397,18.3779997895"
579,-74.04762727536601,18.360752136021556,-74.03612883972929,18.372250571658288,8.983152841189951e-05,-8.983152841195546e-05,3,1269,train,"-74.0476272754,18.3607521360,-74.0361288397,18.3722505717"
580,-74.04762727536601,18.35500291820319,-74.03612883972929,18.366501353839922,8.983152841189951e-05,-8.983152841195546e-05,3,1269,train,"-74.0476272754,18.3550029182,-74.0361288397,18.3665013538"
581,-74.04762727536601,18.349253700384825,-74.03612883972929,18.360752136021556,8.983152841189951e-05,-8.983152841195546e-05,3,1269,train,"-74.0476272754,18.3492537004,-74.0361288397,18.3607521360"
582,-74.04762727536601,18.34350448256646,-74.03612883972929,18.35500291820319,8.983152841189951e-05,-8.983152841195546e-05,3,1269,train,"-74.0476272754,18.3435044826,-74.0361288397,18.3550029182"
583,-74.04762727536601,18.337755264748097,-74.03612883972929,18.34925370038483,8.983152841189951e-05,-8.983152841195546e-05,3,1269,train,"-74.0476272754,18.3377552647,-74.0361288397,18.3492537004"
584,-74.04762727536601,18.33200604692973,-74.03612883972929,18.343504482566463,8.983152841189951e-05,-8.983152841195546e-05,3,1269,train,"-74.0476272754,18.3320060469,-74.0361288397,18.3435044826"
585,-74.04762727536601,18.326256829111365,-74.03612883972929,18.337755264748097,8.983152841189951e-05,-8.983152841195546e-05,3,1269,train,"-74.0476272754,18.3262568291,-74.0361288397,18.3377552647"
586,-74.04762727536601,18.320507611293,-74.03612883972929,18.33200604692973,8.983152841189951e-05,-8.983152841195546e-05,3,1269,train,"-74.0476272754,18.3205076113,-74.0361288397,18.3320060469"
587,-74.04762727536601,18.314758393474637,-74.03612883972929,18.32625682911137,8.983152841189951e-05,-8.983152841195546e-05,3,1269,train,"-74.0476272754,18.3147583935,-74.0361288397,18.3262568291"
588,-74.04762727536601,18.30900917565627,-74.03612883972929,18.320507611293003,8.983152841189951e-05,-8.983152841195546e-05,3,1269,train,"-74.0476272754,18.3090091757,-74.0361288397,18.3205076113"
589,-74.04762727536601,18.303259957837906,-74.03612883972929,18.314758393474637,8.983152841189951e-05,-8.983152841195546e-05,3,1269,train,"-74.0476272754,18.3032599578,-74.0361288397,18.3147583935"
590,-74.04762727536601,18.29751074001954,-74.03612883972929,18.30900917565627,8.983152841189951e-05,-8.983152841195546e-05,3,1269,train,"-74.0476272754,18.2975107400,-74.0361288397,18.3090091757"
591,-74.04762727536601,18.291761522201178,-74.03612883972929,18.303259957837906,8.983152841189951e-05,-8.983152841192748e-05,3,1269,train,"-74.0476272754,18.2917615222,-74.0361288397,18.3032599578"
592,-74.04762727536601,18.286012304382812,-74.03612883972929,18.297510740019543,8.983152841189951e-05,-8.983152841195546e-05,3,1269,train,"-74.0476272754,18.2860123044,-74.0361288397,18.2975107400"
593,-74.04762727536601,18.280263086564446,-74.03612883972929,18.291761522201178,8.983152841189951e-05,-8.983152841195546e-05,3,1269,train,"-74.0476272754,18.2802630866,-74.0361288397,18.2917615222"
594,-74.04762727536601,18.263015433109352,-74.03612883972929,18.274513868746084,8.983152841189951e-05,-8.983152841195546e-05,11,10,val,"-74.0476272754,18.2630154331,-74.0361288397,18.2745138687"
595,-74.04762727536601,18.257266215290986,-74.03612883972929,18.268764650927718,8.983152841189951e-05,-8.983152841195546e-05,11,10,val,"-74.0476272754,18.2572662153,-74.0361288397,18.2687646509"
596,-74.04187805754765,18.52747945275414,-74.03037962191092,18.53897788839087,8.983152841189951e-05,-8.983152841195546e-05,10,28,test,"-74.0418780575,18.5274794528,-74.0303796219,18.5389778884"
597,-74.04187805754765,18.521730234935774,-74.03037962191092,18.533228670572505,8.983152841189951e-05,-8.983152841195546e-05,10,28,test,"-74.0418780575,18.5217302349,-74.0303796219,18.5332286706"
598,-74.04187805754765,18.515981017117408,-74.03037962191092,18.52747945275414,8.983152841189951e-05,-8.983152841195546e-05,10,28,test,"-74.0418780575,18.5159810171,-74.0303796219,18.5274794528"
599,-74.04187805754765,18.510231799299042,-74.03037962191092,18.521730234935774,8.983152841189951e-05,-8.983152841195546e-05,10,28,test,"-74.0418780575,18.5102317993,-74.0303796219,18.5217302349"
600,-74.04187805754765,18.487234928025583,-74.03037962191092,18.498733363662314,8.983152841189951e-05,-8.983152841195546e-05,3,1269,train,"-74.0418780575,18.4872349280,-74.0303796219,18.4987333637"
601,-74.04187805754765,18.48148571020722,-74.03037962191092,18.492984145843952,8.983152841189951e-05,-8.983152841195546e-05,3,1269,train,"-74.0418780575,18.4814857102,-74.0303796219,18.4929841458"
602,-74.04187805754765,18.464238056752123,-74.03037962191092,18.475736492388855,8.983152841189951e-05,-8.983152841195546e-05,3,1269,train,"-74.0418780575,18.4642380568,-74.0303796219,18.4757364924"
603,-74.04187805754765,18.45848883893376,-74.03037962191092,18.469987274570492,8.983152841189951e-05,-8.983152841195546e-05,3,1269,train,"-74.0418780575,18.4584888389,-74.0303796219,18.4699872746"
604,-74.04187805754765,18.452739621115395,-74.03037962191092,18.464238056752126,8.983152841189951e-05,-8.983152841195546e-05,3,1269,train,"-74.0418780575,18.4527396211,-74.0303796219,18.4642380568"
605,-74.04187805754765,18.44699040329703,-74.03037962191092,18.45848883893376,8.983152841189951e-05,-8.983152841195546e-05,3,1269,train,"-74.0418780575,18.4469904033,-74.0303796219,18.4584888389"
606,-74.04187805754765,18.441241185478663,-74.03037962191092,18.452739621115395,8.983152841189951e-05,-8.983152841195546e-05,3,1269,train,"-74.0418780575,18.4412411855,-74.0303796219,18.4527396211"
607,-74.04187805754765,18.4354919676603,-74.03037962191092,18.44699040329703,8.983152841189951e-05,-8.983152841192748e-05,3,1269,train,"-74.0418780575,18.4354919677,-74.0303796219,18.4469904033"
608,-74.04187805754765,18.429742749841935,-74.03037962191092,18.441241185478667,8.983152841189951e-05,-8.983152841195546e-05,3,1269,train,"-74.0418780575,18.4297427498,-74.0303796219,18.4412411855"
609,-74.04187805754765,18.42399353202357,-74.03037962191092,18.4354919676603,8.983152841189951e-05,-8.983152841195546e-05,3,1269,train,"-74.0418780575,18.4239935320,-74.0303796219,18.4354919677"
610,-74.04187805754765,18.418244314205204,-74.03037962191092,18.429742749841935,8.983152841189951e-05,-8.983152841195546e-05,3,1269,train,"-74.0418780575,18.4182443142,-74.0303796219,18.4297427498"
611,-74.04187805754765,18.41249509638684,-74.03037962191092,18.42399353202357,8.983152841189951e-05,-8.983152841192748e-05,3,1269,train,"-74.0418780575,18.4124950964,-74.0303796219,18.4239935320"
612,-74.04187805754765,18.406745878568476,-74.03037962191092,18.418244314205207,8.983152841189951e-05,-8.983152841195546e-05,3,1269,train,"-74.0418780575,18.4067458786,-74.0303796219,18.4182443142"
613,-74.04187805754765,18.40099666075011,-74.03037962191092,18.41249509638684,8.983152841189951e-05,-8.983152841195546e-05,3,1269,train,"-74.0418780575,18.4009966608,-74.0303796219,18.4124950964"
614,-74.04187805754765,18.395247442931744,-74.03037962191092,18.406745878568476,8.983152841189951e-05,-8.983152841195546e-05,3,1269,train,"-74.0418780575,18.3952474429,-74.0303796219,18.4067458786"
615,-74.04187805754765,18.389498225113382,-74.03037962191092,18.40099666075011,8.983152841189951e-05,-8.983152841192748e-05,3,1269,train,"-74.0418780575,18.3894982251,-74.0303796219,18.4009966608"
616,-74.04187805754765,18.383749007295016,-74.03037962191092,18.395247442931748,8.983152841189951e-05,-8.983152841195546e-05,3,1269,train,"-74.0418780575,18.3837490073,-74.0303796219,18.3952474429"
617,-74.04187805754765,18.37799978947665,-74.03037962191092,18.389498225113382,8.983152841189951e-05,-8.983152841195546e-05,3,1269,train,"-74.0418780575,18.3779997895,-74.0303796219,18.3894982251"
618,-74.04187805754765,18.372250571658284,-74.03037962191092,18.383749007295016,8.983152841189951e-05,-8.983152841195546e-05,3,1269,train,"-74.0418780575,18.3722505717,-74.0303796219,18.3837490073"
619,-74.04187805754765,18.36650135383992,-74.03037962191092,18.37799978947665,8.983152841189951e-05,-8.983152841195546e-05,3,1269,train,"-74.0418780575,18.3665013538,-74.0303796219,18.3779997895"
620,-74.04187805754765,18.360752136021556,-74.03037962191092,18.372250571658288,8.983152841189951e-05,-8.983152841195546e-05,3,1269,train,"-74.0418780575,18.3607521360,-74.0303796219,18.3722505717"
621,-74.04187805754765,18.35500291820319,-74.03037962191092,18.366501353839922,8.983152841189951e-05,-8.983152841195546e-05,3,1269,train,"-74.0418780575,18.3550029182,-74.0303796219,18.3665013538"
622,-74.04187805754765,18.349253700384825,-74.03037962191092,18.360752136021556,8.983152841189951e-05,-8.983152841195546e-05,3,1269,train,"-74.0418780575,18.3492537004,-74.0303796219,18.3607521360"
623,-74.04187805754765,18.34350448256646,-74.03037962191092,18.35500291820319,8.983152841189951e-05,-8.983152841195546e-05,3,1269,train,"-74.0418780575,18.3435044826,-74.0303796219,18.3550029182"
624,-74.04187805754765,18.337755264748097,-74.03037962191092,18.34925370038483,8.983152841189951e-05,-8.983152841195546e-05,3,1269,train,"-74.0418780575,18.3377552647,-74.0303796219,18.3492537004"
625,-74.04187805754765,18.33200604692973,-74.03037962191092,18.343504482566463,8.983152841189951e-05,-8.983152841195546e-05,3,1269,train,"-74.0418780575,18.3320060469,-74.0303796219,18.3435044826"
626,-74.04187805754765,18.326256829111365,-74.03037962191092,18.337755264748097,8.983152841189951e-05,-8.983152841195546e-05,3,1269,train,"-74.0418780575,18.3262568291,-74.0303796219,18.3377552647"
627,-74.04187805754765,18.320507611293,-74.03037962191092,18.33200604692973,8.983152841189951e-05,-8.983152841195546e-05,3,1269,train,"-74.0418780575,18.3205076113,-74.0303796219,18.3320060469"
628,-74.04187805754765,18.314758393474637,-74.03037962191092,18.32625682911137,8.983152841189951e-05,-8.983152841195546e-05,3,1269,train,"-74.0418780575,18.3147583935,-74.0303796219,18.3262568291"
629,-74.04187805754765,18.30900917565627,-74.03037962191092,18.320507611293003,8.983152841189951e-05,-8.983152841195546e-05,3,1269,train,"-74.0418780575,18.3090091757,-74.0303796219,18.3205076113"
630,-74.04187805754765,18.303259957837906,-74.03037962191092,18.314758393474637,8.983152841189951e-05,-8.983152841195546e-05,3,1269,train,"-74.0418780575,18.3032599578,-74.0303796219,18.3147583935"
631,-74.04187805754765,18.29751074001954,-74.03037962191092,18.30900917565627,8.983152841189951e-05,-8.983152841195546e-05,3,1269,train,"-74.0418780575,18.2975107400,-74.0303796219,18.3090091757"
632,-74.04187805754765,18.291761522201178,-74.03037962191092,18.303259957837906,8.983152841189951e-05,-8.983152841192748e-05,3,1269,train,"-74.0418780575,18.2917615222,-74.0303796219,18.3032599578"
633,-74.04187805754765,18.286012304382812,-74.03037962191092,18.297510740019543,8.983152841189951e-05,-8.983152841195546e-05,3,1269,train,"-74.0418780575,18.2860123044,-74.0303796219,18.2975107400"
634,-74.04187805754765,18.280263086564446,-74.03037962191092,18.291761522201178,8.983152841189951e-05,-8.983152841195546e-05,3,1269,train,"-74.0418780575,18.2802630866,-74.0303796219,18.2917615222"
635,-74.04187805754765,18.27451386874608,-74.03037962191092,18.286012304382812,8.983152841189951e-05,-8.983152841195546e-05,3,1269,train,"-74.0418780575,18.2745138687,-74.0303796219,18.2860123044"
636,-74.04187805754765,18.257266215290986,-74.03037962191092,18.268764650927718,8.983152841189951e-05,-8.983152841195546e-05,11,10,val,"-74.0418780575,18.2572662153,-74.0303796219,18.2687646509"
637,-74.04187805754765,18.25151699747262,-74.03037962191092,18.263015433109352,8.983152841189951e-05,-8.983152841195546e-05,11,10,val,"-74.0418780575,18.2515169975,-74.0303796219,18.2630154331"
638,-74.03612883972929,18.567723977482693,-74.02463040409256,18.579222413119425,8.983152841189951e-05,-8.983152841195546e-05,12,2,test,"-74.0361288397,18.5677239775,-74.0246304041,18.5792224131"
639,-74.03612883972929,18.52747945275414,-74.02463040409256,18.53897788839087,8.983152841189951e-05,-8.983152841195546e-05,10,28,test,"-74.0361288397,18.5274794528,-74.0246304041,18.5389778884"
640,-74.03612883972929,18.521730234935774,-74.02463040409256,18.533228670572505,8.983152841189951e-05,-8.983152841195546e-05,10,28,test,"-74.0361288397,18.5217302349,-74.0246304041,18.5332286706"
641,-74.03612883972929,18.515981017117408,-74.02463040409256,18.52747945275414,8.983152841189951e-05,-8.983152841195546e-05,10,28,test,"-74.0361288397,18.5159810171,-74.0246304041,18.5274794528"
642,-74.03612883972929,18.510231799299042,-74.02463040409256,18.521730234935774,8.983152841189951e-05,-8.983152841195546e-05,10,28,test,"-74.0361288397,18.5102317993,-74.0246304041,18.5217302349"
643,-74.03612883972929,18.487234928025583,-74.02463040409256,18.498733363662314,8.983152841189951e-05,-8.983152841195546e-05,3,1269,train,"-74.0361288397,18.4872349280,-74.0246304041,18.4987333637"
644,-74.03612883972929,18.48148571020722,-74.02463040409256,18.492984145843952,8.983152841189951e-05,-8.983152841195546e-05,3,1269,train,"-74.0361288397,18.4814857102,-74.0246304041,18.4929841458"
645,-74.03612883972929,18.475736492388855,-74.02463040409256,18.487234928025586,8.983152841189951e-05,-8.983152841195546e-05,3,1269,train,"-74.0361288397,18.4757364924,-74.0246304041,18.4872349280"
646,-74.03612883972929,18.46998727457049,-74.02463040409256,18.48148571020722,8.983152841189951e-05,-8.983152841195546e-05,3,1269,train,"-74.0361288397,18.4699872746,-74.0246304041,18.4814857102"
647,-74.03612883972929,18.45848883893376,-74.02463040409256,18.469987274570492,8.983152841189951e-05,-8.983152841195546e-05,3,1269,train,"-74.0361288397,18.4584888389,-74.0246304041,18.4699872746"
648,-74.03612883972929,18.452739621115395,-74.02463040409256,18.464238056752126,8.983152841189951e-05,-8.983152841195546e-05,3,1269,train,"-74.0361288397,18.4527396211,-74.0246304041,18.4642380568"
649,-74.03612883972929,18.44699040329703,-74.02463040409256,18.45848883893376,8.983152841189951e-05,-8.983152841195546e-05,3,1269,train,"-74.0361288397,18.4469904033,-74.0246304041,18.4584888389"
650,-74.03612883972929,18.441241185478663,-74.02463040409256,18.452739621115395,8.983152841189951e-05,-8.983152841195546e-05,3,1269,train,"-74.0361288397,18.4412411855,-74.0246304041,18.4527396211"
651,-74.03612883972929,18.4354919676603,-74.02463040409256,18.44699040329703,8.983152841189951e-05,-8.983152841192748e-05,3,1269,train,"-74.0361288397,18.4354919677,-74.0246304041,18.4469904033"
652,-74.03612883972929,18.429742749841935,-74.02463040409256,18.441241185478667,8.983152841189951e-05,-8.983152841195546e-05,3,1269,train,"-74.0361288397,18.4297427498,-74.0246304041,18.4412411855"
653,-74.03612883972929,18.42399353202357,-74.02463040409256,18.4354919676603,8.983152841189951e-05,-8.983152841195546e-05,3,1269,train,"-74.0361288397,18.4239935320,-74.0246304041,18.4354919677"
654,-74.03612883972929,18.418244314205204,-74.02463040409256,18.429742749841935,8.983152841189951e-05,-8.983152841195546e-05,3,1269,train,"-74.0361288397,18.4182443142,-74.0246304041,18.4297427498"
655,-74.03612883972929,18.41249509638684,-74.02463040409256,18.42399353202357,8.983152841189951e-05,-8.983152841192748e-05,3,1269,train,"-74.0361288397,18.4124950964,-74.0246304041,18.4239935320"
656,-74.03612883972929,18.406745878568476,-74.02463040409256,18.418244314205207,8.983152841189951e-05,-8.983152841195546e-05,3,1269,train,"-74.0361288397,18.4067458786,-74.0246304041,18.4182443142"
657,-74.03612883972929,18.40099666075011,-74.02463040409256,18.41249509638684,8.983152841189951e-05,-8.983152841195546e-05,3,1269,train,"-74.0361288397,18.4009966608,-74.0246304041,18.4124950964"
658,-74.03612883972929,18.395247442931744,-74.02463040409256,18.406745878568476,8.983152841189951e-05,-8.983152841195546e-05,3,1269,train,"-74.0361288397,18.3952474429,-74.0246304041,18.4067458786"
659,-74.03612883972929,18.389498225113382,-74.02463040409256,18.40099666075011,8.983152841189951e-05,-8.983152841192748e-05,3,1269,train,"-74.0361288397,18.3894982251,-74.0246304041,18.4009966608"
660,-74.03612883972929,18.383749007295016,-74.02463040409256,18.395247442931748,8.983152841189951e-05,-8.983152841195546e-05,3,1269,train,"-74.0361288397,18.3837490073,-74.0246304041,18.3952474429"
661,-74.03612883972929,18.37799978947665,-74.02463040409256,18.389498225113382,8.983152841189951e-05,-8.983152841195546e-05,3,1269,train,"-74.0361288397,18.3779997895,-74.0246304041,18.3894982251"
662,-74.03612883972929,18.372250571658284,-74.02463040409256,18.383749007295016,8.983152841189951e-05,-8.983152841195546e-05,3,1269,train,"-74.0361288397,18.3722505717,-74.0246304041,18.3837490073"
663,-74.03612883972929,18.36650135383992,-74.02463040409256,18.37799978947665,8.983152841189951e-05,-8.983152841195546e-05,3,1269,train,"-74.0361288397,18.3665013538,-74.0246304041,18.3779997895"
664,-74.03612883972929,18.360752136021556,-74.02463040409256,18.372250571658288,8.983152841189951e-05,-8.983152841195546e-05,3,1269,train,"-74.0361288397,18.3607521360,-74.0246304041,18.3722505717"
665,-74.03612883972929,18.35500291820319,-74.02463040409256,18.366501353839922,8.983152841189951e-05,-8.983152841195546e-05,3,1269,train,"-74.0361288397,18.3550029182,-74.0246304041,18.3665013538"
666,-74.03612883972929,18.349253700384825,-74.02463040409256,18.360752136021556,8.983152841189951e-05,-8.983152841195546e-05,3,1269,train,"-74.0361288397,18.3492537004,-74.0246304041,18.3607521360"
667,-74.03612883972929,18.34350448256646,-74.02463040409256,18.35500291820319,8.983152841189951e-05,-8.983152841195546e-05,3,1269,train,"-74.0361288397,18.3435044826,-74.0246304041,18.3550029182"
668,-74.03612883972929,18.337755264748097,-74.02463040409256,18.34925370038483,8.983152841189951e-05,-8.983152841195546e-05,3,1269,train,"-74.0361288397,18.3377552647,-74.0246304041,18.3492537004"
669,-74.03612883972929,18.326256829111365,-74.02463040409256,18.337755264748097,8.983152841189951e-05,-8.983152841195546e-05,3,1269,train,"-74.0361288397,18.3262568291,-74.0246304041,18.3377552647"
670,-74.03612883972929,18.320507611293,-74.02463040409256,18.33200604692973,8.983152841189951e-05,-8.983152841195546e-05,3,1269,train,"-74.0361288397,18.3205076113,-74.0246304041,18.3320060469"
671,-74.03612883972929,18.314758393474637,-74.02463040409256,18.32625682911137,8.983152841189951e-05,-8.983152841195546e-05,3,1269,train,"-74.0361288397,18.3147583935,-74.0246304041,18.3262568291"
672,-74.03612883972929,18.30900917565627,-74.02463040409256,18.320507611293003,8.983152841189951e-05,-8.983152841195546e-05,3,1269,train,"-74.0361288397,18.3090091757,-74.0246304041,18.3205076113"
673,-74.03612883972929,18.303259957837906,-74.02463040409256,18.314758393474637,8.983152841189951e-05,-8.983152841195546e-05,3,1269,train,"-74.0361288397,18.3032599578,-74.0246304041,18.3147583935"
674,-74.03612883972929,18.29751074001954,-74.02463040409256,18.30900917565627,8.983152841189951e-05,-8.983152841195546e-05,3,1269,train,"-74.0361288397,18.2975107400,-74.0246304041,18.3090091757"
675,-74.03612883972929,18.291761522201178,-74.02463040409256,18.303259957837906,8.983152841189951e-05,-8.983152841192748e-05,3,1269,train,"-74.0361288397,18.2917615222,-74.0246304041,18.3032599578"
676,-74.03612883972929,18.280263086564446,-74.02463040409256,18.291761522201178,8.983152841189951e-05,-8.983152841195546e-05,3,1269,train,"-74.0361288397,18.2802630866,-74.0246304041,18.2917615222"
677,-74.03612883972929,18.27451386874608,-74.02463040409256,18.286012304382812,8.983152841189951e-05,-8.983152841195546e-05,3,1269,train,"-74.0361288397,18.2745138687,-74.0246304041,18.2860123044"
678,-74.03612883972929,18.257266215290986,-74.02463040409256,18.268764650927718,8.983152841189951e-05,-8.983152841195546e-05,11,10,val,"-74.0361288397,18.2572662153,-74.0246304041,18.2687646509"
679,-74.03612883972929,18.25151699747262,-74.02463040409256,18.263015433109352,8.983152841189951e-05,-8.983152841195546e-05,11,10,val,"-74.0361288397,18.2515169975,-74.0246304041,18.2630154331"
680,-74.03037962191092,18.561974759664327,-74.01888118627419,18.57347319530106,8.98315284120114e-05,-8.983152841195546e-05,12,2,test,"-74.0303796219,18.5619747597,-74.0188811863,18.5734731953"
681,-74.03037962191092,18.52747945275414,-74.01888118627419,18.53897788839087,8.98315284120114e-05,-8.983152841195546e-05,10,28,test,"-74.0303796219,18.5274794528,-74.0188811863,18.5389778884"
682,-74.03037962191092,18.521730234935774,-74.01888118627419,18.533228670572505,8.98315284120114e-05,-8.983152841195546e-05,10,28,test,"-74.0303796219,18.5217302349,-74.0188811863,18.5332286706"
683,-74.03037962191092,18.515981017117408,-74.01888118627419,18.52747945275414,8.98315284120114e-05,-8.983152841195546e-05,10,28,test,"-74.0303796219,18.5159810171,-74.0188811863,18.5274794528"
684,-74.03037962191092,18.510231799299042,-74.01888118627419,18.521730234935774,8.98315284120114e-05,-8.983152841195546e-05,10,28,test,"-74.0303796219,18.5102317993,-74.0188811863,18.5217302349"
685,-74.03037962191092,18.48148571020722,-74.01888118627419,18.492984145843952,8.98315284120114e-05,-8.983152841195546e-05,3,1269,train,"-74.0303796219,18.4814857102,-74.0188811863,18.4929841458"
686,-74.03037962191092,18.475736492388855,-74.01888118627419,18.487234928025586,8.98315284120114e-05,-8.983152841195546e-05,3,1269,train,"-74.0303796219,18.4757364924,-74.0188811863,18.4872349280"
687,-74.03037962191092,18.46998727457049,-74.01888118627419,18.48148571020722,8.98315284120114e-05,-8.983152841195546e-05,3,1269,train,"-74.0303796219,18.4699872746,-74.0188811863,18.4814857102"
688,-74.03037962191092,18.441241185478663,-74.01888118627419,18.452739621115395,8.98315284120114e-05,-8.983152841195546e-05,3,1269,train,"-74.0303796219,18.4412411855,-74.0188811863,18.4527396211"
689,-74.03037962191092,18.4354919676603,-74.01888118627419,18.44699040329703,8.98315284120114e-05,-8.983152841192748e-05,3,1269,train,"-74.0303796219,18.4354919677,-74.0188811863,18.4469904033"
690,-74.03037962191092,18.429742749841935,-74.01888118627419,18.441241185478667,8.98315284120114e-05,-8.983152841195546e-05,3,1269,train,"-74.0303796219,18.4297427498,-74.0188811863,18.4412411855"
691,-74.03037962191092,18.42399353202357,-74.01888118627419,18.4354919676603,8.98315284120114e-05,-8.983152841195546e-05,3,1269,train,"-74.0303796219,18.4239935320,-74.0188811863,18.4354919677"
692,-74.03037962191092,18.418244314205204,-74.01888118627419,18.429742749841935,8.98315284120114e-05,-8.983152841195546e-05,3,1269,train,"-74.0303796219,18.4182443142,-74.0188811863,18.4297427498"
693,-74.03037962191092,18.41249509638684,-74.01888118627419,18.42399353202357,8.98315284120114e-05,-8.983152841192748e-05,3,1269,train,"-74.0303796219,18.4124950964,-74.0188811863,18.4239935320"
694,-74.03037962191092,18.406745878568476,-74.01888118627419,18.418244314205207,8.98315284120114e-05,-8.983152841195546e-05,3,1269,train,"-74.0303796219,18.4067458786,-74.0188811863,18.4182443142"
695,-74.03037962191092,18.40099666075011,-74.01888118627419,18.41249509638684,8.98315284120114e-05,-8.983152841195546e-05,3,1269,train,"-74.0303796219,18.4009966608,-74.0188811863,18.4124950964"
696,-74.03037962191092,18.395247442931744,-74.01888118627419,18.406745878568476,8.98315284120114e-05,-8.983152841195546e-05,3,1269,train,"-74.0303796219,18.3952474429,-74.0188811863,18.4067458786"
697,-74.03037962191092,18.389498225113382,-74.01888118627419,18.40099666075011,8.98315284120114e-05,-8.983152841192748e-05,3,1269,train,"-74.0303796219,18.3894982251,-74.0188811863,18.4009966608"
698,-74.03037962191092,18.383749007295016,-74.01888118627419,18.395247442931748,8.98315284120114e-05,-8.983152841195546e-05,3,1269,train,"-74.0303796219,18.3837490073,-74.0188811863,18.3952474429"
699,-74.03037962191092,18.37799978947665,-74.01888118627419,18.389498225113382,8.98315284120114e-05,-8.983152841195546e-05,3,1269,train,"-74.0303796219,18.3779997895,-74.0188811863,18.3894982251"
700,-74.03037962191092,18.372250571658284,-74.01888118627419,18.383749007295016,8.98315284120114e-05,-8.983152841195546e-05,3,1269,train,"-74.0303796219,18.3722505717,-74.0188811863,18.3837490073"
701,-74.03037962191092,18.36650135383992,-74.01888118627419,18.37799978947665,8.98315284120114e-05,-8.983152841195546e-05,3,1269,train,"-74.0303796219,18.3665013538,-74.0188811863,18.3779997895"
702,-74.03037962191092,18.360752136021556,-74.01888118627419,18.372250571658288,8.98315284120114e-05,-8.983152841195546e-05,3,1269,train,"-74.0303796219,18.3607521360,-74.0188811863,18.3722505717"
703,-74.03037962191092,18.35500291820319,-74.01888118627419,18.366501353839922,8.98315284120114e-05,-8.983152841195546e-05,3,1269,train,"-74.0303796219,18.3550029182,-74.0188811863,18.3665013538"
704,-74.03037962191092,18.349253700384825,-74.01888118627419,18.360752136021556,8.98315284120114e-05,-8.983152841195546e-05,3,1269,train,"-74.0303796219,18.3492537004,-74.0188811863,18.3607521360"
705,-74.03037962191092,18.34350448256646,-74.01888118627419,18.35500291820319,8.98315284120114e-05,-8.983152841195546e-05,3,1269,train,"-74.0303796219,18.3435044826,-74.0188811863,18.3550029182"
706,-74.03037962191092,18.337755264748097,-74.01888118627419,18.34925370038483,8.98315284120114e-05,-8.983152841195546e-05,3,1269,train,"-74.0303796219,18.3377552647,-74.0188811863,18.3492537004"
707,-74.03037962191092,18.320507611293,-74.01888118627419,18.33200604692973,8.98315284120114e-05,-8.983152841195546e-05,3,1269,train,"-74.0303796219,18.3205076113,-74.0188811863,18.3320060469"
708,-74.03037962191092,18.314758393474637,-74.01888118627419,18.32625682911137,8.98315284120114e-05,-8.983152841195546e-05,3,1269,train,"-74.0303796219,18.3147583935,-74.0188811863,18.3262568291"
709,-74.03037962191092,18.30900917565627,-74.01888118627419,18.320507611293003,8.98315284120114e-05,-8.983152841195546e-05,3,1269,train,"-74.0303796219,18.3090091757,-74.0188811863,18.3205076113"
710,-74.03037962191092,18.303259957837906,-74.01888118627419,18.314758393474637,8.98315284120114e-05,-8.983152841195546e-05,3,1269,train,"-74.0303796219,18.3032599578,-74.0188811863,18.3147583935"
711,-74.03037962191092,18.29751074001954,-74.01888118627419,18.30900917565627,8.98315284120114e-05,-8.983152841195546e-05,3,1269,train,"-74.0303796219,18.2975107400,-74.0188811863,18.3090091757"
712,-74.03037962191092,18.291761522201178,-74.01888118627419,18.303259957837906,8.98315284120114e-05,-8.983152841192748e-05,3,1269,train,"-74.0303796219,18.2917615222,-74.0188811863,18.3032599578"
713,-74.03037962191092,18.286012304382812,-74.01888118627419,18.297510740019543,8.98315284120114e-05,-8.983152841195546e-05,3,1269,train,"-74.0303796219,18.2860123044,-74.0188811863,18.2975107400"
714,-74.02463040409256,18.544727106209233,-74.01313196845582,18.556225541845965,8.98315284120114e-05,-8.983152841195546e-05,13,4,test,"-74.0246304041,18.5447271062,-74.0131319685,18.5562255418"
715,-74.02463040409256,18.538977888390868,-74.01313196845582,18.5504763240276,8.98315284120114e-05,-8.983152841195546e-05,13,4,test,"-74.0246304041,18.5389778884,-74.0131319685,18.5504763240"
716,-74.02463040409256,18.475736492388855,-74.01313196845582,18.487234928025586,8.98315284120114e-05,-8.983152841195546e-05,3,1269,train,"-74.0246304041,18.4757364924,-74.0131319685,18.4872349280"
717,-74.02463040409256,18.46998727457049,-74.01313196845582,18.48148571020722,8.98315284120114e-05,-8.983152841195546e-05,3,1269,train,"-74.0246304041,18.4699872746,-74.0131319685,18.4814857102"
718,-74.02463040409256,18.441241185478663,-74.01313196845582,18.452739621115395,8.98315284120114e-05,-8.983152841195546e-05,3,1269,train,"-74.0246304041,18.4412411855,-74.0131319685,18.4527396211"
719,-74.02463040409256,18.4354919676603,-74.01313196845582,18.44699040329703,8.98315284120114e-05,-8.983152841192748e-05,3,1269,train,"-74.0246304041,18.4354919677,-74.0131319685,18.4469904033"
720,-74.02463040409256,18.429742749841935,-74.01313196845582,18.441241185478667,8.98315284120114e-05,-8.983152841195546e-05,3,1269,train,"-74.0246304041,18.4297427498,-74.0131319685,18.4412411855"
721,-74.02463040409256,18.42399353202357,-74.01313196845582,18.4354919676603,8.98315284120114e-05,-8.983152841195546e-05,3,1269,train,"-74.0246304041,18.4239935320,-74.0131319685,18.4354919677"
722,-74.02463040409256,18.418244314205204,-74.01313196845582,18.429742749841935,8.98315284120114e-05,-8.983152841195546e-05,3,1269,train,"-74.0246304041,18.4182443142,-74.0131319685,18.4297427498"
723,-74.02463040409256,18.41249509638684,-74.01313196845582,18.42399353202357,8.98315284120114e-05,-8.983152841192748e-05,3,1269,train,"-74.0246304041,18.4124950964,-74.0131319685,18.4239935320"
724,-74.02463040409256,18.406745878568476,-74.01313196845582,18.418244314205207,8.98315284120114e-05,-8.983152841195546e-05,3,1269,train,"-74.0246304041,18.4067458786,-74.0131319685,18.4182443142"
725,-74.02463040409256,18.40099666075011,-74.01313196845582,18.41249509638684,8.98315284120114e-05,-8.983152841195546e-05,3,1269,train,"-74.0246304041,18.4009966608,-74.0131319685,18.4124950964"
726,-74.02463040409256,18.395247442931744,-74.01313196845582,18.406745878568476,8.98315284120114e-05,-8.983152841195546e-05,3,1269,train,"-74.0246304041,18.3952474429,-74.0131319685,18.4067458786"
727,-74.02463040409256,18.389498225113382,-74.01313196845582,18.40099666075011,8.98315284120114e-05,-8.983152841192748e-05,3,1269,train,"-74.0246304041,18.3894982251,-74.0131319685,18.4009966608"
728,-74.02463040409256,18.383749007295016,-74.01313196845582,18.395247442931748,8.98315284120114e-05,-8.983152841195546e-05,3,1269,train,"-74.0246304041,18.3837490073,-74.0131319685,18.3952474429"
729,-74.02463040409256,18.37799978947665,-74.01313196845582,18.389498225113382,8.98315284120114e-05,-8.983152841195546e-05,3,1269,train,"-74.0246304041,18.3779997895,-74.0131319685,18.3894982251"
730,-74.02463040409256,18.372250571658284,-74.01313196845582,18.383749007295016,8.98315284120114e-05,-8.983152841195546e-05,3,1269,train,"-74.0246304041,18.3722505717,-74.0131319685,18.3837490073"
731,-74.02463040409256,18.36650135383992,-74.01313196845582,18.37799978947665,8.98315284120114e-05,-8.983152841195546e-05,3,1269,train,"-74.0246304041,18.3665013538,-74.0131319685,18.3779997895"
732,-74.02463040409256,18.360752136021556,-74.01313196845582,18.372250571658288,8.98315284120114e-05,-8.983152841195546e-05,3,1269,train,"-74.0246304041,18.3607521360,-74.0131319685,18.3722505717"
733,-74.02463040409256,18.35500291820319,-74.01313196845582,18.366501353839922,8.98315284120114e-05,-8.983152841195546e-05,3,1269,train,"-74.0246304041,18.3550029182,-74.0131319685,18.3665013538"
734,-74.02463040409256,18.349253700384825,-74.01313196845582,18.360752136021556,8.98315284120114e-05,-8.983152841195546e-05,3,1269,train,"-74.0246304041,18.3492537004,-74.0131319685,18.3607521360"
735,-74.02463040409256,18.34350448256646,-74.01313196845582,18.35500291820319,8.98315284120114e-05,-8.983152841195546e-05,3,1269,train,"-74.0246304041,18.3435044826,-74.0131319685,18.3550029182"
736,-74.02463040409256,18.337755264748097,-74.01313196845582,18.34925370038483,8.98315284120114e-05,-8.983152841195546e-05,3,1269,train,"-74.0246304041,18.3377552647,-74.0131319685,18.3492537004"
737,-74.02463040409256,18.314758393474637,-74.01313196845582,18.32625682911137,8.98315284120114e-05,-8.983152841195546e-05,3,1269,train,"-74.0246304041,18.3147583935,-74.0131319685,18.3262568291"
738,-74.02463040409256,18.30900917565627,-74.01313196845582,18.320507611293003,8.98315284120114e-05,-8.983152841195546e-05,3,1269,train,"-74.0246304041,18.3090091757,-74.0131319685,18.3205076113"
739,-74.02463040409256,18.29751074001954,-74.01313196845582,18.30900917565627,8.98315284120114e-05,-8.983152841195546e-05,3,1269,train,"-74.0246304041,18.2975107400,-74.0131319685,18.3090091757"
740,-74.02463040409256,18.291761522201178,-74.01313196845582,18.303259957837906,8.98315284120114e-05,-8.983152841192748e-05,3,1269,train,"-74.0246304041,18.2917615222,-74.0131319685,18.3032599578"
741,-74.02463040409256,18.286012304382812,-74.01313196845582,18.297510740019543,8.98315284120114e-05,-8.983152841195546e-05,3,1269,train,"-74.0246304041,18.2860123044,-74.0131319685,18.2975107400"
742,-74.02463040409256,18.280263086564446,-74.01313196845582,18.291761522201178,8.98315284120114e-05,-8.983152841195546e-05,3,1269,train,"-74.0246304041,18.2802630866,-74.0131319685,18.2917615222"
743,-74.02463040409256,18.268764650927718,-74.01313196845582,18.280263086564446,8.98315284120114e-05,-8.983152841192748e-05,14,8,test,"-74.0246304041,18.2687646509,-74.0131319685,18.2802630866"
744,-74.02463040409256,18.263015433109352,-74.01313196845582,18.274513868746084,8.98315284120114e-05,-8.983152841195546e-05,14,8,test,"-74.0246304041,18.2630154331,-74.0131319685,18.2745138687"
745,-74.02463040409256,18.257266215290986,-74.01313196845582,18.268764650927718,8.98315284120114e-05,-8.983152841195546e-05,14,8,test,"-74.0246304041,18.2572662153,-74.0131319685,18.2687646509"
746,-74.02463040409256,18.25151699747262,-74.01313196845582,18.263015433109352,8.98315284120114e-05,-8.983152841195546e-05,14,8,test,"-74.0246304041,18.2515169975,-74.0131319685,18.2630154331"
747,-74.0188811862742,18.561974759664327,-74.00738275063746,18.57347319530106,8.98315284120114e-05,-8.983152841195546e-05,15,4,val,"-74.0188811863,18.5619747597,-74.0073827506,18.5734731953"
748,-74.0188811862742,18.556225541845965,-74.00738275063746,18.567723977482693,8.98315284120114e-05,-8.983152841192748e-05,15,4,val,"-74.0188811863,18.5562255418,-74.0073827506,18.5677239775"
749,-74.0188811862742,18.544727106209233,-74.00738275063746,18.556225541845965,8.98315284120114e-05,-8.983152841195546e-05,13,4,test,"-74.0188811863,18.5447271062,-74.0073827506,18.5562255418"
750,-74.0188811862742,18.538977888390868,-74.00738275063746,18.5504763240276,8.98315284120114e-05,-8.983152841195546e-05,13,4,test,"-74.0188811863,18.5389778884,-74.0073827506,18.5504763240"
751,-74.0188811862742,18.41249509638684,-74.00738275063746,18.42399353202357,8.98315284120114e-05,-8.983152841192748e-05,3,1269,train,"-74.0188811863,18.4124950964,-74.0073827506,18.4239935320"
752,-74.0188811862742,18.406745878568476,-74.00738275063746,18.418244314205207,8.98315284120114e-05,-8.983152841195546e-05,3,1269,train,"-74.0188811863,18.4067458786,-74.0073827506,18.4182443142"
753,-74.0188811862742,18.40099666075011,-74.00738275063746,18.41249509638684,8.98315284120114e-05,-8.983152841195546e-05,3,1269,train,"-74.0188811863,18.4009966608,-74.0073827506,18.4124950964"
754,-74.0188811862742,18.395247442931744,-74.00738275063746,18.406745878568476,8.98315284120114e-05,-8.983152841195546e-05,3,1269,train,"-74.0188811863,18.3952474429,-74.0073827506,18.4067458786"
755,-74.0188811862742,18.389498225113382,-74.00738275063746,18.40099666075011,8.98315284120114e-05,-8.983152841192748e-05,3,1269,train,"-74.0188811863,18.3894982251,-74.0073827506,18.4009966608"
756,-74.0188811862742,18.383749007295016,-74.00738275063746,18.395247442931748,8.98315284120114e-05,-8.983152841195546e-05,3,1269,train,"-74.0188811863,18.3837490073,-74.0073827506,18.3952474429"
757,-74.0188811862742,18.37799978947665,-74.00738275063746,18.389498225113382,8.98315284120114e-05,-8.983152841195546e-05,3,1269,train,"-74.0188811863,18.3779997895,-74.0073827506,18.3894982251"
758,-74.0188811862742,18.372250571658284,-74.00738275063746,18.383749007295016,8.98315284120114e-05,-8.983152841195546e-05,3,1269,train,"-74.0188811863,18.3722505717,-74.0073827506,18.3837490073"
759,-74.0188811862742,18.36650135383992,-74.00738275063746,18.37799978947665,8.98315284120114e-05,-8.983152841195546e-05,3,1269,train,"-74.0188811863,18.3665013538,-74.0073827506,18.3779997895"
760,-74.0188811862742,18.360752136021556,-74.00738275063746,18.372250571658288,8.98315284120114e-05,-8.983152841195546e-05,3,1269,train,"-74.0188811863,18.3607521360,-74.0073827506,18.3722505717"
761,-74.0188811862742,18.35500291820319,-74.00738275063746,18.366501353839922,8.98315284120114e-05,-8.983152841195546e-05,3,1269,train,"-74.0188811863,18.3550029182,-74.0073827506,18.3665013538"
762,-74.0188811862742,18.349253700384825,-74.00738275063746,18.360752136021556,8.98315284120114e-05,-8.983152841195546e-05,3,1269,train,"-74.0188811863,18.3492537004,-74.0073827506,18.3607521360"
763,-74.0188811862742,18.34350448256646,-74.00738275063746,18.35500291820319,8.98315284120114e-05,-8.983152841195546e-05,3,1269,train,"-74.0188811863,18.3435044826,-74.0073827506,18.3550029182"
764,-74.0188811862742,18.337755264748097,-74.00738275063746,18.34925370038483,8.98315284120114e-05,-8.983152841195546e-05,3,1269,train,"-74.0188811863,18.3377552647,-74.0073827506,18.3492537004"
765,-74.0188811862742,18.33200604692973,-74.00738275063746,18.343504482566463,8.98315284120114e-05,-8.983152841195546e-05,3,1269,train,"-74.0188811863,18.3320060469,-74.0073827506,18.3435044826"
766,-74.0188811862742,18.326256829111365,-74.00738275063746,18.337755264748097,8.98315284120114e-05,-8.983152841195546e-05,3,1269,train,"-74.0188811863,18.3262568291,-74.0073827506,18.3377552647"
767,-74.0188811862742,18.314758393474637,-74.00738275063746,18.32625682911137,8.98315284120114e-05,-8.983152841195546e-05,3,1269,train,"-74.0188811863,18.3147583935,-74.0073827506,18.3262568291"
768,-74.0188811862742,18.30900917565627,-74.00738275063746,18.320507611293003,8.98315284120114e-05,-8.983152841195546e-05,3,1269,train,"-74.0188811863,18.3090091757,-74.0073827506,18.3205076113"
769,-74.0188811862742,18.29751074001954,-74.00738275063746,18.30900917565627,8.98315284120114e-05,-8.983152841195546e-05,3,1269,train,"-74.0188811863,18.2975107400,-74.0073827506,18.3090091757"
770,-74.0188811862742,18.291761522201178,-74.00738275063746,18.303259957837906,8.98315284120114e-05,-8.983152841192748e-05,3,1269,train,"-74.0188811863,18.2917615222,-74.0073827506,18.3032599578"
771,-74.0188811862742,18.286012304382812,-74.00738275063746,18.297510740019543,8.98315284120114e-05,-8.983152841195546e-05,3,1269,train,"-74.0188811863,18.2860123044,-74.0073827506,18.2975107400"
772,-74.0188811862742,18.268764650927718,-74.00738275063746,18.280263086564446,8.98315284120114e-05,-8.983152841192748e-05,14,8,test,"-74.0188811863,18.2687646509,-74.0073827506,18.2802630866"
773,-74.0188811862742,18.263015433109352,-74.00738275063746,18.274513868746084,8.98315284120114e-05,-8.983152841195546e-05,14,8,test,"-74.0188811863,18.2630154331,-74.0073827506,18.2745138687"
774,-74.0188811862742,18.257266215290986,-74.00738275063746,18.268764650927718,8.98315284120114e-05,-8.983152841195546e-05,14,8,test,"-74.0188811863,18.2572662153,-74.0073827506,18.2687646509"
775,-74.0188811862742,18.25151699747262,-74.00738275063746,18.263015433109352,8.98315284120114e-05,-8.983152841195546e-05,14,8,test,"-74.0188811863,18.2515169975,-74.0073827506,18.2630154331"
776,-74.01313196845582,18.561974759664327,-74.0016335328191,18.57347319530106,8.983152841189951e-05,-8.983152841195546e-05,15,4,val,"-74.0131319685,18.5619747597,-74.0016335328,18.5734731953"
777,-74.01313196845582,18.556225541845965,-74.0016335328191,18.567723977482693,8.983152841189951e-05,-8.983152841192748e-05,15,4,val,"-74.0131319685,18.5562255418,-74.0016335328,18.5677239775"
778,-74.01313196845582,18.41249509638684,-74.0016335328191,18.42399353202357,8.983152841189951e-05,-8.983152841192748e-05,3,1269,train,"-74.0131319685,18.4124950964,-74.0016335328,18.4239935320"
779,-74.01313196845582,18.406745878568476,-74.0016335328191,18.418244314205207,8.983152841189951e-05,-8.983152841195546e-05,3,1269,train,"-74.0131319685,18.4067458786,-74.0016335328,18.4182443142"
780,-74.01313196845582,18.40099666075011,-74.0016335328191,18.41249509638684,8.983152841189951e-05,-8.983152841195546e-05,3,1269,train,"-74.0131319685,18.4009966608,-74.0016335328,18.4124950964"
781,-74.01313196845582,18.395247442931744,-74.0016335328191,18.406745878568476,8.983152841189951e-05,-8.983152841195546e-05,3,1269,train,"-74.0131319685,18.3952474429,-74.0016335328,18.4067458786"
782,-74.01313196845582,18.389498225113382,-74.0016335328191,18.40099666075011,8.983152841189951e-05,-8.983152841192748e-05,3,1269,train,"-74.0131319685,18.3894982251,-74.0016335328,18.4009966608"
783,-74.01313196845582,18.383749007295016,-74.0016335328191,18.395247442931748,8.983152841189951e-05,-8.983152841195546e-05,3,1269,train,"-74.0131319685,18.3837490073,-74.0016335328,18.3952474429"
784,-74.01313196845582,18.37799978947665,-74.0016335328191,18.389498225113382,8.983152841189951e-05,-8.983152841195546e-05,3,1269,train,"-74.0131319685,18.3779997895,-74.0016335328,18.3894982251"
785,-74.01313196845582,18.372250571658284,-74.0016335328191,18.383749007295016,8.983152841189951e-05,-8.983152841195546e-05,3,1269,train,"-74.0131319685,18.3722505717,-74.0016335328,18.3837490073"
786,-74.01313196845582,18.36650135383992,-74.0016335328191,18.37799978947665,8.983152841189951e-05,-8.983152841195546e-05,3,1269,train,"-74.0131319685,18.3665013538,-74.0016335328,18.3779997895"
787,-74.01313196845582,18.360752136021556,-74.0016335328191,18.372250571658288,8.983152841189951e-05,-8.983152841195546e-05,3,1269,train,"-74.0131319685,18.3607521360,-74.0016335328,18.3722505717"
788,-74.01313196845582,18.35500291820319,-74.0016335328191,18.366501353839922,8.983152841189951e-05,-8.983152841195546e-05,3,1269,train,"-74.0131319685,18.3550029182,-74.0016335328,18.3665013538"
789,-74.01313196845582,18.349253700384825,-74.0016335328191,18.360752136021556,8.983152841189951e-05,-8.983152841195546e-05,3,1269,train,"-74.0131319685,18.3492537004,-74.0016335328,18.3607521360"
790,-74.01313196845582,18.34350448256646,-74.0016335328191,18.35500291820319,8.983152841189951e-05,-8.983152841195546e-05,3,1269,train,"-74.0131319685,18.3435044826,-74.0016335328,18.3550029182"
791,-74.01313196845582,18.337755264748097,-74.0016335328191,18.34925370038483,8.983152841189951e-05,-8.983152841195546e-05,3,1269,train,"-74.0131319685,18.3377552647,-74.0016335328,18.3492537004"
792,-74.01313196845582,18.33200604692973,-74.0016335328191,18.343504482566463,8.983152841189951e-05,-8.983152841195546e-05,3,1269,train,"-74.0131319685,18.3320060469,-74.0016335328,18.3435044826"
793,-74.01313196845582,18.326256829111365,-74.0016335328191,18.337755264748097,8.983152841189951e-05,-8.983152841195546e-05,3,1269,train,"-74.0131319685,18.3262568291,-74.0016335328,18.3377552647"
794,-74.01313196845582,18.29751074001954,-74.0016335328191,18.30900917565627,8.983152841189951e-05,-8.983152841195546e-05,3,1269,train,"-74.0131319685,18.2975107400,-74.0016335328,18.3090091757"
795,-74.01313196845582,18.291761522201178,-74.0016335328191,18.303259957837906,8.983152841189951e-05,-8.983152841192748e-05,3,1269,train,"-74.0131319685,18.2917615222,-74.0016335328,18.3032599578"
796,-74.01313196845582,18.286012304382812,-74.0016335328191,18.297510740019543,8.983152841189951e-05,-8.983152841195546e-05,3,1269,train,"-74.0131319685,18.2860123044,-74.0016335328,18.2975107400"
797,-74.00738275063746,18.4354919676603,-73.99588431500074,18.44699040329703,8.983152841189951e-05,-8.983152841192748e-05,3,1269,train,"-74.0073827506,18.4354919677,-73.9958843150,18.4469904033"
798,-74.00738275063746,18.429742749841935,-73.99588431500074,18.441241185478667,8.983152841189951e-05,-8.983152841195546e-05,3,1269,train,"-74.0073827506,18.4297427498,-73.9958843150,18.4412411855"
799,-74.00738275063746,18.42399353202357,-73.99588431500074,18.4354919676603,8.983152841189951e-05,-8.983152841195546e-05,3,1269,train,"-74.0073827506,18.4239935320,-73.9958843150,18.4354919677"
800,-74.00738275063746,18.418244314205204,-73.99588431500074,18.429742749841935,8.983152841189951e-05,-8.983152841195546e-05,3,1269,train,"-74.0073827506,18.4182443142,-73.9958843150,18.4297427498"
801,-74.00738275063746,18.41249509638684,-73.99588431500074,18.42399353202357,8.983152841189951e-05,-8.983152841192748e-05,3,1269,train,"-74.0073827506,18.4124950964,-73.9958843150,18.4239935320"
802,-74.00738275063746,18.406745878568476,-73.99588431500074,18.418244314205207,8.983152841189951e-05,-8.983152841195546e-05,3,1269,train,"-74.0073827506,18.4067458786,-73.9958843150,18.4182443142"
803,-74.00738275063746,18.40099666075011,-73.99588431500074,18.41249509638684,8.983152841189951e-05,-8.983152841195546e-05,3,1269,train,"-74.0073827506,18.4009966608,-73.9958843150,18.4124950964"
804,-74.00738275063746,18.395247442931744,-73.99588431500074,18.406745878568476,8.983152841189951e-05,-8.983152841195546e-05,3,1269,train,"-74.0073827506,18.3952474429,-73.9958843150,18.4067458786"
805,-74.00738275063746,18.389498225113382,-73.99588431500074,18.40099666075011,8.983152841189951e-05,-8.983152841192748e-05,3,1269,train,"-74.0073827506,18.3894982251,-73.9958843150,18.4009966608"
806,-74.00738275063746,18.383749007295016,-73.99588431500074,18.395247442931748,8.983152841189951e-05,-8.983152841195546e-05,3,1269,train,"-74.0073827506,18.3837490073,-73.9958843150,18.3952474429"
807,-74.00738275063746,18.37799978947665,-73.99588431500074,18.389498225113382,8.983152841189951e-05,-8.983152841195546e-05,3,1269,train,"-74.0073827506,18.3779997895,-73.9958843150,18.3894982251"
808,-74.00738275063746,18.372250571658284,-73.99588431500074,18.383749007295016,8.983152841189951e-05,-8.983152841195546e-05,3,1269,train,"-74.0073827506,18.3722505717,-73.9958843150,18.3837490073"
809,-74.00738275063746,18.36650135383992,-73.99588431500074,18.37799978947665,8.983152841189951e-05,-8.983152841195546e-05,3,1269,train,"-74.0073827506,18.3665013538,-73.9958843150,18.3779997895"
810,-74.00738275063746,18.360752136021556,-73.99588431500074,18.372250571658288,8.983152841189951e-05,-8.983152841195546e-05,3,1269,train,"-74.0073827506,18.3607521360,-73.9958843150,18.3722505717"
811,-74.00738275063746,18.35500291820319,-73.99588431500074,18.366501353839922,8.983152841189951e-05,-8.983152841195546e-05,3,1269,train,"-74.0073827506,18.3550029182,-73.9958843150,18.3665013538"
812,-74.00738275063746,18.349253700384825,-73.99588431500074,18.360752136021556,8.983152841189951e-05,-8.983152841195546e-05,3,1269,train,"-74.0073827506,18.3492537004,-73.9958843150,18.3607521360"
813,-74.00738275063746,18.34350448256646,-73.99588431500074,18.35500291820319,8.983152841189951e-05,-8.983152841195546e-05,3,1269,train,"-74.0073827506,18.3435044826,-73.9958843150,18.3550029182"
814,-74.00738275063746,18.337755264748097,-73.99588431500074,18.34925370038483,8.983152841189951e-05,-8.983152841195546e-05,3,1269,train,"-74.0073827506,18.3377552647,-73.9958843150,18.3492537004"
815,-74.00738275063746,18.33200604692973,-73.99588431500074,18.343504482566463,8.983152841189951e-05,-8.983152841195546e-05,3,1269,train,"-74.0073827506,18.3320060469,-73.9958843150,18.3435044826"
816,-74.00738275063746,18.326256829111365,-73.99588431500074,18.337755264748097,8.983152841189951e-05,-8.983152841195546e-05,3,1269,train,"-74.0073827506,18.3262568291,-73.9958843150,18.3377552647"
817,-74.00738275063746,18.320507611293,-73.99588431500074,18.33200604692973,8.983152841189951e-05,-8.983152841195546e-05,3,1269,train,"-74.0073827506,18.3205076113,-73.9958843150,18.3320060469"
818,-74.0016335328191,18.4354919676603,-73.99013509718236,18.44699040329703,8.98315284120114e-05,-8.983152841192748e-05,3,1269,train,"-74.0016335328,18.4354919677,-73.9901350972,18.4469904033"
819,-74.0016335328191,18.429742749841935,-73.99013509718236,18.441241185478667,8.98315284120114e-05,-8.983152841195546e-05,3,1269,train,"-74.0016335328,18.4297427498,-73.9901350972,18.4412411855"
820,-74.0016335328191,18.42399353202357,-73.99013509718236,18.4354919676603,8.98315284120114e-05,-8.983152841195546e-05,3,1269,train,"-74.0016335328,18.4239935320,-73.9901350972,18.4354919677"
821,-74.0016335328191,18.418244314205204,-73.99013509718236,18.429742749841935,8.98315284120114e-05,-8.983152841195546e-05,3,1269,train,"-74.0016335328,18.4182443142,-73.9901350972,18.4297427498"
822,-74.0016335328191,18.41249509638684,-73.99013509718236,18.42399353202357,8.98315284120114e-05,-8.983152841192748e-05,3,1269,train,"-74.0016335328,18.4124950964,-73.9901350972,18.4239935320"
823,-74.0016335328191,18.406745878568476,-73.99013509718236,18.418244314205207,8.98315284120114e-05,-8.983152841195546e-05,3,1269,train,"-74.0016335328,18.4067458786,-73.9901350972,18.4182443142"
824,-74.0016335328191,18.40099666075011,-73.99013509718236,18.41249509638684,8.98315284120114e-05,-8.983152841195546e-05,3,1269,train,"-74.0016335328,18.4009966608,-73.9901350972,18.4124950964"
825,-74.0016335328191,18.395247442931744,-73.99013509718236,18.406745878568476,8.98315284120114e-05,-8.983152841195546e-05,3,1269,train,"-74.0016335328,18.3952474429,-73.9901350972,18.4067458786"
826,-74.0016335328191,18.389498225113382,-73.99013509718236,18.40099666075011,8.98315284120114e-05,-8.983152841192748e-05,3,1269,train,"-74.0016335328,18.3894982251,-73.9901350972,18.4009966608"
827,-74.0016335328191,18.383749007295016,-73.99013509718236,18.395247442931748,8.98315284120114e-05,-8.983152841195546e-05,3,1269,train,"-74.0016335328,18.3837490073,-73.9901350972,18.3952474429"
828,-74.0016335328191,18.37799978947665,-73.99013509718236,18.389498225113382,8.98315284120114e-05,-8.983152841195546e-05,3,1269,train,"-74.0016335328,18.3779997895,-73.9901350972,18.3894982251"
829,-74.0016335328191,18.372250571658284,-73.99013509718236,18.383749007295016,8.98315284120114e-05,-8.983152841195546e-05,3,1269,train,"-74.0016335328,18.3722505717,-73.9901350972,18.3837490073"
830,-74.0016335328191,18.36650135383992,-73.99013509718236,18.37799978947665,8.98315284120114e-05,-8.983152841195546e-05,3,1269,train,"-74.0016335328,18.3665013538,-73.9901350972,18.3779997895"
831,-74.0016335328191,18.360752136021556,-73.99013509718236,18.372250571658288,8.98315284120114e-05,-8.983152841195546e-05,3,1269,train,"-74.0016335328,18.3607521360,-73.9901350972,18.3722505717"
832,-74.0016335328191,18.35500291820319,-73.99013509718236,18.366501353839922,8.98315284120114e-05,-8.983152841195546e-05,3,1269,train,"-74.0016335328,18.3550029182,-73.9901350972,18.3665013538"
833,-74.0016335328191,18.349253700384825,-73.99013509718236,18.360752136021556,8.98315284120114e-05,-8.983152841195546e-05,3,1269,train,"-74.0016335328,18.3492537004,-73.9901350972,18.3607521360"
834,-74.0016335328191,18.34350448256646,-73.99013509718236,18.35500291820319,8.98315284120114e-05,-8.983152841195546e-05,3,1269,train,"-74.0016335328,18.3435044826,-73.9901350972,18.3550029182"
835,-74.0016335328191,18.337755264748097,-73.99013509718236,18.34925370038483,8.98315284120114e-05,-8.983152841195546e-05,3,1269,train,"-74.0016335328,18.3377552647,-73.9901350972,18.3492537004"
836,-74.0016335328191,18.33200604692973,-73.99013509718236,18.343504482566463,8.98315284120114e-05,-8.983152841195546e-05,3,1269,train,"-74.0016335328,18.3320060469,-73.9901350972,18.3435044826"
837,-74.0016335328191,18.326256829111365,-73.99013509718236,18.337755264748097,8.98315284120114e-05,-8.983152841195546e-05,3,1269,train,"-74.0016335328,18.3262568291,-73.9901350972,18.3377552647"
838,-74.0016335328191,18.320507611293,-73.99013509718236,18.33200604692973,8.98315284120114e-05,-8.983152841195546e-05,3,1269,train,"-74.0016335328,18.3205076113,-73.9901350972,18.3320060469"
839,-74.0016335328191,18.314758393474637,-73.99013509718236,18.32625682911137,8.98315284120114e-05,-8.983152841195546e-05,3,1269,train,"-74.0016335328,18.3147583935,-73.9901350972,18.3262568291"
840,-74.0016335328191,18.30900917565627,-73.99013509718236,18.320507611293003,8.98315284120114e-05,-8.983152841195546e-05,3,1269,train,"-74.0016335328,18.3090091757,-73.9901350972,18.3205076113"
841,-74.0016335328191,18.22852012619916,-73.99013509718236,18.240018561835893,8.98315284120114e-05,-8.983152841195546e-05,16,9,val,"-74.0016335328,18.2285201262,-73.9901350972,18.2400185618"
842,-74.0016335328191,18.222770908380795,-73.99013509718236,18.234269344017527,8.98315284120114e-05,-8.983152841195546e-05,16,9,val,"-74.0016335328,18.2227709084,-73.9901350972,18.2342693440"
843,-74.0016335328191,18.188275601470608,-73.99013509718236,18.19977403710734,8.98315284120114e-05,-8.983152841195546e-05,17,5,test,"-74.0016335328,18.1882756015,-73.9901350972,18.1997740371"
844,-73.99588431500074,18.429742749841935,-73.984385879364,18.441241185478667,8.98315284120114e-05,-8.983152841195546e-05,3,1269,train,"-73.9958843150,18.4297427498,-73.9843858794,18.4412411855"
845,-73.99588431500074,18.406745878568476,-73.984385879364,18.418244314205207,8.98315284120114e-05,-8.983152841195546e-05,3,1269,train,"-73.9958843150,18.4067458786,-73.9843858794,18.4182443142"
846,-73.99588431500074,18.40099666075011,-73.984385879364,18.41249509638684,8.98315284120114e-05,-8.983152841195546e-05,3,1269,train,"-73.9958843150,18.4009966608,-73.9843858794,18.4124950964"
847,-73.99588431500074,18.395247442931744,-73.984385879364,18.406745878568476,8.98315284120114e-05,-8.983152841195546e-05,3,1269,train,"-73.9958843150,18.3952474429,-73.9843858794,18.4067458786"
848,-73.99588431500074,18.389498225113382,-73.984385879364,18.40099666075011,8.98315284120114e-05,-8.983152841192748e-05,3,1269,train,"-73.9958843150,18.3894982251,-73.9843858794,18.4009966608"
849,-73.99588431500074,18.383749007295016,-73.984385879364,18.395247442931748,8.98315284120114e-05,-8.983152841195546e-05,3,1269,train,"-73.9958843150,18.3837490073,-73.9843858794,18.3952474429"
850,-73.99588431500074,18.37799978947665,-73.984385879364,18.389498225113382,8.98315284120114e-05,-8.983152841195546e-05,3,1269,train,"-73.9958843150,18.3779997895,-73.9843858794,18.3894982251"
851,-73.99588431500074,18.372250571658284,-73.984385879364,18.383749007295016,8.98315284120114e-05,-8.983152841195546e-05,3,1269,train,"-73.9958843150,18.3722505717,-73.9843858794,18.3837490073"
852,-73.99588431500074,18.36650135383992,-73.984385879364,18.37799978947665,8.98315284120114e-05,-8.983152841195546e-05,3,1269,train,"-73.9958843150,18.3665013538,-73.9843858794,18.3779997895"
853,-73.99588431500074,18.360752136021556,-73.984385879364,18.372250571658288,8.98315284120114e-05,-8.983152841195546e-05,3,1269,train,"-73.9958843150,18.3607521360,-73.9843858794,18.3722505717"
854,-73.99588431500074,18.35500291820319,-73.984385879364,18.366501353839922,8.98315284120114e-05,-8.983152841195546e-05,3,1269,train,"-73.9958843150,18.3550029182,-73.9843858794,18.3665013538"
855,-73.99588431500074,18.349253700384825,-73.984385879364,18.360752136021556,8.98315284120114e-05,-8.983152841195546e-05,3,1269,train,"-73.9958843150,18.3492537004,-73.9843858794,18.3607521360"
856,-73.99588431500074,18.34350448256646,-73.984385879364,18.35500291820319,8.98315284120114e-05,-8.983152841195546e-05,3,1269,train,"-73.9958843150,18.3435044826,-73.9843858794,18.3550029182"
857,-73.99588431500074,18.337755264748097,-73.984385879364,18.34925370038483,8.98315284120114e-05,-8.983152841195546e-05,3,1269,train,"-73.9958843150,18.3377552647,-73.9843858794,18.3492537004"
858,-73.99588431500074,18.33200604692973,-73.984385879364,18.343504482566463,8.98315284120114e-05,-8.983152841195546e-05,3,1269,train,"-73.9958843150,18.3320060469,-73.9843858794,18.3435044826"
859,-73.99588431500074,18.326256829111365,-73.984385879364,18.337755264748097,8.98315284120114e-05,-8.983152841195546e-05,3,1269,train,"-73.9958843150,18.3262568291,-73.9843858794,18.3377552647"
860,-73.99588431500074,18.320507611293,-73.984385879364,18.33200604692973,8.98315284120114e-05,-8.983152841195546e-05,3,1269,train,"-73.9958843150,18.3205076113,-73.9843858794,18.3320060469"
861,-73.99588431500074,18.314758393474637,-73.984385879364,18.32625682911137,8.98315284120114e-05,-8.983152841195546e-05,3,1269,train,"-73.9958843150,18.3147583935,-73.9843858794,18.3262568291"
862,-73.99588431500074,18.30900917565627,-73.984385879364,18.320507611293003,8.98315284120114e-05,-8.983152841195546e-05,3,1269,train,"-73.9958843150,18.3090091757,-73.9843858794,18.3205076113"
863,-73.99588431500074,18.303259957837906,-73.984385879364,18.314758393474637,8.98315284120114e-05,-8.983152841195546e-05,3,1269,train,"-73.9958843150,18.3032599578,-73.9843858794,18.3147583935"
864,-73.99588431500074,18.27451386874608,-73.984385879364,18.286012304382812,8.98315284120114e-05,-8.983152841195546e-05,18,4,val,"-73.9958843150,18.2745138687,-73.9843858794,18.2860123044"
865,-73.99588431500074,18.268764650927718,-73.984385879364,18.280263086564446,8.98315284120114e-05,-8.983152841192748e-05,18,4,val,"-73.9958843150,18.2687646509,-73.9843858794,18.2802630866"
866,-73.99588431500074,18.234269344017527,-73.984385879364,18.24576777965426,8.98315284120114e-05,-8.983152841195546e-05,16,9,val,"-73.9958843150,18.2342693440,-73.9843858794,18.2457677797"
867,-73.99588431500074,18.22852012619916,-73.984385879364,18.240018561835893,8.98315284120114e-05,-8.983152841195546e-05,16,9,val,"-73.9958843150,18.2285201262,-73.9843858794,18.2400185618"
868,-73.99588431500074,18.199774037107336,-73.984385879364,18.211272472744067,8.98315284120114e-05,-8.983152841195546e-05,17,5,test,"-73.9958843150,18.1997740371,-73.9843858794,18.2112724727"
869,-73.99588431500074,18.194024819288973,-73.984385879364,18.205523254925705,8.98315284120114e-05,-8.983152841195546e-05,17,5,test,"-73.9958843150,18.1940248193,-73.9843858794,18.2055232549"
870,-73.99013509718237,18.40099666075011,-73.97863666154564,18.41249509638684,8.98315284120114e-05,-8.983152841195546e-05,3,1269,train,"-73.9901350972,18.4009966608,-73.9786366615,18.4124950964"
871,-73.99013509718237,18.395247442931744,-73.97863666154564,18.406745878568476,8.98315284120114e-05,-8.983152841195546e-05,3,1269,train,"-73.9901350972,18.3952474429,-73.9786366615,18.4067458786"
872,-73.99013509718237,18.389498225113382,-73.97863666154564,18.40099666075011,8.98315284120114e-05,-8.983152841192748e-05,3,1269,train,"-73.9901350972,18.3894982251,-73.9786366615,18.4009966608"
873,-73.99013509718237,18.383749007295016,-73.97863666154564,18.395247442931748,8.98315284120114e-05,-8.983152841195546e-05,3,1269,train,"-73.9901350972,18.3837490073,-73.9786366615,18.3952474429"
874,-73.99013509718237,18.37799978947665,-73.97863666154564,18.389498225113382,8.98315284120114e-05,-8.983152841195546e-05,3,1269,train,"-73.9901350972,18.3779997895,-73.9786366615,18.3894982251"
875,-73.99013509718237,18.372250571658284,-73.97863666154564,18.383749007295016,8.98315284120114e-05,-8.983152841195546e-05,3,1269,train,"-73.9901350972,18.3722505717,-73.9786366615,18.3837490073"
876,-73.99013509718237,18.36650135383992,-73.97863666154564,18.37799978947665,8.98315284120114e-05,-8.983152841195546e-05,3,1269,train,"-73.9901350972,18.3665013538,-73.9786366615,18.3779997895"
877,-73.99013509718237,18.360752136021556,-73.97863666154564,18.372250571658288,8.98315284120114e-05,-8.983152841195546e-05,3,1269,train,"-73.9901350972,18.3607521360,-73.9786366615,18.3722505717"
878,-73.99013509718237,18.35500291820319,-73.97863666154564,18.366501353839922,8.98315284120114e-05,-8.983152841195546e-05,3,1269,train,"-73.9901350972,18.3550029182,-73.9786366615,18.3665013538"
879,-73.99013509718237,18.349253700384825,-73.97863666154564,18.360752136021556,8.98315284120114e-05,-8.983152841195546e-05,3,1269,train,"-73.9901350972,18.3492537004,-73.9786366615,18.3607521360"
880,-73.99013509718237,18.34350448256646,-73.97863666154564,18.35500291820319,8.98315284120114e-05,-8.983152841195546e-05,3,1269,train,"-73.9901350972,18.3435044826,-73.9786366615,18.3550029182"
881,-73.99013509718237,18.337755264748097,-73.97863666154564,18.34925370038483,8.98315284120114e-05,-8.983152841195546e-05,3,1269,train,"-73.9901350972,18.3377552647,-73.9786366615,18.3492537004"
882,-73.99013509718237,18.33200604692973,-73.97863666154564,18.343504482566463,8.98315284120114e-05,-8.983152841195546e-05,3,1269,train,"-73.9901350972,18.3320060469,-73.9786366615,18.3435044826"
883,-73.99013509718237,18.326256829111365,-73.97863666154564,18.337755264748097,8.98315284120114e-05,-8.983152841195546e-05,3,1269,train,"-73.9901350972,18.3262568291,-73.9786366615,18.3377552647"
884,-73.99013509718237,18.314758393474637,-73.97863666154564,18.32625682911137,8.98315284120114e-05,-8.983152841195546e-05,3,1269,train,"-73.9901350972,18.3147583935,-73.9786366615,18.3262568291"
885,-73.99013509718237,18.30900917565627,-73.97863666154564,18.320507611293003,8.98315284120114e-05,-8.983152841195546e-05,3,1269,train,"-73.9901350972,18.3090091757,-73.9786366615,18.3205076113"
886,-73.99013509718237,18.303259957837906,-73.97863666154564,18.314758393474637,8.98315284120114e-05,-8.983152841195546e-05,3,1269,train,"-73.9901350972,18.3032599578,-73.9786366615,18.3147583935"
887,-73.99013509718237,18.27451386874608,-73.97863666154564,18.286012304382812,8.98315284120114e-05,-8.983152841195546e-05,18,4,val,"-73.9901350972,18.2745138687,-73.9786366615,18.2860123044"
888,-73.99013509718237,18.268764650927718,-73.97863666154564,18.280263086564446,8.98315284120114e-05,-8.983152841192748e-05,18,4,val,"-73.9901350972,18.2687646509,-73.9786366615,18.2802630866"
889,-73.99013509718237,18.234269344017527,-73.97863666154564,18.24576777965426,8.98315284120114e-05,-8.983152841195546e-05,16,9,val,"-73.9901350972,18.2342693440,-73.9786366615,18.2457677797"
890,-73.99013509718237,18.22852012619916,-73.97863666154564,18.240018561835893,8.98315284120114e-05,-8.983152841195546e-05,16,9,val,"-73.9901350972,18.2285201262,-73.9786366615,18.2400185618"
891,-73.99013509718237,18.222770908380795,-73.97863666154564,18.234269344017527,8.98315284120114e-05,-8.983152841195546e-05,16,9,val,"-73.9901350972,18.2227709084,-73.9786366615,18.2342693440"
892,-73.99013509718237,18.199774037107336,-73.97863666154564,18.211272472744067,8.98315284120114e-05,-8.983152841195546e-05,17,5,test,"-73.9901350972,18.1997740371,-73.9786366615,18.2112724727"
893,-73.99013509718237,18.194024819288973,-73.97863666154564,18.205523254925705,8.98315284120114e-05,-8.983152841195546e-05,17,5,test,"-73.9901350972,18.1940248193,-73.9786366615,18.2055232549"
894,-73.984385879364,18.395247442931744,-73.97288744372727,18.406745878568476,8.983152841189951e-05,-8.983152841195546e-05,3,1269,train,"-73.9843858794,18.3952474429,-73.9728874437,18.4067458786"
895,-73.984385879364,18.389498225113382,-73.97288744372727,18.40099666075011,8.983152841189951e-05,-8.983152841192748e-05,3,1269,train,"-73.9843858794,18.3894982251,-73.9728874437,18.4009966608"
896,-73.984385879364,18.383749007295016,-73.97288744372727,18.395247442931748,8.983152841189951e-05,-8.983152841195546e-05,3,1269,train,"-73.9843858794,18.3837490073,-73.9728874437,18.3952474429"
897,-73.984385879364,18.37799978947665,-73.97288744372727,18.389498225113382,8.983152841189951e-05,-8.983152841195546e-05,3,1269,train,"-73.9843858794,18.3779997895,-73.9728874437,18.3894982251"
898,-73.984385879364,18.372250571658284,-73.97288744372727,18.383749007295016,8.983152841189951e-05,-8.983152841195546e-05,3,1269,train,"-73.9843858794,18.3722505717,-73.9728874437,18.3837490073"
899,-73.984385879364,18.36650135383992,-73.97288744372727,18.37799978947665,8.983152841189951e-05,-8.983152841195546e-05,3,1269,train,"-73.9843858794,18.3665013538,-73.9728874437,18.3779997895"
900,-73.984385879364,18.360752136021556,-73.97288744372727,18.372250571658288,8.983152841189951e-05,-8.983152841195546e-05,3,1269,train,"-73.9843858794,18.3607521360,-73.9728874437,18.3722505717"
901,-73.984385879364,18.35500291820319,-73.97288744372727,18.366501353839922,8.983152841189951e-05,-8.983152841195546e-05,3,1269,train,"-73.9843858794,18.3550029182,-73.9728874437,18.3665013538"
902,-73.984385879364,18.349253700384825,-73.97288744372727,18.360752136021556,8.983152841189951e-05,-8.983152841195546e-05,3,1269,train,"-73.9843858794,18.3492537004,-73.9728874437,18.3607521360"
903,-73.984385879364,18.34350448256646,-73.97288744372727,18.35500291820319,8.983152841189951e-05,-8.983152841195546e-05,3,1269,train,"-73.9843858794,18.3435044826,-73.9728874437,18.3550029182"
904,-73.984385879364,18.337755264748097,-73.97288744372727,18.34925370038483,8.983152841189951e-05,-8.983152841195546e-05,3,1269,train,"-73.9843858794,18.3377552647,-73.9728874437,18.3492537004"
905,-73.984385879364,18.33200604692973,-73.97288744372727,18.343504482566463,8.983152841189951e-05,-8.983152841195546e-05,3,1269,train,"-73.9843858794,18.3320060469,-73.9728874437,18.3435044826"
906,-73.984385879364,18.326256829111365,-73.97288744372727,18.337755264748097,8.983152841189951e-05,-8.983152841195546e-05,3,1269,train,"-73.9843858794,18.3262568291,-73.9728874437,18.3377552647"
907,-73.984385879364,18.320507611293,-73.97288744372727,18.33200604692973,8.983152841189951e-05,-8.983152841195546e-05,3,1269,train,"-73.9843858794,18.3205076113,-73.9728874437,18.3320060469"
908,-73.984385879364,18.314758393474637,-73.97288744372727,18.32625682911137,8.983152841189951e-05,-8.983152841195546e-05,3,1269,train,"-73.9843858794,18.3147583935,-73.9728874437,18.3262568291"
909,-73.984385879364,18.30900917565627,-73.97288744372727,18.320507611293003,8.983152841189951e-05,-8.983152841195546e-05,3,1269,train,"-73.9843858794,18.3090091757,-73.9728874437,18.3205076113"
910,-73.984385879364,18.303259957837906,-73.97288744372727,18.314758393474637,8.983152841189951e-05,-8.983152841195546e-05,3,1269,train,"-73.9843858794,18.3032599578,-73.9728874437,18.3147583935"
911,-73.984385879364,18.22852012619916,-73.97288744372727,18.240018561835893,8.983152841189951e-05,-8.983152841195546e-05,16,9,val,"-73.9843858794,18.2285201262,-73.9728874437,18.2400185618"
912,-73.984385879364,18.222770908380795,-73.97288744372727,18.234269344017527,8.983152841189951e-05,-8.983152841195546e-05,16,9,val,"-73.9843858794,18.2227709084,-73.9728874437,18.2342693440"
913,-73.97863666154564,18.42399353202357,-73.96713822590891,18.4354919676603,8.983152841189951e-05,-8.983152841195546e-05,19,6,val,"-73.9786366615,18.4239935320,-73.9671382259,18.4354919677"
914,-73.97863666154564,18.418244314205204,-73.96713822590891,18.429742749841935,8.983152841189951e-05,-8.983152841195546e-05,19,6,val,"-73.9786366615,18.4182443142,-73.9671382259,18.4297427498"
915,-73.97863666154564,18.389498225113382,-73.96713822590891,18.40099666075011,8.983152841189951e-05,-8.983152841192748e-05,3,1269,train,"-73.9786366615,18.3894982251,-73.9671382259,18.4009966608"
916,-73.97863666154564,18.383749007295016,-73.96713822590891,18.395247442931748,8.983152841189951e-05,-8.983152841195546e-05,3,1269,train,"-73.9786366615,18.3837490073,-73.9671382259,18.3952474429"
917,-73.97863666154564,18.37799978947665,-73.96713822590891,18.389498225113382,8.983152841189951e-05,-8.983152841195546e-05,3,1269,train,"-73.9786366615,18.3779997895,-73.9671382259,18.3894982251"
918,-73.97863666154564,18.372250571658284,-73.96713822590891,18.383749007295016,8.983152841189951e-05,-8.983152841195546e-05,3,1269,train,"-73.9786366615,18.3722505717,-73.9671382259,18.3837490073"
919,-73.97863666154564,18.36650135383992,-73.96713822590891,18.37799978947665,8.983152841189951e-05,-8.983152841195546e-05,3,1269,train,"-73.9786366615,18.3665013538,-73.9671382259,18.3779997895"
920,-73.97863666154564,18.360752136021556,-73.96713822590891,18.372250571658288,8.983152841189951e-05,-8.983152841195546e-05,3,1269,train,"-73.9786366615,18.3607521360,-73.9671382259,18.3722505717"
921,-73.97863666154564,18.35500291820319,-73.96713822590891,18.366501353839922,8.983152841189951e-05,-8.983152841195546e-05,3,1269,train,"-73.9786366615,18.3550029182,-73.9671382259,18.3665013538"
922,-73.97863666154564,18.349253700384825,-73.96713822590891,18.360752136021556,8.983152841189951e-05,-8.983152841195546e-05,3,1269,train,"-73.9786366615,18.3492537004,-73.9671382259,18.3607521360"
923,-73.97863666154564,18.34350448256646,-73.96713822590891,18.35500291820319,8.983152841189951e-05,-8.983152841195546e-05,3,1269,train,"-73.9786366615,18.3435044826,-73.9671382259,18.3550029182"
924,-73.97863666154564,18.337755264748097,-73.96713822590891,18.34925370038483,8.983152841189951e-05,-8.983152841195546e-05,3,1269,train,"-73.9786366615,18.3377552647,-73.9671382259,18.3492537004"
925,-73.97863666154564,18.33200604692973,-73.96713822590891,18.343504482566463,8.983152841189951e-05,-8.983152841195546e-05,3,1269,train,"-73.9786366615,18.3320060469,-73.9671382259,18.3435044826"
926,-73.97863666154564,18.326256829111365,-73.96713822590891,18.337755264748097,8.983152841189951e-05,-8.983152841195546e-05,3,1269,train,"-73.9786366615,18.3262568291,-73.9671382259,18.3377552647"
927,-73.97863666154564,18.320507611293,-73.96713822590891,18.33200604692973,8.983152841189951e-05,-8.983152841195546e-05,3,1269,train,"-73.9786366615,18.3205076113,-73.9671382259,18.3320060469"
928,-73.97863666154564,18.314758393474637,-73.96713822590891,18.32625682911137,8.983152841189951e-05,-8.983152841195546e-05,3,1269,train,"-73.9786366615,18.3147583935,-73.9671382259,18.3262568291"
929,-73.97863666154564,18.30900917565627,-73.96713822590891,18.320507611293003,8.983152841189951e-05,-8.983152841195546e-05,3,1269,train,"-73.9786366615,18.3090091757,-73.9671382259,18.3205076113"
930,-73.97863666154564,18.303259957837906,-73.96713822590891,18.314758393474637,8.983152841189951e-05,-8.983152841195546e-05,3,1269,train,"-73.9786366615,18.3032599578,-73.9671382259,18.3147583935"
931,-73.97863666154564,18.29751074001954,-73.96713822590891,18.30900917565627,8.983152841189951e-05,-8.983152841195546e-05,3,1269,train,"-73.9786366615,18.2975107400,-73.9671382259,18.3090091757"
932,-73.97288744372727,18.42399353202357,-73.96138900809055,18.4354919676603,8.983152841189951e-05,-8.983152841195546e-05,19,6,val,"-73.9728874437,18.4239935320,-73.9613890081,18.4354919677"
933,-73.97288744372727,18.418244314205204,-73.96138900809055,18.429742749841935,8.983152841189951e-05,-8.983152841195546e-05,19,6,val,"-73.9728874437,18.4182443142,-73.9613890081,18.4297427498"
934,-73.97288744372727,18.389498225113382,-73.96138900809055,18.40099666075011,8.983152841189951e-05,-8.983152841192748e-05,3,1269,train,"-73.9728874437,18.3894982251,-73.9613890081,18.4009966608"
935,-73.97288744372727,18.383749007295016,-73.96138900809055,18.395247442931748,8.983152841189951e-05,-8.983152841195546e-05,3,1269,train,"-73.9728874437,18.3837490073,-73.9613890081,18.3952474429"
936,-73.97288744372727,18.37799978947665,-73.96138900809055,18.389498225113382,8.983152841189951e-05,-8.983152841195546e-05,3,1269,train,"-73.9728874437,18.3779997895,-73.9613890081,18.3894982251"
937,-73.97288744372727,18.372250571658284,-73.96138900809055,18.383749007295016,8.983152841189951e-05,-8.983152841195546e-05,3,1269,train,"-73.9728874437,18.3722505717,-73.9613890081,18.3837490073"
938,-73.97288744372727,18.36650135383992,-73.96138900809055,18.37799978947665,8.983152841189951e-05,-8.983152841195546e-05,3,1269,train,"-73.9728874437,18.3665013538,-73.9613890081,18.3779997895"
939,-73.97288744372727,18.360752136021556,-73.96138900809055,18.372250571658288,8.983152841189951e-05,-8.983152841195546e-05,3,1269,train,"-73.9728874437,18.3607521360,-73.9613890081,18.3722505717"
940,-73.97288744372727,18.35500291820319,-73.96138900809055,18.366501353839922,8.983152841189951e-05,-8.983152841195546e-05,3,1269,train,"-73.9728874437,18.3550029182,-73.9613890081,18.3665013538"
941,-73.97288744372727,18.349253700384825,-73.96138900809055,18.360752136021556,8.983152841189951e-05,-8.983152841195546e-05,3,1269,train,"-73.9728874437,18.3492537004,-73.9613890081,18.3607521360"
942,-73.97288744372727,18.34350448256646,-73.96138900809055,18.35500291820319,8.983152841189951e-05,-8.983152841195546e-05,3,1269,train,"-73.9728874437,18.3435044826,-73.9613890081,18.3550029182"
943,-73.97288744372727,18.337755264748097,-73.96138900809055,18.34925370038483,8.983152841189951e-05,-8.983152841195546e-05,3,1269,train,"-73.9728874437,18.3377552647,-73.9613890081,18.3492537004"
944,-73.97288744372727,18.33200604692973,-73.96138900809055,18.343504482566463,8.983152841189951e-05,-8.983152841195546e-05,3,1269,train,"-73.9728874437,18.3320060469,-73.9613890081,18.3435044826"
945,-73.97288744372727,18.326256829111365,-73.96138900809055,18.337755264748097,8.983152841189951e-05,-8.983152841195546e-05,3,1269,train,"-73.9728874437,18.3262568291,-73.9613890081,18.3377552647"
946,-73.97288744372727,18.320507611293,-73.96138900809055,18.33200604692973,8.983152841189951e-05,-8.983152841195546e-05,3,1269,train,"-73.9728874437,18.3205076113,-73.9613890081,18.3320060469"
947,-73.97288744372727,18.314758393474637,-73.96138900809055,18.32625682911137,8.983152841189951e-05,-8.983152841195546e-05,3,1269,train,"-73.9728874437,18.3147583935,-73.9613890081,18.3262568291"
948,-73.97288744372727,18.30900917565627,-73.96138900809055,18.320507611293003,8.983152841189951e-05,-8.983152841195546e-05,3,1269,train,"-73.9728874437,18.3090091757,-73.9613890081,18.3205076113"
949,-73.97288744372727,18.303259957837906,-73.96138900809055,18.314758393474637,8.983152841189951e-05,-8.983152841195546e-05,3,1269,train,"-73.9728874437,18.3032599578,-73.9613890081,18.3147583935"
950,-73.97288744372727,18.29751074001954,-73.96138900809055,18.30900917565627,8.983152841189951e-05,-8.983152841195546e-05,3,1269,train,"-73.9728874437,18.2975107400,-73.9613890081,18.3090091757"
951,-73.97288744372727,18.291761522201178,-73.96138900809055,18.303259957837906,8.983152841189951e-05,-8.983152841192748e-05,3,1269,train,"-73.9728874437,18.2917615222,-73.9613890081,18.3032599578"
952,-73.97288744372727,18.286012304382812,-73.96138900809055,18.297510740019543,8.983152841189951e-05,-8.983152841195546e-05,3,1269,train,"-73.9728874437,18.2860123044,-73.9613890081,18.2975107400"
953,-73.96713822590891,18.42399353202357,-73.95563979027217,18.4354919676603,8.98315284120114e-05,-8.983152841195546e-05,19,6,val,"-73.9671382259,18.4239935320,-73.9556397903,18.4354919677"
954,-73.96713822590891,18.418244314205204,-73.95563979027217,18.429742749841935,8.98315284120114e-05,-8.983152841195546e-05,19,6,val,"-73.9671382259,18.4182443142,-73.9556397903,18.4297427498"
955,-73.96713822590891,18.395247442931744,-73.95563979027217,18.406745878568476,8.98315284120114e-05,-8.983152841195546e-05,3,1269,train,"-73.9671382259,18.3952474429,-73.9556397903,18.4067458786"
956,-73.96713822590891,18.389498225113382,-73.95563979027217,18.40099666075011,8.98315284120114e-05,-8.983152841192748e-05,3,1269,train,"-73.9671382259,18.3894982251,-73.9556397903,18.4009966608"
957,-73.96713822590891,18.383749007295016,-73.95563979027217,18.395247442931748,8.98315284120114e-05,-8.983152841195546e-05,3,1269,train,"-73.9671382259,18.3837490073,-73.9556397903,18.3952474429"
958,-73.96713822590891,18.37799978947665,-73.95563979027217,18.389498225113382,8.98315284120114e-05,-8.983152841195546e-05,3,1269,train,"-73.9671382259,18.3779997895,-73.9556397903,18.3894982251"
959,-73.96713822590891,18.372250571658284,-73.95563979027217,18.383749007295016,8.98315284120114e-05,-8.983152841195546e-05,3,1269,train,"-73.9671382259,18.3722505717,-73.9556397903,18.3837490073"
960,-73.96713822590891,18.36650135383992,-73.95563979027217,18.37799978947665,8.98315284120114e-05,-8.983152841195546e-05,3,1269,train,"-73.9671382259,18.3665013538,-73.9556397903,18.3779997895"
961,-73.96713822590891,18.360752136021556,-73.95563979027217,18.372250571658288,8.98315284120114e-05,-8.983152841195546e-05,3,1269,train,"-73.9671382259,18.3607521360,-73.9556397903,18.3722505717"
962,-73.96713822590891,18.35500291820319,-73.95563979027217,18.366501353839922,8.98315284120114e-05,-8.983152841195546e-05,3,1269,train,"-73.9671382259,18.3550029182,-73.9556397903,18.3665013538"
963,-73.96713822590891,18.349253700384825,-73.95563979027217,18.360752136021556,8.98315284120114e-05,-8.983152841195546e-05,3,1269,train,"-73.9671382259,18.3492537004,-73.9556397903,18.3607521360"
964,-73.96713822590891,18.34350448256646,-73.95563979027217,18.35500291820319,8.98315284120114e-05,-8.983152841195546e-05,3,1269,train,"-73.9671382259,18.3435044826,-73.9556397903,18.3550029182"
965,-73.96713822590891,18.337755264748097,-73.95563979027217,18.34925370038483,8.98315284120114e-05,-8.983152841195546e-05,3,1269,train,"-73.9671382259,18.3377552647,-73.9556397903,18.3492537004"
966,-73.96713822590891,18.33200604692973,-73.95563979027217,18.343504482566463,8.98315284120114e-05,-8.983152841195546e-05,3,1269,train,"-73.9671382259,18.3320060469,-73.9556397903,18.3435044826"
967,-73.96713822590891,18.326256829111365,-73.95563979027217,18.337755264748097,8.98315284120114e-05,-8.983152841195546e-05,3,1269,train,"-73.9671382259,18.3262568291,-73.9556397903,18.3377552647"
968,-73.96713822590891,18.320507611293,-73.95563979027217,18.33200604692973,8.98315284120114e-05,-8.983152841195546e-05,3,1269,train,"-73.9671382259,18.3205076113,-73.9556397903,18.3320060469"
969,-73.96713822590891,18.303259957837906,-73.95563979027217,18.314758393474637,8.98315284120114e-05,-8.983152841195546e-05,3,1269,train,"-73.9671382259,18.3032599578,-73.9556397903,18.3147583935"
970,-73.96713822590891,18.29751074001954,-73.95563979027217,18.30900917565627,8.98315284120114e-05,-8.983152841195546e-05,3,1269,train,"-73.9671382259,18.2975107400,-73.9556397903,18.3090091757"
971,-73.96713822590891,18.291761522201178,-73.95563979027217,18.303259957837906,8.98315284120114e-05,-8.983152841192748e-05,3,1269,train,"-73.9671382259,18.2917615222,-73.9556397903,18.3032599578"
972,-73.96713822590891,18.286012304382812,-73.95563979027217,18.297510740019543,8.98315284120114e-05,-8.983152841195546e-05,3,1269,train,"-73.9671382259,18.2860123044,-73.9556397903,18.2975107400"
973,-73.96713822590891,18.280263086564446,-73.95563979027217,18.291761522201178,8.98315284120114e-05,-8.983152841195546e-05,3,1269,train,"-73.9671382259,18.2802630866,-73.9556397903,18.2917615222"
974,-73.96713822590891,18.27451386874608,-73.95563979027217,18.286012304382812,8.98315284120114e-05,-8.983152841195546e-05,3,1269,train,"-73.9671382259,18.2745138687,-73.9556397903,18.2860123044"
975,-73.96138900809055,18.395247442931744,-73.94989057245381,18.406745878568476,8.98315284120114e-05,-8.983152841195546e-05,3,1269,train,"-73.9613890081,18.3952474429,-73.9498905725,18.4067458786"
976,-73.96138900809055,18.389498225113382,-73.94989057245381,18.40099666075011,8.98315284120114e-05,-8.983152841192748e-05,3,1269,train,"-73.9613890081,18.3894982251,-73.9498905725,18.4009966608"
977,-73.96138900809055,18.383749007295016,-73.94989057245381,18.395247442931748,8.98315284120114e-05,-8.983152841195546e-05,3,1269,train,"-73.9613890081,18.3837490073,-73.9498905725,18.3952474429"
978,-73.96138900809055,18.37799978947665,-73.94989057245381,18.389498225113382,8.98315284120114e-05,-8.983152841195546e-05,3,1269,train,"-73.9613890081,18.3779997895,-73.9498905725,18.3894982251"
979,-73.96138900809055,18.372250571658284,-73.94989057245381,18.383749007295016,8.98315284120114e-05,-8.983152841195546e-05,3,1269,train,"-73.9613890081,18.3722505717,-73.9498905725,18.3837490073"
980,-73.96138900809055,18.36650135383992,-73.94989057245381,18.37799978947665,8.98315284120114e-05,-8.983152841195546e-05,3,1269,train,"-73.9613890081,18.3665013538,-73.9498905725,18.3779997895"
981,-73.96138900809055,18.360752136021556,-73.94989057245381,18.372250571658288,8.98315284120114e-05,-8.983152841195546e-05,3,1269,train,"-73.9613890081,18.3607521360,-73.9498905725,18.3722505717"
982,-73.96138900809055,18.35500291820319,-73.94989057245381,18.366501353839922,8.98315284120114e-05,-8.983152841195546e-05,3,1269,train,"-73.9613890081,18.3550029182,-73.9498905725,18.3665013538"
983,-73.96138900809055,18.349253700384825,-73.94989057245381,18.360752136021556,8.98315284120114e-05,-8.983152841195546e-05,3,1269,train,"-73.9613890081,18.3492537004,-73.9498905725,18.3607521360"
984,-73.96138900809055,18.34350448256646,-73.94989057245381,18.35500291820319,8.98315284120114e-05,-8.983152841195546e-05,3,1269,train,"-73.9613890081,18.3435044826,-73.9498905725,18.3550029182"
985,-73.96138900809055,18.337755264748097,-73.94989057245381,18.34925370038483,8.98315284120114e-05,-8.983152841195546e-05,3,1269,train,"-73.9613890081,18.3377552647,-73.9498905725,18.3492537004"
986,-73.96138900809055,18.33200604692973,-73.94989057245381,18.343504482566463,8.98315284120114e-05,-8.983152841195546e-05,3,1269,train,"-73.9613890081,18.3320060469,-73.9498905725,18.3435044826"
987,-73.96138900809055,18.326256829111365,-73.94989057245381,18.337755264748097,8.98315284120114e-05,-8.983152841195546e-05,3,1269,train,"-73.9613890081,18.3262568291,-73.9498905725,18.3377552647"
988,-73.96138900809055,18.320507611293,-73.94989057245381,18.33200604692973,8.98315284120114e-05,-8.983152841195546e-05,3,1269,train,"-73.9613890081,18.3205076113,-73.9498905725,18.3320060469"
989,-73.96138900809055,18.29751074001954,-73.94989057245381,18.30900917565627,8.98315284120114e-05,-8.983152841195546e-05,3,1269,train,"-73.9613890081,18.2975107400,-73.9498905725,18.3090091757"
990,-73.96138900809055,18.291761522201178,-73.94989057245381,18.303259957837906,8.98315284120114e-05,-8.983152841192748e-05,3,1269,train,"-73.9613890081,18.2917615222,-73.9498905725,18.3032599578"
991,-73.96138900809055,18.286012304382812,-73.94989057245381,18.297510740019543,8.98315284120114e-05,-8.983152841195546e-05,3,1269,train,"-73.9613890081,18.2860123044,-73.9498905725,18.2975107400"
992,-73.96138900809055,18.280263086564446,-73.94989057245381,18.291761522201178,8.98315284120114e-05,-8.983152841195546e-05,3,1269,train,"-73.9613890081,18.2802630866,-73.9498905725,18.2917615222"
993,-73.96138900809055,18.27451386874608,-73.94989057245381,18.286012304382812,8.98315284120114e-05,-8.983152841195546e-05,3,1269,train,"-73.9613890081,18.2745138687,-73.9498905725,18.2860123044"
994,-73.96138900809055,18.268764650927718,-73.94989057245381,18.280263086564446,8.98315284120114e-05,-8.983152841192748e-05,3,1269,train,"-73.9613890081,18.2687646509,-73.9498905725,18.2802630866"
995,-73.95563979027217,18.40099666075011,-73.94414135463545,18.41249509638684,8.983152841189951e-05,-8.983152841195546e-05,3,1269,train,"-73.9556397903,18.4009966608,-73.9441413546,18.4124950964"
996,-73.95563979027217,18.395247442931744,-73.94414135463545,18.406745878568476,8.983152841189951e-05,-8.983152841195546e-05,3,1269,train,"-73.9556397903,18.3952474429,-73.9441413546,18.4067458786"
997,-73.95563979027217,18.389498225113382,-73.94414135463545,18.40099666075011,8.983152841189951e-05,-8.983152841192748e-05,3,1269,train,"-73.9556397903,18.3894982251,-73.9441413546,18.4009966608"
998,-73.95563979027217,18.383749007295016,-73.94414135463545,18.395247442931748,8.983152841189951e-05,-8.983152841195546e-05,3,1269,train,"-73.9556397903,18.3837490073,-73.9441413546,18.3952474429"
999,-73.95563979027217,18.37799978947665,-73.94414135463545,18.389498225113382,8.983152841189951e-05,-8.983152841195546e-05,3,1269,train,"-73.9556397903,18.3779997895,-73.9441413546,18.3894982251"
1000,-73.95563979027217,18.372250571658284,-73.94414135463545,18.383749007295016,8.983152841189951e-05,-8.983152841195546e-05,3,1269,train,"-73.9556397903,18.3722505717,-73.9441413546,18.3837490073"
1001,-73.95563979027217,18.36650135383992,-73.94414135463545,18.37799978947665,8.983152841189951e-05,-8.983152841195546e-05,3,1269,train,"-73.9556397903,18.3665013538,-73.9441413546,18.3779997895"
1002,-73.95563979027217,18.360752136021556,-73.94414135463545,18.372250571658288,8.983152841189951e-05,-8.983152841195546e-05,3,1269,train,"-73.9556397903,18.3607521360,-73.9441413546,18.3722505717"
1003,-73.95563979027217,18.35500291820319,-73.94414135463545,18.366501353839922,8.983152841189951e-05,-8.983152841195546e-05,3,1269,train,"-73.9556397903,18.3550029182,-73.9441413546,18.3665013538"
1004,-73.95563979027217,18.349253700384825,-73.94414135463545,18.360752136021556,8.983152841189951e-05,-8.983152841195546e-05,3,1269,train,"-73.9556397903,18.3492537004,-73.9441413546,18.3607521360"
1005,-73.95563979027217,18.34350448256646,-73.94414135463545,18.35500291820319,8.983152841189951e-05,-8.983152841195546e-05,3,1269,train,"-73.9556397903,18.3435044826,-73.9441413546,18.3550029182"
1006,-73.95563979027217,18.337755264748097,-73.94414135463545,18.34925370038483,8.983152841189951e-05,-8.983152841195546e-05,3,1269,train,"-73.9556397903,18.3377552647,-73.9441413546,18.3492537004"
1007,-73.95563979027217,18.33200604692973,-73.94414135463545,18.343504482566463,8.983152841189951e-05,-8.983152841195546e-05,3,1269,train,"-73.9556397903,18.3320060469,-73.9441413546,18.3435044826"
1008,-73.95563979027217,18.326256829111365,-73.94414135463545,18.337755264748097,8.983152841189951e-05,-8.983152841195546e-05,3,1269,train,"-73.9556397903,18.3262568291,-73.9441413546,18.3377552647"
1009,-73.95563979027217,18.320507611293,-73.94414135463545,18.33200604692973,8.983152841189951e-05,-8.983152841195546e-05,3,1269,train,"-73.9556397903,18.3205076113,-73.9441413546,18.3320060469"
1010,-73.95563979027217,18.29751074001954,-73.94414135463545,18.30900917565627,8.983152841189951e-05,-8.983152841195546e-05,3,1269,train,"-73.9556397903,18.2975107400,-73.9441413546,18.3090091757"
1011,-73.95563979027217,18.291761522201178,-73.94414135463545,18.303259957837906,8.983152841189951e-05,-8.983152841192748e-05,3,1269,train,"-73.9556397903,18.2917615222,-73.9441413546,18.3032599578"
1012,-73.95563979027217,18.286012304382812,-73.94414135463545,18.297510740019543,8.983152841189951e-05,-8.983152841195546e-05,3,1269,train,"-73.9556397903,18.2860123044,-73.9441413546,18.2975107400"
1013,-73.95563979027217,18.280263086564446,-73.94414135463545,18.291761522201178,8.983152841189951e-05,-8.983152841195546e-05,3,1269,train,"-73.9556397903,18.2802630866,-73.9441413546,18.2917615222"
1014,-73.95563979027217,18.27451386874608,-73.94414135463545,18.286012304382812,8.983152841189951e-05,-8.983152841195546e-05,3,1269,train,"-73.9556397903,18.2745138687,-73.9441413546,18.2860123044"
1015,-73.95563979027217,18.268764650927718,-73.94414135463545,18.280263086564446,8.983152841189951e-05,-8.983152841192748e-05,3,1269,train,"-73.9556397903,18.2687646509,-73.9441413546,18.2802630866"
1016,-73.94989057245381,18.40099666075011,-73.93839213681709,18.41249509638684,8.983152841189951e-05,-8.983152841195546e-05,3,1269,train,"-73.9498905725,18.4009966608,-73.9383921368,18.4124950964"
1017,-73.94989057245381,18.395247442931744,-73.93839213681709,18.406745878568476,8.983152841189951e-05,-8.983152841195546e-05,3,1269,train,"-73.9498905725,18.3952474429,-73.9383921368,18.4067458786"
1018,-73.94989057245381,18.389498225113382,-73.93839213681709,18.40099666075011,8.983152841189951e-05,-8.983152841192748e-05,3,1269,train,"-73.9498905725,18.3894982251,-73.9383921368,18.4009966608"
1019,-73.94989057245381,18.383749007295016,-73.93839213681709,18.395247442931748,8.983152841189951e-05,-8.983152841195546e-05,3,1269,train,"-73.9498905725,18.3837490073,-73.9383921368,18.3952474429"
1020,-73.94989057245381,18.37799978947665,-73.93839213681709,18.389498225113382,8.983152841189951e-05,-8.983152841195546e-05,3,1269,train,"-73.9498905725,18.3779997895,-73.9383921368,18.3894982251"
1021,-73.94989057245381,18.372250571658284,-73.93839213681709,18.383749007295016,8.983152841189951e-05,-8.983152841195546e-05,3,1269,train,"-73.9498905725,18.3722505717,-73.9383921368,18.3837490073"
1022,-73.94989057245381,18.36650135383992,-73.93839213681709,18.37799978947665,8.983152841189951e-05,-8.983152841195546e-05,3,1269,train,"-73.9498905725,18.3665013538,-73.9383921368,18.3779997895"
1023,-73.94989057245381,18.360752136021556,-73.93839213681709,18.372250571658288,8.983152841189951e-05,-8.983152841195546e-05,3,1269,train,"-73.9498905725,18.3607521360,-73.9383921368,18.3722505717"
1024,-73.94989057245381,18.35500291820319,-73.93839213681709,18.366501353839922,8.983152841189951e-05,-8.983152841195546e-05,3,1269,train,"-73.9498905725,18.3550029182,-73.9383921368,18.3665013538"
1025,-73.94989057245381,18.349253700384825,-73.93839213681709,18.360752136021556,8.983152841189951e-05,-8.983152841195546e-05,3,1269,train,"-73.9498905725,18.3492537004,-73.9383921368,18.3607521360"
1026,-73.94989057245381,18.34350448256646,-73.93839213681709,18.35500291820319,8.983152841189951e-05,-8.983152841195546e-05,3,1269,train,"-73.9498905725,18.3435044826,-73.9383921368,18.3550029182"
1027,-73.94989057245381,18.337755264748097,-73.93839213681709,18.34925370038483,8.983152841189951e-05,-8.983152841195546e-05,3,1269,train,"-73.9498905725,18.3377552647,-73.9383921368,18.3492537004"
1028,-73.94989057245381,18.33200604692973,-73.93839213681709,18.343504482566463,8.983152841189951e-05,-8.983152841195546e-05,3,1269,train,"-73.9498905725,18.3320060469,-73.9383921368,18.3435044826"
1029,-73.94989057245381,18.326256829111365,-73.93839213681709,18.337755264748097,8.983152841189951e-05,-8.983152841195546e-05,3,1269,train,"-73.9498905725,18.3262568291,-73.9383921368,18.3377552647"
1030,-73.94989057245381,18.320507611293,-73.93839213681709,18.33200604692973,8.983152841189951e-05,-8.983152841195546e-05,3,1269,train,"-73.9498905725,18.3205076113,-73.9383921368,18.3320060469"
1031,-73.94989057245381,18.303259957837906,-73.93839213681709,18.314758393474637,8.983152841189951e-05,-8.983152841195546e-05,3,1269,train,"-73.9498905725,18.3032599578,-73.9383921368,18.3147583935"
1032,-73.94989057245381,18.29751074001954,-73.93839213681709,18.30900917565627,8.983152841189951e-05,-8.983152841195546e-05,3,1269,train,"-73.9498905725,18.2975107400,-73.9383921368,18.3090091757"
1033,-73.94989057245381,18.291761522201178,-73.93839213681709,18.303259957837906,8.983152841189951e-05,-8.983152841192748e-05,3,1269,train,"-73.9498905725,18.2917615222,-73.9383921368,18.3032599578"
1034,-73.94989057245381,18.27451386874608,-73.93839213681709,18.286012304382812,8.983152841189951e-05,-8.983152841195546e-05,3,1269,train,"-73.9498905725,18.2745138687,-73.9383921368,18.2860123044"
1035,-73.94989057245381,18.268764650927718,-73.93839213681709,18.280263086564446,8.983152841189951e-05,-8.983152841192748e-05,3,1269,train,"-73.9498905725,18.2687646509,-73.9383921368,18.2802630866"
1036,-73.94414135463545,18.40099666075011,-73.93264291899872,18.41249509638684,8.983152841189951e-05,-8.983152841195546e-05,3,1269,train,"-73.9441413546,18.4009966608,-73.9326429190,18.4124950964"
1037,-73.94414135463545,18.395247442931744,-73.93264291899872,18.406745878568476,8.983152841189951e-05,-8.983152841195546e-05,3,1269,train,"-73.9441413546,18.3952474429,-73.9326429190,18.4067458786"
1038,-73.94414135463545,18.389498225113382,-73.93264291899872,18.40099666075011,8.983152841189951e-05,-8.983152841192748e-05,3,1269,train,"-73.9441413546,18.3894982251,-73.9326429190,18.4009966608"
1039,-73.94414135463545,18.383749007295016,-73.93264291899872,18.395247442931748,8.983152841189951e-05,-8.983152841195546e-05,3,1269,train,"-73.9441413546,18.3837490073,-73.9326429190,18.3952474429"
1040,-73.94414135463545,18.37799978947665,-73.93264291899872,18.389498225113382,8.983152841189951e-05,-8.983152841195546e-05,3,1269,train,"-73.9441413546,18.3779997895,-73.9326429190,18.3894982251"
1041,-73.94414135463545,18.372250571658284,-73.93264291899872,18.383749007295016,8.983152841189951e-05,-8.983152841195546e-05,3,1269,train,"-73.9441413546,18.3722505717,-73.9326429190,18.3837490073"
1042,-73.94414135463545,18.36650135383992,-73.93264291899872,18.37799978947665,8.983152841189951e-05,-8.983152841195546e-05,3,1269,train,"-73.9441413546,18.3665013538,-73.9326429190,18.3779997895"
1043,-73.94414135463545,18.360752136021556,-73.93264291899872,18.372250571658288,8.983152841189951e-05,-8.983152841195546e-05,3,1269,train,"-73.9441413546,18.3607521360,-73.9326429190,18.3722505717"
1044,-73.94414135463545,18.35500291820319,-73.93264291899872,18.366501353839922,8.983152841189951e-05,-8.983152841195546e-05,3,1269,train,"-73.9441413546,18.3550029182,-73.9326429190,18.3665013538"
1045,-73.94414135463545,18.349253700384825,-73.93264291899872,18.360752136021556,8.983152841189951e-05,-8.983152841195546e-05,3,1269,train,"-73.9441413546,18.3492537004,-73.9326429190,18.3607521360"
1046,-73.94414135463545,18.34350448256646,-73.93264291899872,18.35500291820319,8.983152841189951e-05,-8.983152841195546e-05,3,1269,train,"-73.9441413546,18.3435044826,-73.9326429190,18.3550029182"
1047,-73.94414135463545,18.337755264748097,-73.93264291899872,18.34925370038483,8.983152841189951e-05,-8.983152841195546e-05,3,1269,train,"-73.9441413546,18.3377552647,-73.9326429190,18.3492537004"
1048,-73.94414135463545,18.33200604692973,-73.93264291899872,18.343504482566463,8.983152841189951e-05,-8.983152841195546e-05,3,1269,train,"-73.9441413546,18.3320060469,-73.9326429190,18.3435044826"
1049,-73.94414135463545,18.326256829111365,-73.93264291899872,18.337755264748097,8.983152841189951e-05,-8.983152841195546e-05,3,1269,train,"-73.9441413546,18.3262568291,-73.9326429190,18.3377552647"
1050,-73.94414135463545,18.320507611293,-73.93264291899872,18.33200604692973,8.983152841189951e-05,-8.983152841195546e-05,3,1269,train,"-73.9441413546,18.3205076113,-73.9326429190,18.3320060469"
1051,-73.94414135463545,18.314758393474637,-73.93264291899872,18.32625682911137,8.983152841189951e-05,-8.983152841195546e-05,3,1269,train,"-73.9441413546,18.3147583935,-73.9326429190,18.3262568291"
1052,-73.94414135463545,18.303259957837906,-73.93264291899872,18.314758393474637,8.983152841189951e-05,-8.983152841195546e-05,3,1269,train,"-73.9441413546,18.3032599578,-73.9326429190,18.3147583935"
1053,-73.94414135463545,18.29751074001954,-73.93264291899872,18.30900917565627,8.983152841189951e-05,-8.983152841195546e-05,3,1269,train,"-73.9441413546,18.2975107400,-73.9326429190,18.3090091757"
1054,-73.93839213681709,18.40099666075011,-73.92689370118035,18.41249509638684,8.98315284120114e-05,-8.983152841195546e-05,3,1269,train,"-73.9383921368,18.4009966608,-73.9268937012,18.4124950964"
1055,-73.93839213681709,18.395247442931744,-73.92689370118035,18.406745878568476,8.98315284120114e-05,-8.983152841195546e-05,3,1269,train,"-73.9383921368,18.3952474429,-73.9268937012,18.4067458786"
1056,-73.93839213681709,18.389498225113382,-73.92689370118035,18.40099666075011,8.98315284120114e-05,-8.983152841192748e-05,3,1269,train,"-73.9383921368,18.3894982251,-73.9268937012,18.4009966608"
1057,-73.93839213681709,18.383749007295016,-73.92689370118035,18.395247442931748,8.98315284120114e-05,-8.983152841195546e-05,3,1269,train,"-73.9383921368,18.3837490073,-73.9268937012,18.3952474429"
1058,-73.93839213681709,18.37799978947665,-73.92689370118035,18.389498225113382,8.98315284120114e-05,-8.983152841195546e-05,3,1269,train,"-73.9383921368,18.3779997895,-73.9268937012,18.3894982251"
1059,-73.93839213681709,18.372250571658284,-73.92689370118035,18.383749007295016,8.98315284120114e-05,-8.983152841195546e-05,3,1269,train,"-73.9383921368,18.3722505717,-73.9268937012,18.3837490073"
1060,-73.93839213681709,18.36650135383992,-73.92689370118035,18.37799978947665,8.98315284120114e-05,-8.983152841195546e-05,3,1269,train,"-73.9383921368,18.3665013538,-73.9268937012,18.3779997895"
1061,-73.93839213681709,18.360752136021556,-73.92689370118035,18.372250571658288,8.98315284120114e-05,-8.983152841195546e-05,3,1269,train,"-73.9383921368,18.3607521360,-73.9268937012,18.3722505717"
1062,-73.93839213681709,18.35500291820319,-73.92689370118035,18.366501353839922,8.98315284120114e-05,-8.983152841195546e-05,3,1269,train,"-73.9383921368,18.3550029182,-73.9268937012,18.3665013538"
1063,-73.93839213681709,18.349253700384825,-73.92689370118035,18.360752136021556,8.98315284120114e-05,-8.983152841195546e-05,3,1269,train,"-73.9383921368,18.3492537004,-73.9268937012,18.3607521360"
1064,-73.93839213681709,18.34350448256646,-73.92689370118035,18.35500291820319,8.98315284120114e-05,-8.983152841195546e-05,3,1269,train,"-73.9383921368,18.3435044826,-73.9268937012,18.3550029182"
1065,-73.93839213681709,18.337755264748097,-73.92689370118035,18.34925370038483,8.98315284120114e-05,-8.983152841195546e-05,3,1269,train,"-73.9383921368,18.3377552647,-73.9268937012,18.3492537004"
1066,-73.93839213681709,18.33200604692973,-73.92689370118035,18.343504482566463,8.98315284120114e-05,-8.983152841195546e-05,3,1269,train,"-73.9383921368,18.3320060469,-73.9268937012,18.3435044826"
1067,-73.93839213681709,18.326256829111365,-73.92689370118035,18.337755264748097,8.98315284120114e-05,-8.983152841195546e-05,3,1269,train,"-73.9383921368,18.3262568291,-73.9268937012,18.3377552647"
1068,-73.93839213681709,18.320507611293,-73.92689370118035,18.33200604692973,8.98315284120114e-05,-8.983152841195546e-05,3,1269,train,"-73.9383921368,18.3205076113,-73.9268937012,18.3320060469"
1069,-73.93839213681709,18.314758393474637,-73.92689370118035,18.32625682911137,8.98315284120114e-05,-8.983152841195546e-05,3,1269,train,"-73.9383921368,18.3147583935,-73.9268937012,18.3262568291"
1070,-73.93264291899872,18.40099666075011,-73.92114448336199,18.41249509638684,8.98315284120114e-05,-8.983152841195546e-05,3,1269,train,"-73.9326429190,18.4009966608,-73.9211444834,18.4124950964"
1071,-73.93264291899872,18.395247442931744,-73.92114448336199,18.406745878568476,8.98315284120114e-05,-8.983152841195546e-05,3,1269,train,"-73.9326429190,18.3952474429,-73.9211444834,18.4067458786"
1072,-73.93264291899872,18.389498225113382,-73.92114448336199,18.40099666075011,8.98315284120114e-05,-8.983152841192748e-05,3,1269,train,"-73.9326429190,18.3894982251,-73.9211444834,18.4009966608"
1073,-73.93264291899872,18.383749007295016,-73.92114448336199,18.395247442931748,8.98315284120114e-05,-8.983152841195546e-05,3,1269,train,"-73.9326429190,18.3837490073,-73.9211444834,18.3952474429"
1074,-73.93264291899872,18.37799978947665,-73.92114448336199,18.389498225113382,8.98315284120114e-05,-8.983152841195546e-05,3,1269,train,"-73.9326429190,18.3779997895,-73.9211444834,18.3894982251"
1075,-73.93264291899872,18.372250571658284,-73.92114448336199,18.383749007295016,8.98315284120114e-05,-8.983152841195546e-05,3,1269,train,"-73.9326429190,18.3722505717,-73.9211444834,18.3837490073"
1076,-73.93264291899872,18.36650135383992,-73.92114448336199,18.37799978947665,8.98315284120114e-05,-8.983152841195546e-05,3,1269,train,"-73.9326429190,18.3665013538,-73.9211444834,18.3779997895"
1077,-73.93264291899872,18.360752136021556,-73.92114448336199,18.372250571658288,8.98315284120114e-05,-8.983152841195546e-05,3,1269,train,"-73.9326429190,18.3607521360,-73.9211444834,18.3722505717"
1078,-73.93264291899872,18.35500291820319,-73.92114448336199,18.366501353839922,8.98315284120114e-05,-8.983152841195546e-05,3,1269,train,"-73.9326429190,18.3550029182,-73.9211444834,18.3665013538"
1079,-73.93264291899872,18.349253700384825,-73.92114448336199,18.360752136021556,8.98315284120114e-05,-8.983152841195546e-05,3,1269,train,"-73.9326429190,18.3492537004,-73.9211444834,18.3607521360"
1080,-73.93264291899872,18.34350448256646,-73.92114448336199,18.35500291820319,8.98315284120114e-05,-8.983152841195546e-05,3,1269,train,"-73.9326429190,18.3435044826,-73.9211444834,18.3550029182"
1081,-73.93264291899872,18.337755264748097,-73.92114448336199,18.34925370038483,8.98315284120114e-05,-8.983152841195546e-05,3,1269,train,"-73.9326429190,18.3377552647,-73.9211444834,18.3492537004"
1082,-73.93264291899872,18.33200604692973,-73.92114448336199,18.343504482566463,8.98315284120114e-05,-8.983152841195546e-05,3,1269,train,"-73.9326429190,18.3320060469,-73.9211444834,18.3435044826"
1083,-73.93264291899872,18.326256829111365,-73.92114448336199,18.337755264748097,8.98315284120114e-05,-8.983152841195546e-05,3,1269,train,"-73.9326429190,18.3262568291,-73.9211444834,18.3377552647"
1084,-73.93264291899872,18.320507611293,-73.92114448336199,18.33200604692973,8.98315284120114e-05,-8.983152841195546e-05,3,1269,train,"-73.9326429190,18.3205076113,-73.9211444834,18.3320060469"
1085,-73.93264291899872,18.314758393474637,-73.92114448336199,18.32625682911137,8.98315284120114e-05,-8.983152841195546e-05,3,1269,train,"-73.9326429190,18.3147583935,-73.9211444834,18.3262568291"
1086,-73.92689370118036,18.40099666075011,-73.91539526554362,18.41249509638684,8.98315284120114e-05,-8.983152841195546e-05,3,1269,train,"-73.9268937012,18.4009966608,-73.9153952655,18.4124950964"
1087,-73.92689370118036,18.395247442931744,-73.91539526554362,18.406745878568476,8.98315284120114e-05,-8.983152841195546e-05,3,1269,train,"-73.9268937012,18.3952474429,-73.9153952655,18.4067458786"
1088,-73.92689370118036,18.389498225113382,-73.91539526554362,18.40099666075011,8.98315284120114e-05,-8.983152841192748e-05,3,1269,train,"-73.9268937012,18.3894982251,-73.9153952655,18.4009966608"
1089,-73.92689370118036,18.383749007295016,-73.91539526554362,18.395247442931748,8.98315284120114e-05,-8.983152841195546e-05,3,1269,train,"-73.9268937012,18.3837490073,-73.9153952655,18.3952474429"
1090,-73.92689370118036,18.37799978947665,-73.91539526554362,18.389498225113382,8.98315284120114e-05,-8.983152841195546e-05,3,1269,train,"-73.9268937012,18.3779997895,-73.9153952655,18.3894982251"
1091,-73.92689370118036,18.372250571658284,-73.91539526554362,18.383749007295016,8.98315284120114e-05,-8.983152841195546e-05,3,1269,train,"-73.9268937012,18.3722505717,-73.9153952655,18.3837490073"
1092,-73.92689370118036,18.36650135383992,-73.91539526554362,18.37799978947665,8.98315284120114e-05,-8.983152841195546e-05,3,1269,train,"-73.9268937012,18.3665013538,-73.9153952655,18.3779997895"
1093,-73.92689370118036,18.360752136021556,-73.91539526554362,18.372250571658288,8.98315284120114e-05,-8.983152841195546e-05,3,1269,train,"-73.9268937012,18.3607521360,-73.9153952655,18.3722505717"
1094,-73.92689370118036,18.35500291820319,-73.91539526554362,18.366501353839922,8.98315284120114e-05,-8.983152841195546e-05,3,1269,train,"-73.9268937012,18.3550029182,-73.9153952655,18.3665013538"
1095,-73.92689370118036,18.349253700384825,-73.91539526554362,18.360752136021556,8.98315284120114e-05,-8.983152841195546e-05,3,1269,train,"-73.9268937012,18.3492537004,-73.9153952655,18.3607521360"
1096,-73.92689370118036,18.34350448256646,-73.91539526554362,18.35500291820319,8.98315284120114e-05,-8.983152841195546e-05,3,1269,train,"-73.9268937012,18.3435044826,-73.9153952655,18.3550029182"
1097,-73.92689370118036,18.337755264748097,-73.91539526554362,18.34925370038483,8.98315284120114e-05,-8.983152841195546e-05,3,1269,train,"-73.9268937012,18.3377552647,-73.9153952655,18.3492537004"
1098,-73.92689370118036,18.33200604692973,-73.91539526554362,18.343504482566463,8.98315284120114e-05,-8.983152841195546e-05,3,1269,train,"-73.9268937012,18.3320060469,-73.9153952655,18.3435044826"
1099,-73.92689370118036,18.326256829111365,-73.91539526554362,18.337755264748097,8.98315284120114e-05,-8.983152841195546e-05,3,1269,train,"-73.9268937012,18.3262568291,-73.9153952655,18.3377552647"
1100,-73.92689370118036,18.320507611293,-73.91539526554362,18.33200604692973,8.98315284120114e-05,-8.983152841195546e-05,3,1269,train,"-73.9268937012,18.3205076113,-73.9153952655,18.3320060469"
1101,-73.92689370118036,18.314758393474637,-73.91539526554362,18.32625682911137,8.98315284120114e-05,-8.983152841195546e-05,3,1269,train,"-73.9268937012,18.3147583935,-73.9153952655,18.3262568291"
1102,-73.92114448336199,18.40099666075011,-73.90964604772526,18.41249509638684,8.983152841189951e-05,-8.983152841195546e-05,3,1269,train,"-73.9211444834,18.4009966608,-73.9096460477,18.4124950964"
1103,-73.92114448336199,18.395247442931744,-73.90964604772526,18.406745878568476,8.983152841189951e-05,-8.983152841195546e-05,3,1269,train,"-73.9211444834,18.3952474429,-73.9096460477,18.4067458786"
1104,-73.92114448336199,18.389498225113382,-73.90964604772526,18.40099666075011,8.983152841189951e-05,-8.983152841192748e-05,3,1269,train,"-73.9211444834,18.3894982251,-73.9096460477,18.4009966608"
1105,-73.92114448336199,18.383749007295016,-73.90964604772526,18.395247442931748,8.983152841189951e-05,-8.983152841195546e-05,3,1269,train,"-73.9211444834,18.3837490073,-73.9096460477,18.3952474429"
1106,-73.92114448336199,18.37799978947665,-73.90964604772526,18.389498225113382,8.983152841189951e-05,-8.983152841195546e-05,3,1269,train,"-73.9211444834,18.3779997895,-73.9096460477,18.3894982251"
1107,-73.92114448336199,18.372250571658284,-73.90964604772526,18.383749007295016,8.983152841189951e-05,-8.983152841195546e-05,3,1269,train,"-73.9211444834,18.3722505717,-73.9096460477,18.3837490073"
1108,-73.92114448336199,18.36650135383992,-73.90964604772526,18.37799978947665,8.983152841189951e-05,-8.983152841195546e-05,3,1269,train,"-73.9211444834,18.3665013538,-73.9096460477,18.3779997895"
1109,-73.92114448336199,18.360752136021556,-73.90964604772526,18.372250571658288,8.983152841189951e-05,-8.983152841195546e-05,3,1269,train,"-73.9211444834,18.3607521360,-73.9096460477,18.3722505717"
1110,-73.92114448336199,18.35500291820319,-73.90964604772526,18.366501353839922,8.983152841189951e-05,-8.983152841195546e-05,3,1269,train,"-73.9211444834,18.3550029182,-73.9096460477,18.3665013538"
1111,-73.92114448336199,18.349253700384825,-73.90964604772526,18.360752136021556,8.983152841189951e-05,-8.983152841195546e-05,3,1269,train,"-73.9211444834,18.3492537004,-73.9096460477,18.3607521360"
1112,-73.92114448336199,18.34350448256646,-73.90964604772526,18.35500291820319,8.983152841189951e-05,-8.983152841195546e-05,3,1269,train,"-73.9211444834,18.3435044826,-73.9096460477,18.3550029182"
1113,-73.92114448336199,18.337755264748097,-73.90964604772526,18.34925370038483,8.983152841189951e-05,-8.983152841195546e-05,3,1269,train,"-73.9211444834,18.3377552647,-73.9096460477,18.3492537004"
1114,-73.92114448336199,18.33200604692973,-73.90964604772526,18.343504482566463,8.983152841189951e-05,-8.983152841195546e-05,3,1269,train,"-73.9211444834,18.3320060469,-73.9096460477,18.3435044826"
1115,-73.91539526554362,18.406745878568476,-73.9038968299069,18.418244314205207,8.983152841189951e-05,-8.983152841195546e-05,3,1269,train,"-73.9153952655,18.4067458786,-73.9038968299,18.4182443142"
1116,-73.91539526554362,18.40099666075011,-73.9038968299069,18.41249509638684,8.983152841189951e-05,-8.983152841195546e-05,3,1269,train,"-73.9153952655,18.4009966608,-73.9038968299,18.4124950964"
1117,-73.91539526554362,18.395247442931744,-73.9038968299069,18.406745878568476,8.983152841189951e-05,-8.983152841195546e-05,3,1269,train,"-73.9153952655,18.3952474429,-73.9038968299,18.4067458786"
1118,-73.91539526554362,18.389498225113382,-73.9038968299069,18.40099666075011,8.983152841189951e-05,-8.983152841192748e-05,3,1269,train,"-73.9153952655,18.3894982251,-73.9038968299,18.4009966608"
1119,-73.91539526554362,18.383749007295016,-73.9038968299069,18.395247442931748,8.983152841189951e-05,-8.983152841195546e-05,3,1269,train,"-73.9153952655,18.3837490073,-73.9038968299,18.3952474429"
1120,-73.91539526554362,18.37799978947665,-73.9038968299069,18.389498225113382,8.983152841189951e-05,-8.983152841195546e-05,3,1269,train,"-73.9153952655,18.3779997895,-73.9038968299,18.3894982251"
1121,-73.91539526554362,18.372250571658284,-73.9038968299069,18.383749007295016,8.983152841189951e-05,-8.983152841195546e-05,3,1269,train,"-73.9153952655,18.3722505717,-73.9038968299,18.3837490073"
1122,-73.91539526554362,18.36650135383992,-73.9038968299069,18.37799978947665,8.983152841189951e-05,-8.983152841195546e-05,3,1269,train,"-73.9153952655,18.3665013538,-73.9038968299,18.3779997895"
1123,-73.91539526554362,18.360752136021556,-73.9038968299069,18.372250571658288,8.983152841189951e-05,-8.983152841195546e-05,3,1269,train,"-73.9153952655,18.3607521360,-73.9038968299,18.3722505717"
1124,-73.91539526554362,18.35500291820319,-73.9038968299069,18.366501353839922,8.983152841189951e-05,-8.983152841195546e-05,3,1269,train,"-73.9153952655,18.3550029182,-73.9038968299,18.3665013538"
1125,-73.91539526554362,18.349253700384825,-73.9038968299069,18.360752136021556,8.983152841189951e-05,-8.983152841195546e-05,3,1269,train,"-73.9153952655,18.3492537004,-73.9038968299,18.3607521360"
1126,-73.91539526554362,18.34350448256646,-73.9038968299069,18.35500291820319,8.983152841189951e-05,-8.983152841195546e-05,3,1269,train,"-73.9153952655,18.3435044826,-73.9038968299,18.3550029182"
1127,-73.91539526554362,18.337755264748097,-73.9038968299069,18.34925370038483,8.983152841189951e-05,-8.983152841195546e-05,3,1269,train,"-73.9153952655,18.3377552647,-73.9038968299,18.3492537004"
1128,-73.91539526554362,18.33200604692973,-73.9038968299069,18.343504482566463,8.983152841189951e-05,-8.983152841195546e-05,3,1269,train,"-73.9153952655,18.3320060469,-73.9038968299,18.3435044826"
1129,-73.91539526554362,18.326256829111365,-73.9038968299069,18.337755264748097,8.983152841189951e-05,-8.983152841195546e-05,3,1269,train,"-73.9153952655,18.3262568291,-73.9038968299,18.3377552647"
1130,-73.90964604772526,18.42399353202357,-73.89814761208852,18.4354919676603,8.98315284120114e-05,-8.983152841195546e-05,3,1269,train,"-73.9096460477,18.4239935320,-73.8981476121,18.4354919677"
1131,-73.90964604772526,18.418244314205204,-73.89814761208852,18.429742749841935,8.98315284120114e-05,-8.983152841195546e-05,3,1269,train,"-73.9096460477,18.4182443142,-73.8981476121,18.4297427498"
1132,-73.90964604772526,18.41249509638684,-73.89814761208852,18.42399353202357,8.98315284120114e-05,-8.983152841192748e-05,3,1269,train,"-73.9096460477,18.4124950964,-73.8981476121,18.4239935320"
1133,-73.90964604772526,18.406745878568476,-73.89814761208852,18.418244314205207,8.98315284120114e-05,-8.983152841195546e-05,3,1269,train,"-73.9096460477,18.4067458786,-73.8981476121,18.4182443142"
1134,-73.90964604772526,18.40099666075011,-73.89814761208852,18.41249509638684,8.98315284120114e-05,-8.983152841195546e-05,3,1269,train,"-73.9096460477,18.4009966608,-73.8981476121,18.4124950964"
1135,-73.90964604772526,18.383749007295016,-73.89814761208852,18.395247442931748,8.98315284120114e-05,-8.983152841195546e-05,3,1269,train,"-73.9096460477,18.3837490073,-73.8981476121,18.3952474429"
1136,-73.90964604772526,18.37799978947665,-73.89814761208852,18.389498225113382,8.98315284120114e-05,-8.983152841195546e-05,3,1269,train,"-73.9096460477,18.3779997895,-73.8981476121,18.3894982251"
1137,-73.90964604772526,18.372250571658284,-73.89814761208852,18.383749007295016,8.98315284120114e-05,-8.983152841195546e-05,3,1269,train,"-73.9096460477,18.3722505717,-73.8981476121,18.3837490073"
1138,-73.90964604772526,18.36650135383992,-73.89814761208852,18.37799978947665,8.98315284120114e-05,-8.983152841195546e-05,3,1269,train,"-73.9096460477,18.3665013538,-73.8981476121,18.3779997895"
1139,-73.90964604772526,18.360752136021556,-73.89814761208852,18.372250571658288,8.98315284120114e-05,-8.983152841195546e-05,3,1269,train,"-73.9096460477,18.3607521360,-73.8981476121,18.3722505717"
1140,-73.90964604772526,18.35500291820319,-73.89814761208852,18.366501353839922,8.98315284120114e-05,-8.983152841195546e-05,3,1269,train,"-73.9096460477,18.3550029182,-73.8981476121,18.3665013538"
1141,-73.90964604772526,18.349253700384825,-73.89814761208852,18.360752136021556,8.98315284120114e-05,-8.983152841195546e-05,3,1269,train,"-73.9096460477,18.3492537004,-73.8981476121,18.3607521360"
1142,-73.90964604772526,18.34350448256646,-73.89814761208852,18.35500291820319,8.98315284120114e-05,-8.983152841195546e-05,3,1269,train,"-73.9096460477,18.3435044826,-73.8981476121,18.3550029182"
1143,-73.90964604772526,18.337755264748097,-73.89814761208852,18.34925370038483,8.98315284120114e-05,-8.983152841195546e-05,3,1269,train,"-73.9096460477,18.3377552647,-73.8981476121,18.3492537004"
1144,-73.90964604772526,18.33200604692973,-73.89814761208852,18.343504482566463,8.98315284120114e-05,-8.983152841195546e-05,3,1269,train,"-73.9096460477,18.3320060469,-73.8981476121,18.3435044826"
1145,-73.90964604772526,18.326256829111365,-73.89814761208852,18.337755264748097,8.98315284120114e-05,-8.983152841195546e-05,3,1269,train,"-73.9096460477,18.3262568291,-73.8981476121,18.3377552647"
1146,-73.90964604772526,18.320507611293,-73.89814761208852,18.33200604692973,8.98315284120114e-05,-8.983152841195546e-05,3,1269,train,"-73.9096460477,18.3205076113,-73.8981476121,18.3320060469"
1147,-73.9038968299069,18.42399353202357,-73.89239839427016,18.4354919676603,8.98315284120114e-05,-8.983152841195546e-05,3,1269,train,"-73.9038968299,18.4239935320,-73.8923983943,18.4354919677"
1148,-73.9038968299069,18.418244314205204,-73.89239839427016,18.429742749841935,8.98315284120114e-05,-8.983152841195546e-05,3,1269,train,"-73.9038968299,18.4182443142,-73.8923983943,18.4297427498"
1149,-73.9038968299069,18.383749007295016,-73.89239839427016,18.395247442931748,8.98315284120114e-05,-8.983152841195546e-05,3,1269,train,"-73.9038968299,18.3837490073,-73.8923983943,18.3952474429"
1150,-73.9038968299069,18.372250571658284,-73.89239839427016,18.383749007295016,8.98315284120114e-05,-8.983152841195546e-05,3,1269,train,"-73.9038968299,18.3722505717,-73.8923983943,18.3837490073"
1151,-73.9038968299069,18.36650135383992,-73.89239839427016,18.37799978947665,8.98315284120114e-05,-8.983152841195546e-05,3,1269,train,"-73.9038968299,18.3665013538,-73.8923983943,18.3779997895"
1152,-73.9038968299069,18.360752136021556,-73.89239839427016,18.372250571658288,8.98315284120114e-05,-8.983152841195546e-05,3,1269,train,"-73.9038968299,18.3607521360,-73.8923983943,18.3722505717"
1153,-73.9038968299069,18.35500291820319,-73.89239839427016,18.366501353839922,8.98315284120114e-05,-8.983152841195546e-05,3,1269,train,"-73.9038968299,18.3550029182,-73.8923983943,18.3665013538"
1154,-73.9038968299069,18.349253700384825,-73.89239839427016,18.360752136021556,8.98315284120114e-05,-8.983152841195546e-05,3,1269,train,"-73.9038968299,18.3492537004,-73.8923983943,18.3607521360"
1155,-73.9038968299069,18.34350448256646,-73.89239839427016,18.35500291820319,8.98315284120114e-05,-8.983152841195546e-05,3,1269,train,"-73.9038968299,18.3435044826,-73.8923983943,18.3550029182"
1156,-73.9038968299069,18.337755264748097,-73.89239839427016,18.34925370038483,8.98315284120114e-05,-8.983152841195546e-05,3,1269,train,"-73.9038968299,18.3377552647,-73.8923983943,18.3492537004"
1157,-73.9038968299069,18.326256829111365,-73.89239839427016,18.337755264748097,8.98315284120114e-05,-8.983152841195546e-05,3,1269,train,"-73.9038968299,18.3262568291,-73.8923983943,18.3377552647"
1158,-73.9038968299069,18.320507611293,-73.89239839427016,18.33200604692973,8.98315284120114e-05,-8.983152841195546e-05,3,1269,train,"-73.9038968299,18.3205076113,-73.8923983943,18.3320060469"
1159,-73.89814761208854,18.40099666075011,-73.8866491764518,18.41249509638684,8.98315284120114e-05,-8.983152841195546e-05,3,1269,train,"-73.8981476121,18.4009966608,-73.8866491765,18.4124950964"
1160,-73.89814761208854,18.395247442931744,-73.8866491764518,18.406745878568476,8.98315284120114e-05,-8.983152841195546e-05,3,1269,train,"-73.8981476121,18.3952474429,-73.8866491765,18.4067458786"
1161,-73.89814761208854,18.389498225113382,-73.8866491764518,18.40099666075011,8.98315284120114e-05,-8.983152841192748e-05,3,1269,train,"-73.8981476121,18.3894982251,-73.8866491765,18.4009966608"
1162,-73.89814761208854,18.372250571658284,-73.8866491764518,18.383749007295016,8.98315284120114e-05,-8.983152841195546e-05,3,1269,train,"-73.8981476121,18.3722505717,-73.8866491765,18.3837490073"
1163,-73.89814761208854,18.36650135383992,-73.8866491764518,18.37799978947665,8.98315284120114e-05,-8.983152841195546e-05,3,1269,train,"-73.8981476121,18.3665013538,-73.8866491765,18.3779997895"
1164,-73.89814761208854,18.360752136021556,-73.8866491764518,18.372250571658288,8.98315284120114e-05,-8.983152841195546e-05,3,1269,train,"-73.8981476121,18.3607521360,-73.8866491765,18.3722505717"
1165,-73.89814761208854,18.35500291820319,-73.8866491764518,18.366501353839922,8.98315284120114e-05,-8.983152841195546e-05,3,1269,train,"-73.8981476121,18.3550029182,-73.8866491765,18.3665013538"
1166,-73.89814761208854,18.349253700384825,-73.8866491764518,18.360752136021556,8.98315284120114e-05,-8.983152841195546e-05,3,1269,train,"-73.8981476121,18.3492537004,-73.8866491765,18.3607521360"
1167,-73.89814761208854,18.326256829111365,-73.8866491764518,18.337755264748097,8.98315284120114e-05,-8.983152841195546e-05,3,1269,train,"-73.8981476121,18.3262568291,-73.8866491765,18.3377552647"
1168,-73.89239839427016,18.40099666075011,-73.88089995863344,18.41249509638684,8.983152841189951e-05,-8.983152841195546e-05,3,1269,train,"-73.8923983943,18.4009966608,-73.8808999586,18.4124950964"
1169,-73.89239839427016,18.395247442931744,-73.88089995863344,18.406745878568476,8.983152841189951e-05,-8.983152841195546e-05,3,1269,train,"-73.8923983943,18.3952474429,-73.8808999586,18.4067458786"
1170,-73.89239839427016,18.389498225113382,-73.88089995863344,18.40099666075011,8.983152841189951e-05,-8.983152841192748e-05,3,1269,train,"-73.8923983943,18.3894982251,-73.8808999586,18.4009966608"
1171,-73.89239839427016,18.372250571658284,-73.88089995863344,18.383749007295016,8.983152841189951e-05,-8.983152841195546e-05,3,1269,train,"-73.8923983943,18.3722505717,-73.8808999586,18.3837490073"
1172,-73.89239839427016,18.36650135383992,-73.88089995863344,18.37799978947665,8.983152841189951e-05,-8.983152841195546e-05,3,1269,train,"-73.8923983943,18.3665013538,-73.8808999586,18.3779997895"
1173,-73.89239839427016,18.360752136021556,-73.88089995863344,18.372250571658288,8.983152841189951e-05,-8.983152841195546e-05,3,1269,train,"-73.8923983943,18.3607521360,-73.8808999586,18.3722505717"
1174,-73.89239839427016,18.35500291820319,-73.88089995863344,18.366501353839922,8.983152841189951e-05,-8.983152841195546e-05,3,1269,train,"-73.8923983943,18.3550029182,-73.8808999586,18.3665013538"
1175,-73.89239839427016,18.349253700384825,-73.88089995863344,18.360752136021556,8.983152841189951e-05,-8.983152841195546e-05,3,1269,train,"-73.8923983943,18.3492537004,-73.8808999586,18.3607521360"
1176,-73.8866491764518,18.40099666075011,-73.87515074081507,18.41249509638684,8.983152841189951e-05,-8.983152841195546e-05,3,1269,train,"-73.8866491765,18.4009966608,-73.8751507408,18.4124950964"
1177,-73.8866491764518,18.395247442931744,-73.87515074081507,18.406745878568476,8.983152841189951e-05,-8.983152841195546e-05,3,1269,train,"-73.8866491765,18.3952474429,-73.8751507408,18.4067458786"
1178,-73.8866491764518,18.372250571658284,-73.87515074081507,18.383749007295016,8.983152841189951e-05,-8.983152841195546e-05,3,1269,train,"-73.8866491765,18.3722505717,-73.8751507408,18.3837490073"
1179,-73.8866491764518,18.36650135383992,-73.87515074081507,18.37799978947665,8.983152841189951e-05,-8.983152841195546e-05,3,1269,train,"-73.8866491765,18.3665013538,-73.8751507408,18.3779997895"
1180,-73.8866491764518,18.360752136021556,-73.87515074081507,18.372250571658288,8.983152841189951e-05,-8.983152841195546e-05,3,1269,train,"-73.8866491765,18.3607521360,-73.8751507408,18.3722505717"
1181,-73.8866491764518,18.35500291820319,-73.87515074081507,18.366501353839922,8.983152841189951e-05,-8.983152841195546e-05,3,1269,train,"-73.8866491765,18.3550029182,-73.8751507408,18.3665013538"
1182,-73.8866491764518,18.349253700384825,-73.87515074081507,18.360752136021556,8.983152841189951e-05,-8.983152841195546e-05,3,1269,train,"-73.8866491765,18.3492537004,-73.8751507408,18.3607521360"
1183,-73.8866491764518,18.34350448256646,-73.87515074081507,18.35500291820319,8.983152841189951e-05,-8.983152841195546e-05,3,1269,train,"-73.8866491765,18.3435044826,-73.8751507408,18.3550029182"
1184,-73.88089995863344,18.40099666075011,-73.86940152299671,18.41249509638684,8.983152841189951e-05,-8.983152841195546e-05,3,1269,train,"-73.8808999586,18.4009966608,-73.8694015230,18.4124950964"
1185,-73.88089995863344,18.383749007295016,-73.86940152299671,18.395247442931748,8.983152841189951e-05,-8.983152841195546e-05,3,1269,train,"-73.8808999586,18.3837490073,-73.8694015230,18.3952474429"
1186,-73.88089995863344,18.37799978947665,-73.86940152299671,18.389498225113382,8.983152841189951e-05,-8.983152841195546e-05,3,1269,train,"-73.8808999586,18.3779997895,-73.8694015230,18.3894982251"
1187,-73.88089995863344,18.372250571658284,-73.86940152299671,18.383749007295016,8.983152841189951e-05,-8.983152841195546e-05,3,1269,train,"-73.8808999586,18.3722505717,-73.8694015230,18.3837490073"
1188,-73.88089995863344,18.36650135383992,-73.86940152299671,18.37799978947665,8.983152841189951e-05,-8.983152841195546e-05,3,1269,train,"-73.8808999586,18.3665013538,-73.8694015230,18.3779997895"
1189,-73.88089995863344,18.360752136021556,-73.86940152299671,18.372250571658288,8.983152841189951e-05,-8.983152841195546e-05,3,1269,train,"-73.8808999586,18.3607521360,-73.8694015230,18.3722505717"
1190,-73.88089995863344,18.35500291820319,-73.86940152299671,18.366501353839922,8.983152841189951e-05,-8.983152841195546e-05,3,1269,train,"-73.8808999586,18.3550029182,-73.8694015230,18.3665013538"
1191,-73.88089995863344,18.349253700384825,-73.86940152299671,18.360752136021556,8.983152841189951e-05,-8.983152841195546e-05,3,1269,train,"-73.8808999586,18.3492537004,-73.8694015230,18.3607521360"
1192,-73.88089995863344,18.34350448256646,-73.86940152299671,18.35500291820319,8.983152841189951e-05,-8.983152841195546e-05,3,1269,train,"-73.8808999586,18.3435044826,-73.8694015230,18.3550029182"
1193,-73.88089995863344,18.337755264748097,-73.86940152299671,18.34925370038483,8.983152841189951e-05,-8.983152841195546e-05,3,1269,train,"-73.8808999586,18.3377552647,-73.8694015230,18.3492537004"
1194,-73.88089995863344,18.33200604692973,-73.86940152299671,18.343504482566463,8.983152841189951e-05,-8.983152841195546e-05,3,1269,train,"-73.8808999586,18.3320060469,-73.8694015230,18.3435044826"
1195,-73.88089995863344,18.326256829111365,-73.86940152299671,18.337755264748097,8.983152841189951e-05,-8.983152841195546e-05,3,1269,train,"-73.8808999586,18.3262568291,-73.8694015230,18.3377552647"
1196,-73.87515074081507,18.429742749841935,-73.86365230517833,18.441241185478667,8.98315284120114e-05,-8.983152841195546e-05,3,1269,train,"-73.8751507408,18.4297427498,-73.8636523052,18.4412411855"
1197,-73.87515074081507,18.42399353202357,-73.86365230517833,18.4354919676603,8.98315284120114e-05,-8.983152841195546e-05,3,1269,train,"-73.8751507408,18.4239935320,-73.8636523052,18.4354919677"
1198,-73.87515074081507,18.383749007295016,-73.86365230517833,18.395247442931748,8.98315284120114e-05,-8.983152841195546e-05,3,1269,train,"-73.8751507408,18.3837490073,-73.8636523052,18.3952474429"
1199,-73.87515074081507,18.37799978947665,-73.86365230517833,18.389498225113382,8.98315284120114e-05,-8.983152841195546e-05,3,1269,train,"-73.8751507408,18.3779997895,-73.8636523052,18.3894982251"
1200,-73.87515074081507,18.372250571658284,-73.86365230517833,18.383749007295016,8.98315284120114e-05,-8.983152841195546e-05,3,1269,train,"-73.8751507408,18.3722505717,-73.8636523052,18.3837490073"
1201,-73.87515074081507,18.36650135383992,-73.86365230517833,18.37799978947665,8.98315284120114e-05,-8.983152841195546e-05,3,1269,train,"-73.8751507408,18.3665013538,-73.8636523052,18.3779997895"
1202,-73.87515074081507,18.35500291820319,-73.86365230517833,18.366501353839922,8.98315284120114e-05,-8.983152841195546e-05,3,1269,train,"-73.8751507408,18.3550029182,-73.8636523052,18.3665013538"
1203,-73.87515074081507,18.349253700384825,-73.86365230517833,18.360752136021556,8.98315284120114e-05,-8.983152841195546e-05,3,1269,train,"-73.8751507408,18.3492537004,-73.8636523052,18.3607521360"
1204,-73.87515074081507,18.337755264748097,-73.86365230517833,18.34925370038483,8.98315284120114e-05,-8.983152841195546e-05,3,1269,train,"-73.8751507408,18.3377552647,-73.8636523052,18.3492537004"
1205,-73.87515074081507,18.33200604692973,-73.86365230517833,18.343504482566463,8.98315284120114e-05,-8.983152841195546e-05,3,1269,train,"-73.8751507408,18.3320060469,-73.8636523052,18.3435044826"
1206,-73.87515074081507,18.326256829111365,-73.86365230517833,18.337755264748097,8.98315284120114e-05,-8.983152841195546e-05,3,1269,train,"-73.8751507408,18.3262568291,-73.8636523052,18.3377552647"
1207,-73.87515074081507,18.314758393474637,-73.86365230517833,18.32625682911137,8.98315284120114e-05,-8.983152841195546e-05,20,4,test,"-73.8751507408,18.3147583935,-73.8636523052,18.3262568291"
1208,-73.87515074081507,18.30900917565627,-73.86365230517833,18.320507611293003,8.98315284120114e-05,-8.983152841195546e-05,20,4,test,"-73.8751507408,18.3090091757,-73.8636523052,18.3205076113"
1209,-73.87515074081507,18.303259957837906,-73.86365230517833,18.314758393474637,8.98315284120114e-05,-8.983152841195546e-05,20,4,test,"-73.8751507408,18.3032599578,-73.8636523052,18.3147583935"
1210,-73.86940152299671,18.4354919676603,-73.85790308735997,18.44699040329703,8.98315284120114e-05,-8.983152841192748e-05,3,1269,train,"-73.8694015230,18.4354919677,-73.8579030874,18.4469904033"
1211,-73.86940152299671,18.429742749841935,-73.85790308735997,18.441241185478667,8.98315284120114e-05,-8.983152841195546e-05,3,1269,train,"-73.8694015230,18.4297427498,-73.8579030874,18.4412411855"
1212,-73.86940152299671,18.42399353202357,-73.85790308735997,18.4354919676603,8.98315284120114e-05,-8.983152841195546e-05,3,1269,train,"-73.8694015230,18.4239935320,-73.8579030874,18.4354919677"
1213,-73.86940152299671,18.418244314205204,-73.85790308735997,18.429742749841935,8.98315284120114e-05,-8.983152841195546e-05,3,1269,train,"-73.8694015230,18.4182443142,-73.8579030874,18.4297427498"
1214,-73.86940152299671,18.40099666075011,-73.85790308735997,18.41249509638684,8.98315284120114e-05,-8.983152841195546e-05,3,1269,train,"-73.8694015230,18.4009966608,-73.8579030874,18.4124950964"
1215,-73.86940152299671,18.395247442931744,-73.85790308735997,18.406745878568476,8.98315284120114e-05,-8.983152841195546e-05,3,1269,train,"-73.8694015230,18.3952474429,-73.8579030874,18.4067458786"
1216,-73.86940152299671,18.383749007295016,-73.85790308735997,18.395247442931748,8.98315284120114e-05,-8.983152841195546e-05,3,1269,train,"-73.8694015230,18.3837490073,-73.8579030874,18.3952474429"
1217,-73.86940152299671,18.37799978947665,-73.85790308735997,18.389498225113382,8.98315284120114e-05,-8.983152841195546e-05,3,1269,train,"-73.8694015230,18.3779997895,-73.8579030874,18.3894982251"
1218,-73.86940152299671,18.372250571658284,-73.85790308735997,18.383749007295016,8.98315284120114e-05,-8.983152841195546e-05,3,1269,train,"-73.8694015230,18.3722505717,-73.8579030874,18.3837490073"
1219,-73.86940152299671,18.36650135383992,-73.85790308735997,18.37799978947665,8.98315284120114e-05,-8.983152841195546e-05,3,1269,train,"-73.8694015230,18.3665013538,-73.8579030874,18.3779997895"
1220,-73.86940152299671,18.337755264748097,-73.85790308735997,18.34925370038483,8.98315284120114e-05,-8.983152841195546e-05,3,1269,train,"-73.8694015230,18.3377552647,-73.8579030874,18.3492537004"
1221,-73.86940152299671,18.30900917565627,-73.85790308735997,18.320507611293003,8.98315284120114e-05,-8.983152841195546e-05,20,4,test,"-73.8694015230,18.3090091757,-73.8579030874,18.3205076113"
1222,-73.86365230517833,18.4354919676603,-73.85215386954161,18.44699040329703,8.983152841189951e-05,-8.983152841192748e-05,3,1269,train,"-73.8636523052,18.4354919677,-73.8521538695,18.4469904033"
1223,-73.86365230517833,18.429742749841935,-73.85215386954161,18.441241185478667,8.983152841189951e-05,-8.983152841195546e-05,3,1269,train,"-73.8636523052,18.4297427498,-73.8521538695,18.4412411855"
1224,-73.86365230517833,18.42399353202357,-73.85215386954161,18.4354919676603,8.983152841189951e-05,-8.983152841195546e-05,3,1269,train,"-73.8636523052,18.4239935320,-73.8521538695,18.4354919677"
1225,-73.86365230517833,18.418244314205204,-73.85215386954161,18.429742749841935,8.983152841189951e-05,-8.983152841195546e-05,3,1269,train,"-73.8636523052,18.4182443142,-73.8521538695,18.4297427498"
1226,-73.86365230517833,18.41249509638684,-73.85215386954161,18.42399353202357,8.983152841189951e-05,-8.983152841192748e-05,3,1269,train,"-73.8636523052,18.4124950964,-73.8521538695,18.4239935320"
1227,-73.86365230517833,18.406745878568476,-73.85215386954161,18.418244314205207,8.983152841189951e-05,-8.983152841195546e-05,3,1269,train,"-73.8636523052,18.4067458786,-73.8521538695,18.4182443142"
1228,-73.86365230517833,18.40099666075011,-73.85215386954161,18.41249509638684,8.983152841189951e-05,-8.983152841195546e-05,3,1269,train,"-73.8636523052,18.4009966608,-73.8521538695,18.4124950964"
1229,-73.86365230517833,18.395247442931744,-73.85215386954161,18.406745878568476,8.983152841189951e-05,-8.983152841195546e-05,3,1269,train,"-73.8636523052,18.3952474429,-73.8521538695,18.4067458786"
1230,-73.86365230517833,18.383749007295016,-73.85215386954161,18.395247442931748,8.983152841189951e-05,-8.983152841195546e-05,3,1269,train,"-73.8636523052,18.3837490073,-73.8521538695,18.3952474429"
1231,-73.86365230517833,18.37799978947665,-73.85215386954161,18.389498225113382,8.983152841189951e-05,-8.983152841195546e-05,3,1269,train,"-73.8636523052,18.3779997895,-73.8521538695,18.3894982251"
1232,-73.86365230517833,18.372250571658284,-73.85215386954161,18.383749007295016,8.983152841189951e-05,-8.983152841195546e-05,3,1269,train,"-73.8636523052,18.3722505717,-73.8521538695,18.3837490073"
1233,-73.86365230517833,18.36650135383992,-73.85215386954161,18.37799978947665,8.983152841189951e-05,-8.983152841195546e-05,3,1269,train,"-73.8636523052,18.3665013538,-73.8521538695,18.3779997895"
1234,-73.85790308735997,18.429742749841935,-73.84640465172325,18.441241185478667,8.983152841189951e-05,-8.983152841195546e-05,3,1269,train,"-73.8579030874,18.4297427498,-73.8464046517,18.4412411855"
1235,-73.85790308735997,18.42399353202357,-73.84640465172325,18.4354919676603,8.983152841189951e-05,-8.983152841195546e-05,3,1269,train,"-73.8579030874,18.4239935320,-73.8464046517,18.4354919677"
1236,-73.85790308735997,18.418244314205204,-73.84640465172325,18.429742749841935,8.983152841189951e-05,-8.983152841195546e-05,3,1269,train,"-73.8579030874,18.4182443142,-73.8464046517,18.4297427498"
1237,-73.85790308735997,18.41249509638684,-73.84640465172325,18.42399353202357,8.983152841189951e-05,-8.983152841192748e-05,3,1269,train,"-73.8579030874,18.4124950964,-73.8464046517,18.4239935320"
1238,-73.85790308735997,18.406745878568476,-73.84640465172325,18.418244314205207,8.983152841189951e-05,-8.983152841195546e-05,3,1269,train,"-73.8579030874,18.4067458786,-73.8464046517,18.4182443142"
1239,-73.85790308735997,18.40099666075011,-73.84640465172325,18.41249509638684,8.983152841189951e-05,-8.983152841195546e-05,3,1269,train,"-73.8579030874,18.4009966608,-73.8464046517,18.4124950964"
1240,-73.85790308735997,18.395247442931744,-73.84640465172325,18.406745878568476,8.983152841189951e-05,-8.983152841195546e-05,3,1269,train,"-73.8579030874,18.3952474429,-73.8464046517,18.4067458786"
1241,-73.85790308735997,18.389498225113382,-73.84640465172325,18.40099666075011,8.983152841189951e-05,-8.983152841192748e-05,3,1269,train,"-73.8579030874,18.3894982251,-73.8464046517,18.4009966608"
1242,-73.85790308735997,18.383749007295016,-73.84640465172325,18.395247442931748,8.983152841189951e-05,-8.983152841195546e-05,3,1269,train,"-73.8579030874,18.3837490073,-73.8464046517,18.3952474429"
1243,-73.85790308735997,18.37799978947665,-73.84640465172325,18.389498225113382,8.983152841189951e-05,-8.983152841195546e-05,3,1269,train,"-73.8579030874,18.3779997895,-73.8464046517,18.3894982251"
1244,-73.85790308735997,18.372250571658284,-73.84640465172325,18.383749007295016,8.983152841189951e-05,-8.983152841195546e-05,3,1269,train,"-73.8579030874,18.3722505717,-73.8464046517,18.3837490073"
1245,-73.85790308735997,18.36650135383992,-73.84640465172325,18.37799978947665,8.983152841189951e-05,-8.983152841195546e-05,3,1269,train,"-73.8579030874,18.3665013538,-73.8464046517,18.3779997895"
1246,-73.85790308735997,18.33200604692973,-73.84640465172325,18.343504482566463,8.983152841189951e-05,-8.983152841195546e-05,21,1,test,"-73.8579030874,18.3320060469,-73.8464046517,18.3435044826"
1247,-73.85215386954161,18.4354919676603,-73.84065543390489,18.44699040329703,8.983152841189951e-05,-8.983152841192748e-05,3,1269,train,"-73.8521538695,18.4354919677,-73.8406554339,18.4469904033"
1248,-73.85215386954161,18.429742749841935,-73.84065543390489,18.441241185478667,8.983152841189951e-05,-8.983152841195546e-05,3,1269,train,"-73.8521538695,18.4297427498,-73.8406554339,18.4412411855"
1249,-73.85215386954161,18.42399353202357,-73.84065543390489,18.4354919676603,8.983152841189951e-05,-8.983152841195546e-05,3,1269,train,"-73.8521538695,18.4239935320,-73.8406554339,18.4354919677"
1250,-73.85215386954161,18.418244314205204,-73.84065543390489,18.429742749841935,8.983152841189951e-05,-8.983152841195546e-05,3,1269,train,"-73.8521538695,18.4182443142,-73.8406554339,18.4297427498"
1251,-73.85215386954161,18.40099666075011,-73.84065543390489,18.41249509638684,8.983152841189951e-05,-8.983152841195546e-05,3,1269,train,"-73.8521538695,18.4009966608,-73.8406554339,18.4124950964"
1252,-73.85215386954161,18.395247442931744,-73.84065543390489,18.406745878568476,8.983152841189951e-05,-8.983152841195546e-05,3,1269,train,"-73.8521538695,18.3952474429,-73.8406554339,18.4067458786"
1253,-73.85215386954161,18.389498225113382,-73.84065543390489,18.40099666075011,8.983152841189951e-05,-8.983152841192748e-05,3,1269,train,"-73.8521538695,18.3894982251,-73.8406554339,18.4009966608"
1254,-73.85215386954161,18.383749007295016,-73.84065543390489,18.395247442931748,8.983152841189951e-05,-8.983152841195546e-05,3,1269,train,"-73.8521538695,18.3837490073,-73.8406554339,18.3952474429"
1255,-73.85215386954161,18.37799978947665,-73.84065543390489,18.389498225113382,8.983152841189951e-05,-8.983152841195546e-05,3,1269,train,"-73.8521538695,18.3779997895,-73.8406554339,18.3894982251"
1256,-73.85215386954161,18.372250571658284,-73.84065543390489,18.383749007295016,8.983152841189951e-05,-8.983152841195546e-05,3,1269,train,"-73.8521538695,18.3722505717,-73.8406554339,18.3837490073"
1257,-73.85215386954161,18.36650135383992,-73.84065543390489,18.37799978947665,8.983152841189951e-05,-8.983152841195546e-05,3,1269,train,"-73.8521538695,18.3665013538,-73.8406554339,18.3779997895"
1258,-73.84640465172325,18.4354919676603,-73.83490621608651,18.44699040329703,8.98315284120114e-05,-8.983152841192748e-05,3,1269,train,"-73.8464046517,18.4354919677,-73.8349062161,18.4469904033"
1259,-73.84640465172325,18.429742749841935,-73.83490621608651,18.441241185478667,8.98315284120114e-05,-8.983152841195546e-05,3,1269,train,"-73.8464046517,18.4297427498,-73.8349062161,18.4412411855"
1260,-73.84640465172325,18.42399353202357,-73.83490621608651,18.4354919676603,8.98315284120114e-05,-8.983152841195546e-05,3,1269,train,"-73.8464046517,18.4239935320,-73.8349062161,18.4354919677"
1261,-73.84640465172325,18.418244314205204,-73.83490621608651,18.429742749841935,8.98315284120114e-05,-8.983152841195546e-05,3,1269,train,"-73.8464046517,18.4182443142,-73.8349062161,18.4297427498"
1262,-73.84640465172325,18.40099666075011,-73.83490621608651,18.41249509638684,8.98315284120114e-05,-8.983152841195546e-05,3,1269,train,"-73.8464046517,18.4009966608,-73.8349062161,18.4124950964"
1263,-73.84640465172325,18.395247442931744,-73.83490621608651,18.406745878568476,8.98315284120114e-05,-8.983152841195546e-05,3,1269,train,"-73.8464046517,18.3952474429,-73.8349062161,18.4067458786"
1264,-73.84640465172325,18.389498225113382,-73.83490621608651,18.40099666075011,8.98315284120114e-05,-8.983152841192748e-05,3,1269,train,"-73.8464046517,18.3894982251,-73.8349062161,18.4009966608"
1265,-73.84640465172325,18.383749007295016,-73.83490621608651,18.395247442931748,8.98315284120114e-05,-8.983152841195546e-05,3,1269,train,"-73.8464046517,18.3837490073,-73.8349062161,18.3952474429"
1266,-73.84640465172325,18.37799978947665,-73.83490621608651,18.389498225113382,8.98315284120114e-05,-8.983152841195546e-05,3,1269,train,"-73.8464046517,18.3779997895,-73.8349062161,18.3894982251"
1267,-73.84640465172325,18.372250571658284,-73.83490621608651,18.383749007295016,8.98315284120114e-05,-8.983152841195546e-05,3,1269,train,"-73.8464046517,18.3722505717,-73.8349062161,18.3837490073"
1268,-73.84640465172325,18.36650135383992,-73.83490621608651,18.37799978947665,8.98315284120114e-05,-8.983152841195546e-05,3,1269,train,"-73.8464046517,18.3665013538,-73.8349062161,18.3779997895"
1269,-73.84640465172325,18.360752136021556,-73.83490621608651,18.372250571658288,8.98315284120114e-05,-8.983152841195546e-05,3,1269,train,"-73.8464046517,18.3607521360,-73.8349062161,18.3722505717"
1270,-73.84640465172325,18.35500291820319,-73.83490621608651,18.366501353839922,8.98315284120114e-05,-8.983152841195546e-05,3,1269,train,"-73.8464046517,18.3550029182,-73.8349062161,18.3665013538"
1271,-73.84065543390489,18.4354919676603,-73.82915699826815,18.44699040329703,8.98315284120114e-05,-8.983152841192748e-05,3,1269,train,"-73.8406554339,18.4354919677,-73.8291569983,18.4469904033"
1272,-73.84065543390489,18.429742749841935,-73.82915699826815,18.441241185478667,8.98315284120114e-05,-8.983152841195546e-05,3,1269,train,"-73.8406554339,18.4297427498,-73.8291569983,18.4412411855"
1273,-73.84065543390489,18.42399353202357,-73.82915699826815,18.4354919676603,8.98315284120114e-05,-8.983152841195546e-05,3,1269,train,"-73.8406554339,18.4239935320,-73.8291569983,18.4354919677"
1274,-73.84065543390489,18.418244314205204,-73.82915699826815,18.429742749841935,8.98315284120114e-05,-8.983152841195546e-05,3,1269,train,"-73.8406554339,18.4182443142,-73.8291569983,18.4297427498"
1275,-73.84065543390489,18.40099666075011,-73.82915699826815,18.41249509638684,8.98315284120114e-05,-8.983152841195546e-05,3,1269,train,"-73.8406554339,18.4009966608,-73.8291569983,18.4124950964"
1276,-73.84065543390489,18.395247442931744,-73.82915699826815,18.406745878568476,8.98315284120114e-05,-8.983152841195546e-05,3,1269,train,"-73.8406554339,18.3952474429,-73.8291569983,18.4067458786"
1277,-73.84065543390489,18.389498225113382,-73.82915699826815,18.40099666075011,8.98315284120114e-05,-8.983152841192748e-05,3,1269,train,"-73.8406554339,18.3894982251,-73.8291569983,18.4009966608"
1278,-73.84065543390489,18.383749007295016,-73.82915699826815,18.395247442931748,8.98315284120114e-05,-8.983152841195546e-05,3,1269,train,"-73.8406554339,18.3837490073,-73.8291569983,18.3952474429"
1279,-73.84065543390489,18.37799978947665,-73.82915699826815,18.389498225113382,8.98315284120114e-05,-8.983152841195546e-05,3,1269,train,"-73.8406554339,18.3779997895,-73.8291569983,18.3894982251"
1280,-73.84065543390489,18.372250571658284,-73.82915699826815,18.383749007295016,8.98315284120114e-05,-8.983152841195546e-05,3,1269,train,"-73.8406554339,18.3722505717,-73.8291569983,18.3837490073"
1281,-73.84065543390489,18.360752136021556,-73.82915699826815,18.372250571658288,8.98315284120114e-05,-8.983152841195546e-05,3,1269,train,"-73.8406554339,18.3607521360,-73.8291569983,18.3722505717"
1282,-73.84065543390489,18.35500291820319,-73.82915699826815,18.366501353839922,8.98315284120114e-05,-8.983152841195546e-05,3,1269,train,"-73.8406554339,18.3550029182,-73.8291569983,18.3665013538"
1283,-73.84065543390489,18.349253700384825,-73.82915699826815,18.360752136021556,8.98315284120114e-05,-8.983152841195546e-05,3,1269,train,"-73.8406554339,18.3492537004,-73.8291569983,18.3607521360"
1284,-73.83490621608652,18.42399353202357,-73.82340778044978,18.4354919676603,8.98315284120114e-05,-8.983152841195546e-05,3,1269,train,"-73.8349062161,18.4239935320,-73.8234077804,18.4354919677"
1285,-73.83490621608652,18.418244314205204,-73.82340778044978,18.429742749841935,8.98315284120114e-05,-8.983152841195546e-05,3,1269,train,"-73.8349062161,18.4182443142,-73.8234077804,18.4297427498"
1286,-73.83490621608652,18.41249509638684,-73.82340778044978,18.42399353202357,8.98315284120114e-05,-8.983152841192748e-05,3,1269,train,"-73.8349062161,18.4124950964,-73.8234077804,18.4239935320"
1287,-73.83490621608652,18.406745878568476,-73.82340778044978,18.418244314205207,8.98315284120114e-05,-8.983152841195546e-05,3,1269,train,"-73.8349062161,18.4067458786,-73.8234077804,18.4182443142"
1288,-73.83490621608652,18.40099666075011,-73.82340778044978,18.41249509638684,8.98315284120114e-05,-8.983152841195546e-05,3,1269,train,"-73.8349062161,18.4009966608,-73.8234077804,18.4124950964"
1289,-73.83490621608652,18.395247442931744,-73.82340778044978,18.406745878568476,8.98315284120114e-05,-8.983152841195546e-05,3,1269,train,"-73.8349062161,18.3952474429,-73.8234077804,18.4067458786"
1290,-73.83490621608652,18.389498225113382,-73.82340778044978,18.40099666075011,8.98315284120114e-05,-8.983152841192748e-05,3,1269,train,"-73.8349062161,18.3894982251,-73.8234077804,18.4009966608"
1291,-73.83490621608652,18.383749007295016,-73.82340778044978,18.395247442931748,8.98315284120114e-05,-8.983152841195546e-05,3,1269,train,"-73.8349062161,18.3837490073,-73.8234077804,18.3952474429"
1292,-73.83490621608652,18.37799978947665,-73.82340778044978,18.389498225113382,8.98315284120114e-05,-8.983152841195546e-05,3,1269,train,"-73.8349062161,18.3779997895,-73.8234077804,18.3894982251"
1293,-73.83490621608652,18.372250571658284,-73.82340778044978,18.383749007295016,8.98315284120114e-05,-8.983152841195546e-05,3,1269,train,"-73.8349062161,18.3722505717,-73.8234077804,18.3837490073"
1294,-73.83490621608652,18.35500291820319,-73.82340778044978,18.366501353839922,8.98315284120114e-05,-8.983152841195546e-05,3,1269,train,"-73.8349062161,18.3550029182,-73.8234077804,18.3665013538"
1295,-73.83490621608652,18.349253700384825,-73.82340778044978,18.360752136021556,8.98315284120114e-05,-8.983152841195546e-05,3,1269,train,"-73.8349062161,18.3492537004,-73.8234077804,18.3607521360"
1296,-73.82915699826815,18.42399353202357,-73.81765856263142,18.4354919676603,8.983152841189951e-05,-8.983152841195546e-05,3,1269,train,"-73.8291569983,18.4239935320,-73.8176585626,18.4354919677"
1297,-73.82915699826815,18.418244314205204,-73.81765856263142,18.429742749841935,8.983152841189951e-05,-8.983152841195546e-05,3,1269,train,"-73.8291569983,18.4182443142,-73.8176585626,18.4297427498"
1298,-73.82915699826815,18.406745878568476,-73.81765856263142,18.418244314205207,8.983152841189951e-05,-8.983152841195546e-05,3,1269,train,"-73.8291569983,18.4067458786,-73.8176585626,18.4182443142"
1299,-73.82915699826815,18.40099666075011,-73.81765856263142,18.41249509638684,8.983152841189951e-05,-8.983152841195546e-05,3,1269,train,"-73.8291569983,18.4009966608,-73.8176585626,18.4124950964"
1300,-73.82915699826815,18.395247442931744,-73.81765856263142,18.406745878568476,8.983152841189951e-05,-8.983152841195546e-05,3,1269,train,"-73.8291569983,18.3952474429,-73.8176585626,18.4067458786"
1301,-73.82915699826815,18.389498225113382,-73.81765856263142,18.40099666075011,8.983152841189951e-05,-8.983152841192748e-05,3,1269,train,"-73.8291569983,18.3894982251,-73.8176585626,18.4009966608"
1302,-73.82915699826815,18.383749007295016,-73.81765856263142,18.395247442931748,8.983152841189951e-05,-8.983152841195546e-05,3,1269,train,"-73.8291569983,18.3837490073,-73.8176585626,18.3952474429"
1303,-73.82915699826815,18.37799978947665,-73.81765856263142,18.389498225113382,8.983152841189951e-05,-8.983152841195546e-05,3,1269,train,"-73.8291569983,18.3779997895,-73.8176585626,18.3894982251"
1304,-73.82915699826815,18.35500291820319,-73.81765856263142,18.366501353839922,8.983152841189951e-05,-8.983152841195546e-05,3,1269,train,"-73.8291569983,18.3550029182,-73.8176585626,18.3665013538"
1305,-73.82915699826815,18.349253700384825,-73.81765856263142,18.360752136021556,8.983152841189951e-05,-8.983152841195546e-05,3,1269,train,"-73.8291569983,18.3492537004,-73.8176585626,18.3607521360"
1306,-73.82915699826815,18.33200604692973,-73.81765856263142,18.343504482566463,8.983152841189951e-05,-8.983152841195546e-05,3,1269,train,"-73.8291569983,18.3320060469,-73.8176585626,18.3435044826"
1307,-73.82340778044978,18.42399353202357,-73.81190934481306,18.4354919676603,8.983152841189951e-05,-8.983152841195546e-05,3,1269,train,"-73.8234077804,18.4239935320,-73.8119093448,18.4354919677"
1308,-73.82340778044978,18.418244314205204,-73.81190934481306,18.429742749841935,8.983152841189951e-05,-8.983152841195546e-05,3,1269,train,"-73.8234077804,18.4182443142,-73.8119093448,18.4297427498"
1309,-73.82340778044978,18.40099666075011,-73.81190934481306,18.41249509638684,8.983152841189951e-05,-8.983152841195546e-05,3,1269,train,"-73.8234077804,18.4009966608,-73.8119093448,18.4124950964"
1310,-73.82340778044978,18.395247442931744,-73.81190934481306,18.406745878568476,8.983152841189951e-05,-8.983152841195546e-05,3,1269,train,"-73.8234077804,18.3952474429,-73.8119093448,18.4067458786"
1311,-73.82340778044978,18.389498225113382,-73.81190934481306,18.40099666075011,8.983152841189951e-05,-8.983152841192748e-05,3,1269,train,"-73.8234077804,18.3894982251,-73.8119093448,18.4009966608"
1312,-73.82340778044978,18.383749007295016,-73.81190934481306,18.395247442931748,8.983152841189951e-05,-8.983152841195546e-05,3,1269,train,"-73.8234077804,18.3837490073,-73.8119093448,18.3952474429"
1313,-73.82340778044978,18.35500291820319,-73.81190934481306,18.366501353839922,8.983152841189951e-05,-8.983152841195546e-05,3,1269,train,"-73.8234077804,18.3550029182,-73.8119093448,18.3665013538"
1314,-73.82340778044978,18.349253700384825,-73.81190934481306,18.360752136021556,8.983152841189951e-05,-8.983152841195546e-05,3,1269,train,"-73.8234077804,18.3492537004,-73.8119093448,18.3607521360"
1315,-73.82340778044978,18.34350448256646,-73.81190934481306,18.35500291820319,8.983152841189951e-05,-8.983152841195546e-05,3,1269,train,"-73.8234077804,18.3435044826,-73.8119093448,18.3550029182"
1316,-73.82340778044978,18.337755264748097,-73.81190934481306,18.34925370038483,8.983152841189951e-05,-8.983152841195546e-05,3,1269,train,"-73.8234077804,18.3377552647,-73.8119093448,18.3492537004"
1317,-73.82340778044978,18.33200604692973,-73.81190934481306,18.343504482566463,8.983152841189951e-05,-8.983152841195546e-05,3,1269,train,"-73.8234077804,18.3320060469,-73.8119093448,18.3435044826"
1318,-73.82340778044978,18.326256829111365,-73.81190934481306,18.337755264748097,8.983152841189951e-05,-8.983152841195546e-05,3,1269,train,"-73.8234077804,18.3262568291,-73.8119093448,18.3377552647"
1319,-73.81765856263142,18.40099666075011,-73.80616012699468,18.41249509638684,8.98315284120114e-05,-8.983152841195546e-05,3,1269,train,"-73.8176585626,18.4009966608,-73.8061601270,18.4124950964"
1320,-73.81765856263142,18.395247442931744,-73.80616012699468,18.406745878568476,8.98315284120114e-05,-8.983152841195546e-05,3,1269,train,"-73.8176585626,18.3952474429,-73.8061601270,18.4067458786"
1321,-73.81765856263142,18.389498225113382,-73.80616012699468,18.40099666075011,8.98315284120114e-05,-8.983152841192748e-05,3,1269,train,"-73.8176585626,18.3894982251,-73.8061601270,18.4009966608"
1322,-73.81765856263142,18.383749007295016,-73.80616012699468,18.395247442931748,8.98315284120114e-05,-8.983152841195546e-05,3,1269,train,"-73.8176585626,18.3837490073,-73.8061601270,18.3952474429"
1323,-73.81765856263142,18.37799978947665,-73.80616012699468,18.389498225113382,8.98315284120114e-05,-8.983152841195546e-05,3,1269,train,"-73.8176585626,18.3779997895,-73.8061601270,18.3894982251"
1324,-73.81765856263142,18.349253700384825,-73.80616012699468,18.360752136021556,8.98315284120114e-05,-8.983152841195546e-05,3,1269,train,"-73.8176585626,18.3492537004,-73.8061601270,18.3607521360"
1325,-73.81765856263142,18.34350448256646,-73.80616012699468,18.35500291820319,8.98315284120114e-05,-8.983152841195546e-05,3,1269,train,"-73.8176585626,18.3435044826,-73.8061601270,18.3550029182"
1326,-73.81765856263142,18.33200604692973,-73.80616012699468,18.343504482566463,8.98315284120114e-05,-8.983152841195546e-05,3,1269,train,"-73.8176585626,18.3320060469,-73.8061601270,18.3435044826"
1327,-73.81765856263142,18.326256829111365,-73.80616012699468,18.337755264748097,8.98315284120114e-05,-8.983152841195546e-05,3,1269,train,"-73.8176585626,18.3262568291,-73.8061601270,18.3377552647"
1328,-73.81190934481306,18.40099666075011,-73.80041090917632,18.41249509638684,8.98315284120114e-05,-8.983152841195546e-05,3,1269,train,"-73.8119093448,18.4009966608,-73.8004109092,18.4124950964"
1329,-73.81190934481306,18.395247442931744,-73.80041090917632,18.406745878568476,8.98315284120114e-05,-8.983152841195546e-05,3,1269,train,"-73.8119093448,18.3952474429,-73.8004109092,18.4067458786"
1330,-73.81190934481306,18.389498225113382,-73.80041090917632,18.40099666075011,8.98315284120114e-05,-8.983152841192748e-05,3,1269,train,"-73.8119093448,18.3894982251,-73.8004109092,18.4009966608"
1331,-73.81190934481306,18.383749007295016,-73.80041090917632,18.395247442931748,8.98315284120114e-05,-8.983152841195546e-05,3,1269,train,"-73.8119093448,18.3837490073,-73.8004109092,18.3952474429"
1332,-73.81190934481306,18.37799978947665,-73.80041090917632,18.389498225113382,8.98315284120114e-05,-8.983152841195546e-05,3,1269,train,"-73.8119093448,18.3779997895,-73.8004109092,18.3894982251"
1333,-73.81190934481306,18.372250571658284,-73.80041090917632,18.383749007295016,8.98315284120114e-05,-8.983152841195546e-05,3,1269,train,"-73.8119093448,18.3722505717,-73.8004109092,18.3837490073"
1334,-73.81190934481306,18.349253700384825,-73.80041090917632,18.360752136021556,8.98315284120114e-05,-8.983152841195546e-05,3,1269,train,"-73.8119093448,18.3492537004,-73.8004109092,18.3607521360"
1335,-73.81190934481306,18.34350448256646,-73.80041090917632,18.35500291820319,8.98315284120114e-05,-8.983152841195546e-05,3,1269,train,"-73.8119093448,18.3435044826,-73.8004109092,18.3550029182"
1336,-73.8061601269947,18.41249509638684,-73.79466169135796,18.42399353202357,8.98315284120114e-05,-8.983152841192748e-05,3,1269,train,"-73.8061601270,18.4124950964,-73.7946616914,18.4239935320"
1337,-73.8061601269947,18.406745878568476,-73.79466169135796,18.418244314205207,8.98315284120114e-05,-8.983152841195546e-05,3,1269,train,"-73.8061601270,18.4067458786,-73.7946616914,18.4182443142"
1338,-73.8061601269947,18.40099666075011,-73.79466169135796,18.41249509638684,8.98315284120114e-05,-8.983152841195546e-05,3,1269,train,"-73.8061601270,18.4009966608,-73.7946616914,18.4124950964"
1339,-73.8061601269947,18.395247442931744,-73.79466169135796,18.406745878568476,8.98315284120114e-05,-8.983152841195546e-05,3,1269,train,"-73.8061601270,18.3952474429,-73.7946616914,18.4067458786"
1340,-73.8061601269947,18.389498225113382,-73.79466169135796,18.40099666075011,8.98315284120114e-05,-8.983152841192748e-05,3,1269,train,"-73.8061601270,18.3894982251,-73.7946616914,18.4009966608"
1341,-73.8061601269947,18.383749007295016,-73.79466169135796,18.395247442931748,8.98315284120114e-05,-8.983152841195546e-05,3,1269,train,"-73.8061601270,18.3837490073,-73.7946616914,18.3952474429"
1342,-73.8061601269947,18.37799978947665,-73.79466169135796,18.389498225113382,8.98315284120114e-05,-8.983152841195546e-05,3,1269,train,"-73.8061601270,18.3779997895,-73.7946616914,18.3894982251"
1343,-73.80041090917632,18.41249509638684,-73.7889124735396,18.42399353202357,8.983152841189951e-05,-8.983152841192748e-05,3,1269,train,"-73.8004109092,18.4124950964,-73.7889124735,18.4239935320"
1344,-73.80041090917632,18.406745878568476,-73.7889124735396,18.418244314205207,8.983152841189951e-05,-8.983152841195546e-05,3,1269,train,"-73.8004109092,18.4067458786,-73.7889124735,18.4182443142"
1345,-73.80041090917632,18.40099666075011,-73.7889124735396,18.41249509638684,8.983152841189951e-05,-8.983152841195546e-05,3,1269,train,"-73.8004109092,18.4009966608,-73.7889124735,18.4124950964"
1346,-73.80041090917632,18.395247442931744,-73.7889124735396,18.406745878568476,8.983152841189951e-05,-8.983152841195546e-05,3,1269,train,"-73.8004109092,18.3952474429,-73.7889124735,18.4067458786"
1347,-73.80041090917632,18.389498225113382,-73.7889124735396,18.40099666075011,8.983152841189951e-05,-8.983152841192748e-05,3,1269,train,"-73.8004109092,18.3894982251,-73.7889124735,18.4009966608"
1348,-73.80041090917632,18.383749007295016,-73.7889124735396,18.395247442931748,8.983152841189951e-05,-8.983152841195546e-05,3,1269,train,"-73.8004109092,18.3837490073,-73.7889124735,18.3952474429"
1349,-73.80041090917632,18.37799978947665,-73.7889124735396,18.389498225113382,8.983152841189951e-05,-8.983152841195546e-05,3,1269,train,"-73.8004109092,18.3779997895,-73.7889124735,18.3894982251"
1350,-73.79466169135796,18.41249509638684,-73.78316325572123,18.42399353202357,8.983152841189951e-05,-8.983152841192748e-05,3,1269,train,"-73.7946616914,18.4124950964,-73.7831632557,18.4239935320"
1351,-73.79466169135796,18.406745878568476,-73.78316325572123,18.418244314205207,8.983152841189951e-05,-8.983152841195546e-05,3,1269,train,"-73.7946616914,18.4067458786,-73.7831632557,18.4182443142"
1352,-73.79466169135796,18.40099666075011,-73.78316325572123,18.41249509638684,8.983152841189951e-05,-8.983152841195546e-05,3,1269,train,"-73.7946616914,18.4009966608,-73.7831632557,18.4124950964"
1353,-73.79466169135796,18.395247442931744,-73.78316325572123,18.406745878568476,8.983152841189951e-05,-8.983152841195546e-05,3,1269,train,"-73.7946616914,18.3952474429,-73.7831632557,18.4067458786"
1354,-73.79466169135796,18.389498225113382,-73.78316325572123,18.40099666075011,8.983152841189951e-05,-8.983152841192748e-05,3,1269,train,"-73.7946616914,18.3894982251,-73.7831632557,18.4009966608"
1355,-73.7889124735396,18.41249509638684,-73.77741403790287,18.42399353202357,8.983152841189951e-05,-8.983152841192748e-05,3,1269,train,"-73.7889124735,18.4124950964,-73.7774140379,18.4239935320"
1356,-73.7889124735396,18.406745878568476,-73.77741403790287,18.418244314205207,8.983152841189951e-05,-8.983152841195546e-05,3,1269,train,"-73.7889124735,18.4067458786,-73.7774140379,18.4182443142"
1357,-73.7889124735396,18.40099666075011,-73.77741403790287,18.41249509638684,8.983152841189951e-05,-8.983152841195546e-05,3,1269,train,"-73.7889124735,18.4009966608,-73.7774140379,18.4124950964"
1358,-73.7889124735396,18.395247442931744,-73.77741403790287,18.406745878568476,8.983152841189951e-05,-8.983152841195546e-05,3,1269,train,"-73.7889124735,18.3952474429,-73.7774140379,18.4067458786"
1359,-73.7889124735396,18.389498225113382,-73.77741403790287,18.40099666075011,8.983152841189951e-05,-8.983152841192748e-05,3,1269,train,"-73.7889124735,18.3894982251,-73.7774140379,18.4009966608"
1360,-73.7889124735396,18.383749007295016,-73.77741403790287,18.395247442931748,8.983152841189951e-05,-8.983152841195546e-05,3,1269,train,"-73.7889124735,18.3837490073,-73.7774140379,18.3952474429"
1361,-73.7889124735396,18.37799978947665,-73.77741403790287,18.389498225113382,8.983152841189951e-05,-8.983152841195546e-05,3,1269,train,"-73.7889124735,18.3779997895,-73.7774140379,18.3894982251"
1362,-73.78316325572123,18.45848883893376,-73.7716648200845,18.469987274570492,8.98315284120114e-05,-8.983152841195546e-05,22,4,test,"-73.7831632557,18.4584888389,-73.7716648201,18.4699872746"
1363,-73.78316325572123,18.452739621115395,-73.7716648200845,18.464238056752126,8.98315284120114e-05,-8.983152841195546e-05,22,4,test,"-73.7831632557,18.4527396211,-73.7716648201,18.4642380568"
1364,-73.78316325572123,18.41249509638684,-73.7716648200845,18.42399353202357,8.98315284120114e-05,-8.983152841192748e-05,3,1269,train,"-73.7831632557,18.4124950964,-73.7716648201,18.4239935320"
1365,-73.78316325572123,18.406745878568476,-73.7716648200845,18.418244314205207,8.98315284120114e-05,-8.983152841195546e-05,3,1269,train,"-73.7831632557,18.4067458786,-73.7716648201,18.4182443142"
1366,-73.78316325572123,18.40099666075011,-73.7716648200845,18.41249509638684,8.98315284120114e-05,-8.983152841195546e-05,3,1269,train,"-73.7831632557,18.4009966608,-73.7716648201,18.4124950964"
1367,-73.78316325572123,18.389498225113382,-73.7716648200845,18.40099666075011,8.98315284120114e-05,-8.983152841192748e-05,3,1269,train,"-73.7831632557,18.3894982251,-73.7716648201,18.4009966608"
1368,-73.78316325572123,18.383749007295016,-73.7716648200845,18.395247442931748,8.98315284120114e-05,-8.983152841195546e-05,3,1269,train,"-73.7831632557,18.3837490073,-73.7716648201,18.3952474429"
1369,-73.78316325572123,18.37799978947665,-73.7716648200845,18.389498225113382,8.98315284120114e-05,-8.983152841195546e-05,3,1269,train,"-73.7831632557,18.3779997895,-73.7716648201,18.3894982251"
1370,-73.77741403790287,18.45848883893376,-73.76591560226613,18.469987274570492,8.98315284120114e-05,-8.983152841195546e-05,22,4,test,"-73.7774140379,18.4584888389,-73.7659156023,18.4699872746"
1371,-73.77741403790287,18.452739621115395,-73.76591560226613,18.464238056752126,8.98315284120114e-05,-8.983152841195546e-05,22,4,test,"-73.7774140379,18.4527396211,-73.7659156023,18.4642380568"
1372,-73.77741403790287,18.429742749841935,-73.76591560226613,18.441241185478667,8.98315284120114e-05,-8.983152841195546e-05,23,4,val,"-73.7774140379,18.4297427498,-73.7659156023,18.4412411855"
1373,-73.77741403790287,18.42399353202357,-73.76591560226613,18.4354919676603,8.98315284120114e-05,-8.983152841195546e-05,23,4,val,"-73.7774140379,18.4239935320,-73.7659156023,18.4354919677"
1374,-73.77741403790287,18.406745878568476,-73.76591560226613,18.418244314205207,8.98315284120114e-05,-8.983152841195546e-05,3,1269,train,"-73.7774140379,18.4067458786,-73.7659156023,18.4182443142"
1375,-73.77741403790287,18.40099666075011,-73.76591560226613,18.41249509638684,8.98315284120114e-05,-8.983152841195546e-05,3,1269,train,"-73.7774140379,18.4009966608,-73.7659156023,18.4124950964"
1376,-73.77741403790287,18.389498225113382,-73.76591560226613,18.40099666075011,8.98315284120114e-05,-8.983152841192748e-05,3,1269,train,"-73.7774140379,18.3894982251,-73.7659156023,18.4009966608"
1377,-73.77741403790287,18.383749007295016,-73.76591560226613,18.395247442931748,8.98315284120114e-05,-8.983152841195546e-05,3,1269,train,"-73.7774140379,18.3837490073,-73.7659156023,18.3952474429"
1378,-73.77741403790287,18.37799978947665,-73.76591560226613,18.389498225113382,8.98315284120114e-05,-8.983152841195546e-05,3,1269,train,"-73.7774140379,18.3779997895,-73.7659156023,18.3894982251"
1379,-73.7716648200845,18.429742749841935,-73.76016638444777,18.441241185478667,8.983152841189951e-05,-8.983152841195546e-05,23,4,val,"-73.7716648201,18.4297427498,-73.7601663844,18.4412411855"
1380,-73.7716648200845,18.42399353202357,-73.76016638444777,18.4354919676603,8.983152841189951e-05,-8.983152841195546e-05,23,4,val,"-73.7716648201,18.4239935320,-73.7601663844,18.4354919677"
1381,-73.7716648200845,18.389498225113382,-73.76016638444777,18.40099666075011,8.983152841189951e-05,-8.983152841192748e-05,3,1269,train,"-73.7716648201,18.3894982251,-73.7601663844,18.4009966608"
1382,-73.7716648200845,18.383749007295016,-73.76016638444777,18.395247442931748,8.983152841189951e-05,-8.983152841195546e-05,3,1269,train,"-73.7716648201,18.3837490073,-73.7601663844,18.3952474429"
1383,-73.7716648200845,18.37799978947665,-73.76016638444777,18.389498225113382,8.983152841189951e-05,-8.983152841195546e-05,3,1269,train,"-73.7716648201,18.3779997895,-73.7601663844,18.3894982251"
1384,-73.76591560226613,18.389498225113382,-73.75441716662941,18.40099666075011,8.983152841189951e-05,-8.983152841192748e-05,3,1269,train,"-73.7659156023,18.3894982251,-73.7544171666,18.4009966608"
1385,-73.76591560226613,18.383749007295016,-73.75441716662941,18.395247442931748,8.983152841189951e-05,-8.983152841195546e-05,3,1269,train,"-73.7659156023,18.3837490073,-73.7544171666,18.3952474429"
1386,-73.76591560226613,18.37799978947665,-73.75441716662941,18.389498225113382,8.983152841189951e-05,-8.983152841195546e-05,3,1269,train,"-73.7659156023,18.3779997895,-73.7544171666,18.3894982251"
1387,-73.76016638444777,18.441241185478663,-73.74866794881105,18.452739621115395,8.983152841189951e-05,-8.983152841195546e-05,24,25,val,"-73.7601663844,18.4412411855,-73.7486679488,18.4527396211"
1388,-73.76016638444777,18.4354919676603,-73.74866794881105,18.44699040329703,8.983152841189951e-05,-8.983152841192748e-05,24,25,val,"-73.7601663844,18.4354919677,-73.7486679488,18.4469904033"
1389,-73.76016638444777,18.406745878568476,-73.74866794881105,18.418244314205207,8.983152841189951e-05,-8.983152841195546e-05,3,1269,train,"-73.7601663844,18.4067458786,-73.7486679488,18.4182443142"
1390,-73.76016638444777,18.40099666075011,-73.74866794881105,18.41249509638684,8.983152841189951e-05,-8.983152841195546e-05,3,1269,train,"-73.7601663844,18.4009966608,-73.7486679488,18.4124950964"
1391,-73.76016638444777,18.395247442931744,-73.74866794881105,18.406745878568476,8.983152841189951e-05,-8.983152841195546e-05,3,1269,train,"-73.7601663844,18.3952474429,-73.7486679488,18.4067458786"
1392,-73.76016638444777,18.389498225113382,-73.74866794881105,18.40099666075011,8.983152841189951e-05,-8.983152841192748e-05,3,1269,train,"-73.7601663844,18.3894982251,-73.7486679488,18.4009966608"
1393,-73.76016638444777,18.383749007295016,-73.74866794881105,18.395247442931748,8.983152841189951e-05,-8.983152841195546e-05,3,1269,train,"-73.7601663844,18.3837490073,-73.7486679488,18.3952474429"
1394,-73.76016638444777,18.37799978947665,-73.74866794881105,18.389498225113382,8.983152841189951e-05,-8.983152841195546e-05,3,1269,train,"-73.7601663844,18.3779997895,-73.7486679488,18.3894982251"
1395,-73.75441716662941,18.44699040329703,-73.74291873099267,18.45848883893376,8.98315284120114e-05,-8.983152841195546e-05,24,25,val,"-73.7544171666,18.4469904033,-73.7429187310,18.4584888389"
1396,-73.75441716662941,18.441241185478663,-73.74291873099267,18.452739621115395,8.98315284120114e-05,-8.983152841195546e-05,24,25,val,"-73.7544171666,18.4412411855,-73.7429187310,18.4527396211"
1397,-73.75441716662941,18.4354919676603,-73.74291873099267,18.44699040329703,8.98315284120114e-05,-8.983152841192748e-05,24,25,val,"-73.7544171666,18.4354919677,-73.7429187310,18.4469904033"
1398,-73.75441716662941,18.406745878568476,-73.74291873099267,18.418244314205207,8.98315284120114e-05,-8.983152841195546e-05,3,1269,train,"-73.7544171666,18.4067458786,-73.7429187310,18.4182443142"
1399,-73.75441716662941,18.40099666075011,-73.74291873099267,18.41249509638684,8.98315284120114e-05,-8.983152841195546e-05,3,1269,train,"-73.7544171666,18.4009966608,-73.7429187310,18.4124950964"
1400,-73.75441716662941,18.395247442931744,-73.74291873099267,18.406745878568476,8.98315284120114e-05,-8.983152841195546e-05,3,1269,train,"-73.7544171666,18.3952474429,-73.7429187310,18.4067458786"
1401,-73.75441716662941,18.389498225113382,-73.74291873099267,18.40099666075011,8.98315284120114e-05,-8.983152841192748e-05,3,1269,train,"-73.7544171666,18.3894982251,-73.7429187310,18.4009966608"
1402,-73.75441716662941,18.383749007295016,-73.74291873099267,18.395247442931748,8.98315284120114e-05,-8.983152841195546e-05,3,1269,train,"-73.7544171666,18.3837490073,-73.7429187310,18.3952474429"
1403,-73.74866794881105,18.4354919676603,-73.73716951317431,18.44699040329703,8.98315284120114e-05,-8.983152841192748e-05,24,25,val,"-73.7486679488,18.4354919677,-73.7371695132,18.4469904033"
1404,-73.74866794881105,18.406745878568476,-73.73716951317431,18.418244314205207,8.98315284120114e-05,-8.983152841195546e-05,3,1269,train,"-73.7486679488,18.4067458786,-73.7371695132,18.4182443142"
1405,-73.74866794881105,18.40099666075011,-73.73716951317431,18.41249509638684,8.98315284120114e-05,-8.983152841195546e-05,3,1269,train,"-73.7486679488,18.4009966608,-73.7371695132,18.4124950964"
1406,-73.74866794881105,18.395247442931744,-73.73716951317431,18.406745878568476,8.98315284120114e-05,-8.983152841195546e-05,3,1269,train,"-73.7486679488,18.3952474429,-73.7371695132,18.4067458786"
1407,-73.74866794881105,18.389498225113382,-73.73716951317431,18.40099666075011,8.98315284120114e-05,-8.983152841192748e-05,3,1269,train,"-73.7486679488,18.3894982251,-73.7371695132,18.4009966608"
1408,-73.74866794881105,18.383749007295016,-73.73716951317431,18.395247442931748,8.98315284120114e-05,-8.983152841195546e-05,3,1269,train,"-73.7486679488,18.3837490073,-73.7371695132,18.3952474429"
1409,-73.74866794881105,18.37799978947665,-73.73716951317431,18.389498225113382,8.98315284120114e-05,-8.983152841195546e-05,3,1269,train,"-73.7486679488,18.3779997895,-73.7371695132,18.3894982251"
1410,-73.74291873099268,18.441241185478663,-73.73142029535595,18.452739621115395,8.98315284120114e-05,-8.983152841195546e-05,24,25,val,"-73.7429187310,18.4412411855,-73.7314202954,18.4527396211"
1411,-73.74291873099268,18.4354919676603,-73.73142029535595,18.44699040329703,8.98315284120114e-05,-8.983152841192748e-05,24,25,val,"-73.7429187310,18.4354919677,-73.7314202954,18.4469904033"
1412,-73.74291873099268,18.429742749841935,-73.73142029535595,18.441241185478667,8.98315284120114e-05,-8.983152841195546e-05,24,25,val,"-73.7429187310,18.4297427498,-73.7314202954,18.4412411855"
1413,-73.74291873099268,18.42399353202357,-73.73142029535595,18.4354919676603,8.98315284120114e-05,-8.983152841195546e-05,24,25,val,"-73.7429187310,18.4239935320,-73.7314202954,18.4354919677"
1414,-73.74291873099268,18.395247442931744,-73.73142029535595,18.406745878568476,8.98315284120114e-05,-8.983152841195546e-05,3,1269,train,"-73.7429187310,18.3952474429,-73.7314202954,18.4067458786"
1415,-73.74291873099268,18.389498225113382,-73.73142029535595,18.40099666075011,8.98315284120114e-05,-8.983152841192748e-05,3,1269,train,"-73.7429187310,18.3894982251,-73.7314202954,18.4009966608"
1416,-73.74291873099268,18.383749007295016,-73.73142029535595,18.395247442931748,8.98315284120114e-05,-8.983152841195546e-05,3,1269,train,"-73.7429187310,18.3837490073,-73.7314202954,18.3952474429"
1417,-73.74291873099268,18.37799978947665,-73.73142029535595,18.389498225113382,8.98315284120114e-05,-8.983152841195546e-05,3,1269,train,"-73.7429187310,18.3779997895,-73.7314202954,18.3894982251"
1418,-73.73716951317431,18.441241185478663,-73.72567107753758,18.452739621115395,8.983152841189951e-05,-8.983152841195546e-05,24,25,val,"-73.7371695132,18.4412411855,-73.7256710775,18.4527396211"
1419,-73.73716951317431,18.4354919676603,-73.72567107753758,18.44699040329703,8.983152841189951e-05,-8.983152841192748e-05,24,25,val,"-73.7371695132,18.4354919677,-73.7256710775,18.4469904033"
1420,-73.73716951317431,18.429742749841935,-73.72567107753758,18.441241185478667,8.983152841189951e-05,-8.983152841195546e-05,24,25,val,"-73.7371695132,18.4297427498,-73.7256710775,18.4412411855"
1421,-73.73716951317431,18.42399353202357,-73.72567107753758,18.4354919676603,8.983152841189951e-05,-8.983152841195546e-05,24,25,val,"-73.7371695132,18.4239935320,-73.7256710775,18.4354919677"
1422,-73.73716951317431,18.418244314205204,-73.72567107753758,18.429742749841935,8.983152841189951e-05,-8.983152841195546e-05,24,25,val,"-73.7371695132,18.4182443142,-73.7256710775,18.4297427498"
1423,-73.73716951317431,18.41249509638684,-73.72567107753758,18.42399353202357,8.983152841189951e-05,-8.983152841192748e-05,24,25,val,"-73.7371695132,18.4124950964,-73.7256710775,18.4239935320"
1424,-73.73716951317431,18.395247442931744,-73.72567107753758,18.406745878568476,8.983152841189951e-05,-8.983152841195546e-05,3,1269,train,"-73.7371695132,18.3952474429,-73.7256710775,18.4067458786"
1425,-73.73716951317431,18.389498225113382,-73.72567107753758,18.40099666075011,8.983152841189951e-05,-8.983152841192748e-05,3,1269,train,"-73.7371695132,18.3894982251,-73.7256710775,18.4009966608"
1426,-73.73716951317431,18.383749007295016,-73.72567107753758,18.395247442931748,8.983152841189951e-05,-8.983152841195546e-05,3,1269,train,"-73.7371695132,18.3837490073,-73.7256710775,18.3952474429"
1427,-73.73142029535595,18.441241185478663,-73.71992185971922,18.452739621115395,8.983152841189951e-05,-8.983152841195546e-05,24,25,val,"-73.7314202954,18.4412411855,-73.7199218597,18.4527396211"
1428,-73.73142029535595,18.4354919676603,-73.71992185971922,18.44699040329703,8.983152841189951e-05,-8.983152841192748e-05,24,25,val,"-73.7314202954,18.4354919677,-73.7199218597,18.4469904033"
1429,-73.73142029535595,18.429742749841935,-73.71992185971922,18.441241185478667,8.983152841189951e-05,-8.983152841195546e-05,24,25,val,"-73.7314202954,18.4297427498,-73.7199218597,18.4412411855"
1430,-73.73142029535595,18.42399353202357,-73.71992185971922,18.4354919676603,8.983152841189951e-05,-8.983152841195546e-05,24,25,val,"-73.7314202954,18.4239935320,-73.7199218597,18.4354919677"
1431,-73.73142029535595,18.418244314205204,-73.71992185971922,18.429742749841935,8.983152841189951e-05,-8.983152841195546e-05,24,25,val,"-73.7314202954,18.4182443142,-73.7199218597,18.4297427498"
1432,-73.73142029535595,18.41249509638684,-73.71992185971922,18.42399353202357,8.983152841189951e-05,-8.983152841192748e-05,24,25,val,"-73.7314202954,18.4124950964,-73.7199218597,18.4239935320"
1433,-73.73142029535595,18.395247442931744,-73.71992185971922,18.406745878568476,8.983152841189951e-05,-8.983152841195546e-05,3,1269,train,"-73.7314202954,18.3952474429,-73.7199218597,18.4067458786"
1434,-73.73142029535595,18.389498225113382,-73.71992185971922,18.40099666075011,8.983152841189951e-05,-8.983152841192748e-05,3,1269,train,"-73.7314202954,18.3894982251,-73.7199218597,18.4009966608"
1435,-73.73142029535595,18.383749007295016,-73.71992185971922,18.395247442931748,8.983152841189951e-05,-8.983152841195546e-05,3,1269,train,"-73.7314202954,18.3837490073,-73.7199218597,18.3952474429"
1436,-73.73142029535595,18.37799978947665,-73.71992185971922,18.389498225113382,8.983152841189951e-05,-8.983152841195546e-05,3,1269,train,"-73.7314202954,18.3779997895,-73.7199218597,18.3894982251"
1437,-73.73142029535595,18.372250571658284,-73.71992185971922,18.383749007295016,8.983152841189951e-05,-8.983152841195546e-05,3,1269,train,"-73.7314202954,18.3722505717,-73.7199218597,18.3837490073"
1438,-73.72567107753758,18.441241185478663,-73.71417264190084,18.452739621115395,8.98315284120114e-05,-8.983152841195546e-05,24,25,val,"-73.7256710775,18.4412411855,-73.7141726419,18.4527396211"
1439,-73.72567107753758,18.4354919676603,-73.71417264190084,18.44699040329703,8.98315284120114e-05,-8.983152841192748e-05,24,25,val,"-73.7256710775,18.4354919677,-73.7141726419,18.4469904033"
1440,-73.72567107753758,18.429742749841935,-73.71417264190084,18.441241185478667,8.98315284120114e-05,-8.983152841195546e-05,24,25,val,"-73.7256710775,18.4297427498,-73.7141726419,18.4412411855"
1441,-73.72567107753758,18.383749007295016,-73.71417264190084,18.395247442931748,8.98315284120114e-05,-8.983152841195546e-05,3,1269,train,"-73.7256710775,18.3837490073,-73.7141726419,18.3952474429"
1442,-73.72567107753758,18.37799978947665,-73.71417264190084,18.389498225113382,8.98315284120114e-05,-8.983152841195546e-05,3,1269,train,"-73.7256710775,18.3779997895,-73.7141726419,18.3894982251"
1443,-73.72567107753758,18.372250571658284,-73.71417264190084,18.383749007295016,8.98315284120114e-05,-8.983152841195546e-05,3,1269,train,"-73.7256710775,18.3722505717,-73.7141726419,18.3837490073"
1444,-73.72567107753758,18.36650135383992,-73.71417264190084,18.37799978947665,8.98315284120114e-05,-8.983152841195546e-05,3,1269,train,"-73.7256710775,18.3665013538,-73.7141726419,18.3779997895"
1445,-73.72567107753758,18.360752136021556,-73.71417264190084,18.372250571658288,8.98315284120114e-05,-8.983152841195546e-05,3,1269,train,"-73.7256710775,18.3607521360,-73.7141726419,18.3722505717"
1446,-73.71992185971922,18.395247442931744,-73.70842342408248,18.406745878568476,8.98315284120114e-05,-8.983152841195546e-05,3,1269,train,"-73.7199218597,18.3952474429,-73.7084234241,18.4067458786"
1447,-73.71992185971922,18.389498225113382,-73.70842342408248,18.40099666075011,8.98315284120114e-05,-8.983152841192748e-05,3,1269,train,"-73.7199218597,18.3894982251,-73.7084234241,18.4009966608"
1448,-73.71992185971922,18.372250571658284,-73.70842342408248,18.383749007295016,8.98315284120114e-05,-8.983152841195546e-05,3,1269,train,"-73.7199218597,18.3722505717,-73.7084234241,18.3837490073"
1449,-73.71992185971922,18.36650135383992,-73.70842342408248,18.37799978947665,8.98315284120114e-05,-8.983152841195546e-05,3,1269,train,"-73.7199218597,18.3665013538,-73.7084234241,18.3779997895"
1450,-73.71992185971922,18.360752136021556,-73.70842342408248,18.372250571658288,8.98315284120114e-05,-8.983152841195546e-05,3,1269,train,"-73.7199218597,18.3607521360,-73.7084234241,18.3722505717"
1451,-73.71417264190086,18.395247442931744,-73.70267420626412,18.406745878568476,8.98315284120114e-05,-8.983152841195546e-05,3,1269,train,"-73.7141726419,18.3952474429,-73.7026742063,18.4067458786"
1452,-73.71417264190086,18.389498225113382,-73.70267420626412,18.40099666075011,8.98315284120114e-05,-8.983152841192748e-05,3,1269,train,"-73.7141726419,18.3894982251,-73.7026742063,18.4009966608"
1453,-73.71417264190086,18.372250571658284,-73.70267420626412,18.383749007295016,8.98315284120114e-05,-8.983152841195546e-05,3,1269,train,"-73.7141726419,18.3722505717,-73.7026742063,18.3837490073"
1454,-73.71417264190086,18.36650135383992,-73.70267420626412,18.37799978947665,8.98315284120114e-05,-8.983152841195546e-05,3,1269,train,"-73.7141726419,18.3665013538,-73.7026742063,18.3779997895"
1455,-73.70842342408248,18.441241185478663,-73.69692498844576,18.452739621115395,8.983152841189951e-05,-8.983152841195546e-05,25,9,test,"-73.7084234241,18.4412411855,-73.6969249884,18.4527396211"
1456,-73.70842342408248,18.4354919676603,-73.69692498844576,18.44699040329703,8.983152841189951e-05,-8.983152841192748e-05,25,9,test,"-73.7084234241,18.4354919677,-73.6969249884,18.4469904033"
1457,-73.70842342408248,18.429742749841935,-73.69692498844576,18.441241185478667,8.983152841189951e-05,-8.983152841195546e-05,25,9,test,"-73.7084234241,18.4297427498,-73.6969249884,18.4412411855"
1458,-73.70842342408248,18.42399353202357,-73.69692498844576,18.4354919676603,8.983152841189951e-05,-8.983152841195546e-05,25,9,test,"-73.7084234241,18.4239935320,-73.6969249884,18.4354919677"
1459,-73.70842342408248,18.395247442931744,-73.69692498844576,18.406745878568476,8.983152841189951e-05,-8.983152841195546e-05,3,1269,train,"-73.7084234241,18.3952474429,-73.6969249884,18.4067458786"
1460,-73.70267420626412,18.441241185478663,-73.6911757706274,18.452739621115395,8.983152841189951e-05,-8.983152841195546e-05,25,9,test,"-73.7026742063,18.4412411855,-73.6911757706,18.4527396211"
1461,-73.70267420626412,18.4354919676603,-73.6911757706274,18.44699040329703,8.983152841189951e-05,-8.983152841192748e-05,25,9,test,"-73.7026742063,18.4354919677,-73.6911757706,18.4469904033"
1462,-73.70267420626412,18.429742749841935,-73.6911757706274,18.441241185478667,8.983152841189951e-05,-8.983152841195546e-05,25,9,test,"-73.7026742063,18.4297427498,-73.6911757706,18.4412411855"
1463,-73.70267420626412,18.42399353202357,-73.6911757706274,18.4354919676603,8.983152841189951e-05,-8.983152841195546e-05,25,9,test,"-73.7026742063,18.4239935320,-73.6911757706,18.4354919677"
1464,-73.69692498844576,18.429742749841935,-73.68542655280903,18.441241185478667,8.983152841189951e-05,-8.983152841195546e-05,25,9,test,"-73.6969249884,18.4297427498,-73.6854265528,18.4412411855"
1465,-73.69692498844576,18.41249509638684,-73.68542655280903,18.42399353202357,8.983152841189951e-05,-8.983152841192748e-05,26,6,val,"-73.6969249884,18.4124950964,-73.6854265528,18.4239935320"
1466,-73.69692498844576,18.406745878568476,-73.68542655280903,18.418244314205207,8.983152841189951e-05,-8.983152841195546e-05,26,6,val,"-73.6969249884,18.4067458786,-73.6854265528,18.4182443142"
1467,-73.69692498844576,18.40099666075011,-73.68542655280903,18.41249509638684,8.983152841189951e-05,-8.983152841195546e-05,26,6,val,"-73.6969249884,18.4009966608,-73.6854265528,18.4124950964"
1468,-73.6911757706274,18.41249509638684,-73.67967733499066,18.42399353202357,8.98315284120114e-05,-8.983152841192748e-05,26,6,val,"-73.6911757706,18.4124950964,-73.6796773350,18.4239935320"
1469,-73.6911757706274,18.406745878568476,-73.67967733499066,18.418244314205207,8.98315284120114e-05,-8.983152841195546e-05,26,6,val,"-73.6911757706,18.4067458786,-73.6796773350,18.4182443142"
1470,-73.6911757706274,18.40099666075011,-73.67967733499066,18.41249509638684,8.98315284120114e-05,-8.983152841195546e-05,26,6,val,"-73.6911757706,18.4009966608,-73.6796773350,18.4124950964"
1471,-73.66242968153557,18.383749007295016,-73.65093124589883,18.395247442931748,8.98315284120114e-05,-8.983152841195546e-05,27,21,test,"-73.6624296815,18.3837490073,-73.6509312459,18.3952474429"
1472,-73.66242968153557,18.37799978947665,-73.65093124589883,18.389498225113382,8.98315284120114e-05,-8.983152841195546e-05,27,21,test,"-73.6624296815,18.3779997895,-73.6509312459,18.3894982251"
1473,-73.65668046371721,18.383749007295016,-73.64518202808047,18.395247442931748,8.98315284120114e-05,-8.983152841195546e-05,27,21,test,"-73.6566804637,18.3837490073,-73.6451820281,18.3952474429"
1474,-73.65668046371721,18.37799978947665,-73.64518202808047,18.389498225113382,8.98315284120114e-05,-8.983152841195546e-05,27,21,test,"-73.6566804637,18.3779997895,-73.6451820281,18.3894982251"
1475,-73.65093124589885,18.383749007295016,-73.63943281026211,18.395247442931748,8.98315284120114e-05,-8.983152841195546e-05,27,21,test,"-73.6509312459,18.3837490073,-73.6394328103,18.3952474429"
1476,-73.65093124589885,18.37799978947665,-73.63943281026211,18.389498225113382,8.98315284120114e-05,-8.983152841195546e-05,27,21,test,"-73.6509312459,18.3779997895,-73.6394328103,18.3894982251"
1477,-73.64518202808047,18.464238056752123,-73.63368359244375,18.475736492388855,8.983152841189951e-05,-8.983152841195546e-05,28,12,test,"-73.6451820281,18.4642380568,-73.6336835924,18.4757364924"
1478,-73.64518202808047,18.45848883893376,-73.63368359244375,18.469987274570492,8.983152841189951e-05,-8.983152841195546e-05,28,12,test,"-73.6451820281,18.4584888389,-73.6336835924,18.4699872746"
1479,-73.64518202808047,18.395247442931744,-73.63368359244375,18.406745878568476,8.983152841189951e-05,-8.983152841195546e-05,27,21,test,"-73.6451820281,18.3952474429,-73.6336835924,18.4067458786"
1480,-73.64518202808047,18.389498225113382,-73.63368359244375,18.40099666075011,8.983152841189951e-05,-8.983152841192748e-05,27,21,test,"-73.6451820281,18.3894982251,-73.6336835924,18.4009966608"
1481,-73.64518202808047,18.383749007295016,-73.63368359244375,18.395247442931748,8.983152841189951e-05,-8.983152841195546e-05,27,21,test,"-73.6451820281,18.3837490073,-73.6336835924,18.3952474429"
1482,-73.63943281026211,18.46998727457049,-73.62793437462538,18.48148571020722,8.983152841189951e-05,-8.983152841195546e-05,28,12,test,"-73.6394328103,18.4699872746,-73.6279343746,18.4814857102"
1483,-73.63943281026211,18.464238056752123,-73.62793437462538,18.475736492388855,8.983152841189951e-05,-8.983152841195546e-05,28,12,test,"-73.6394328103,18.4642380568,-73.6279343746,18.4757364924"
1484,-73.63943281026211,18.45848883893376,-73.62793437462538,18.469987274570492,8.983152841189951e-05,-8.983152841195546e-05,28,12,test,"-73.6394328103,18.4584888389,-73.6279343746,18.4699872746"
1485,-73.63943281026211,18.395247442931744,-73.62793437462538,18.406745878568476,8.983152841189951e-05,-8.983152841195546e-05,27,21,test,"-73.6394328103,18.3952474429,-73.6279343746,18.4067458786"
1486,-73.63943281026211,18.389498225113382,-73.62793437462538,18.40099666075011,8.983152841189951e-05,-8.983152841192748e-05,27,21,test,"-73.6394328103,18.3894982251,-73.6279343746,18.4009966608"
1487,-73.63943281026211,18.383749007295016,-73.62793437462538,18.395247442931748,8.983152841189951e-05,-8.983152841195546e-05,27,21,test,"-73.6394328103,18.3837490073,-73.6279343746,18.3952474429"
1488,-73.63943281026211,18.37799978947665,-73.62793437462538,18.389498225113382,8.983152841189951e-05,-8.983152841195546e-05,27,21,test,"-73.6394328103,18.3779997895,-73.6279343746,18.3894982251"
1489,-73.63368359244375,18.46998727457049,-73.622185156807,18.48148571020722,8.98315284120114e-05,-8.983152841195546e-05,28,12,test,"-73.6336835924,18.4699872746,-73.6221851568,18.4814857102"
1490,-73.63368359244375,18.464238056752123,-73.622185156807,18.475736492388855,8.98315284120114e-05,-8.983152841195546e-05,28,12,test,"-73.6336835924,18.4642380568,-73.6221851568,18.4757364924"
1491,-73.63368359244375,18.45848883893376,-73.622185156807,18.469987274570492,8.98315284120114e-05,-8.983152841195546e-05,28,12,test,"-73.6336835924,18.4584888389,-73.6221851568,18.4699872746"
1492,-73.63368359244375,18.389498225113382,-73.622185156807,18.40099666075011,8.98315284120114e-05,-8.983152841192748e-05,27,21,test,"-73.6336835924,18.3894982251,-73.6221851568,18.4009966608"
1493,-73.63368359244375,18.383749007295016,-73.622185156807,18.395247442931748,8.98315284120114e-05,-8.983152841195546e-05,27,21,test,"-73.6336835924,18.3837490073,-73.6221851568,18.3952474429"
1494,-73.63368359244375,18.37799978947665,-73.622185156807,18.389498225113382,8.98315284120114e-05,-8.983152841195546e-05,27,21,test,"-73.6336835924,18.3779997895,-73.6221851568,18.3894982251"
1495,-73.62793437462538,18.46998727457049,-73.61643593898864,18.48148571020722,8.98315284120114e-05,-8.983152841195546e-05,28,12,test,"-73.6279343746,18.4699872746,-73.6164359390,18.4814857102"
1496,-73.62793437462538,18.464238056752123,-73.61643593898864,18.475736492388855,8.98315284120114e-05,-8.983152841195546e-05,28,12,test,"-73.6279343746,18.4642380568,-73.6164359390,18.4757364924"
1497,-73.62793437462538,18.389498225113382,-73.61643593898864,18.40099666075011,8.98315284120114e-05,-8.983152841192748e-05,27,21,test,"-73.6279343746,18.3894982251,-73.6164359390,18.4009966608"
1498,-73.62793437462538,18.383749007295016,-73.61643593898864,18.395247442931748,8.98315284120114e-05,-8.983152841195546e-05,27,21,test,"-73.6279343746,18.3837490073,-73.6164359390,18.3952474429"
1499,-73.62793437462538,18.37799978947665,-73.61643593898864,18.389498225113382,8.98315284120114e-05,-8.983152841195546e-05,27,21,test,"-73.6279343746,18.3779997895,-73.6164359390,18.3894982251"
1500,-73.62218515680702,18.46998727457049,-73.61068672117028,18.48148571020722,8.98315284120114e-05,-8.983152841195546e-05,28,12,test,"-73.6221851568,18.4699872746,-73.6106867212,18.4814857102"
1501,-73.62218515680702,18.464238056752123,-73.61068672117028,18.475736492388855,8.98315284120114e-05,-8.983152841195546e-05,28,12,test,"-73.6221851568,18.4642380568,-73.6106867212,18.4757364924"
1502,-73.62218515680702,18.383749007295016,-73.61068672117028,18.395247442931748,8.98315284120114e-05,-8.983152841195546e-05,27,21,test,"-73.6221851568,18.3837490073,-73.6106867212,18.3952474429"
1503,-73.62218515680702,18.37799978947665,-73.61068672117028,18.389498225113382,8.98315284120114e-05,-8.983152841195546e-05,27,21,test,"-73.6221851568,18.3779997895,-73.6106867212,18.3894982251"
1504,-73.61068672117028,18.464238056752123,-73.59918828553356,18.475736492388855,8.983152841189951e-05,-8.983152841195546e-05,29,2,val,"-73.6106867212,18.4642380568,-73.5991882855,18.4757364924"
1505,-73.61068672117028,18.45848883893376,-73.59918828553356,18.469987274570492,8.983152841189951e-05,-8.983152841195546e-05,29,2,val,"-73.6106867212,18.4584888389,-73.5991882855,18.4699872746"
1506,-73.61068672117028,18.37799978947665,-73.59918828553356,18.389498225113382,8.983152841189951e-05,-8.983152841195546e-05,30,11,val,"-73.6106867212,18.3779997895,-73.5991882855,18.3894982251"
1507,-73.61068672117028,18.372250571658284,-73.59918828553356,18.383749007295016,8.983152841189951e-05,-8.983152841195546e-05,30,11,val,"-73.6106867212,18.3722505717,-73.5991882855,18.3837490073"
1508,-73.60493750335192,18.37799978947665,-73.5934390677152,18.389498225113382,8.983152841189951e-05,-8.983152841195546e-05,30,11,val,"-73.6049375034,18.3779997895,-73.5934390677,18.3894982251"
1509,-73.60493750335192,18.372250571658284,-73.5934390677152,18.383749007295016,8.983152841189951e-05,-8.983152841195546e-05,30,11,val,"-73.6049375034,18.3722505717,-73.5934390677,18.3837490073"
1510,-73.59918828553356,18.37799978947665,-73.58768984989682,18.389498225113382,8.98315284120114e-05,-8.983152841195546e-05,30,11,val,"-73.5991882855,18.3779997895,-73.5876898499,18.3894982251"
1511,-73.59918828553356,18.372250571658284,-73.58768984989682,18.383749007295016,8.98315284120114e-05,-8.983152841195546e-05,30,11,val,"-73.5991882855,18.3722505717,-73.5876898499,18.3837490073"
1512,-73.59918828553356,18.36650135383992,-73.58768984989682,18.37799978947665,8.98315284120114e-05,-8.983152841195546e-05,30,11,val,"-73.5991882855,18.3665013538,-73.5876898499,18.3779997895"
1513,-73.5934390677152,18.46998727457049,-73.58194063207846,18.48148571020722,8.98315284120114e-05,-8.983152841195546e-05,31,6,val,"-73.5934390677,18.4699872746,-73.5819406321,18.4814857102"
1514,-73.5934390677152,18.464238056752123,-73.58194063207846,18.475736492388855,8.98315284120114e-05,-8.983152841195546e-05,31,6,val,"-73.5934390677,18.4642380568,-73.5819406321,18.4757364924"
1515,-73.5934390677152,18.37799978947665,-73.58194063207846,18.389498225113382,8.98315284120114e-05,-8.983152841195546e-05,30,11,val,"-73.5934390677,18.3779997895,-73.5819406321,18.3894982251"
1516,-73.5934390677152,18.372250571658284,-73.58194063207846,18.383749007295016,8.98315284120114e-05,-8.983152841195546e-05,30,11,val,"-73.5934390677,18.3722505717,-73.5819406321,18.3837490073"
1517,-73.5934390677152,18.36650135383992,-73.58194063207846,18.37799978947665,8.98315284120114e-05,-8.983152841195546e-05,30,11,val,"-73.5934390677,18.3665013538,-73.5819406321,18.3779997895"
1518,-73.58768984989682,18.46998727457049,-73.5761914142601,18.48148571020722,8.983152841189951e-05,-8.983152841195546e-05,31,6,val,"-73.5876898499,18.4699872746,-73.5761914143,18.4814857102"
1519,-73.58768984989682,18.464238056752123,-73.5761914142601,18.475736492388855,8.983152841189951e-05,-8.983152841195546e-05,31,6,val,"-73.5876898499,18.4642380568,-73.5761914143,18.4757364924"
1520,-73.58768984989682,18.36650135383992,-73.5761914142601,18.37799978947665,8.983152841189951e-05,-8.983152841195546e-05,30,11,val,"-73.5876898499,18.3665013538,-73.5761914143,18.3779997895"
1521,-73.58194063207846,18.46998727457049,-73.57044219644173,18.48148571020722,8.983152841189951e-05,-8.983152841195546e-05,31,6,val,"-73.5819406321,18.4699872746,-73.5704421964,18.4814857102"
1522,-73.58194063207846,18.464238056752123,-73.57044219644173,18.475736492388855,8.983152841189951e-05,-8.983152841195546e-05,31,6,val,"-73.5819406321,18.4642380568,-73.5704421964,18.4757364924"
1523,-73.58194063207846,18.34350448256646,-73.57044219644173,18.35500291820319,8.983152841189951e-05,-8.983152841195546e-05,32,49,val,"-73.5819406321,18.3435044826,-73.5704421964,18.3550029182"
1524,-73.58194063207846,18.337755264748097,-73.57044219644173,18.34925370038483,8.983152841189951e-05,-8.983152841195546e-05,32,49,val,"-73.5819406321,18.3377552647,-73.5704421964,18.3492537004"
1525,-73.5761914142601,18.372250571658284,-73.56469297862337,18.383749007295016,8.983152841189951e-05,-8.983152841195546e-05,33,16,val,"-73.5761914143,18.3722505717,-73.5646929786,18.3837490073"
1526,-73.5761914142601,18.36650135383992,-73.56469297862337,18.37799978947665,8.983152841189951e-05,-8.983152841195546e-05,33,16,val,"-73.5761914143,18.3665013538,-73.5646929786,18.3779997895"
1527,-73.5761914142601,18.360752136021556,-73.56469297862337,18.372250571658288,8.983152841189951e-05,-8.983152841195546e-05,33,16,val,"-73.5761914143,18.3607521360,-73.5646929786,18.3722505717"
1528,-73.5761914142601,18.34350448256646,-73.56469297862337,18.35500291820319,8.983152841189951e-05,-8.983152841195546e-05,32,49,val,"-73.5761914143,18.3435044826,-73.5646929786,18.3550029182"
1529,-73.5761914142601,18.337755264748097,-73.56469297862337,18.34925370038483,8.983152841189951e-05,-8.983152841195546e-05,32,49,val,"-73.5761914143,18.3377552647,-73.5646929786,18.3492537004"
1530,-73.5761914142601,18.33200604692973,-73.56469297862337,18.343504482566463,8.983152841189951e-05,-8.983152841195546e-05,32,49,val,"-73.5761914143,18.3320060469,-73.5646929786,18.3435044826"
1531,-73.5761914142601,18.326256829111365,-73.56469297862337,18.337755264748097,8.983152841189951e-05,-8.983152841195546e-05,32,49,val,"-73.5761914143,18.3262568291,-73.5646929786,18.3377552647"
1532,-73.57044219644173,18.36650135383992,-73.558943760805,18.37799978947665,8.98315284120114e-05,-8.983152841195546e-05,33,16,val,"-73.5704421964,18.3665013538,-73.5589437608,18.3779997895"
1533,-73.57044219644173,18.360752136021556,-73.558943760805,18.372250571658288,8.98315284120114e-05,-8.983152841195546e-05,33,16,val,"-73.5704421964,18.3607521360,-73.5589437608,18.3722505717"
1534,-73.57044219644173,18.337755264748097,-73.558943760805,18.34925370038483,8.98315284120114e-05,-8.983152841195546e-05,32,49,val,"-73.5704421964,18.3377552647,-73.5589437608,18.3492537004"
1535,-73.57044219644173,18.33200604692973,-73.558943760805,18.343504482566463,8.98315284120114e-05,-8.983152841195546e-05,32,49,val,"-73.5704421964,18.3320060469,-73.5589437608,18.3435044826"
1536,-73.57044219644173,18.326256829111365,-73.558943760805,18.337755264748097,8.98315284120114e-05,-8.983152841195546e-05,32,49,val,"-73.5704421964,18.3262568291,-73.5589437608,18.3377552647"
1537,-73.57044219644173,18.320507611293,-73.558943760805,18.33200604692973,8.98315284120114e-05,-8.983152841195546e-05,32,49,val,"-73.5704421964,18.3205076113,-73.5589437608,18.3320060469"
1538,-73.57044219644173,18.314758393474637,-73.558943760805,18.32625682911137,8.98315284120114e-05,-8.983152841195546e-05,32,49,val,"-73.5704421964,18.3147583935,-73.5589437608,18.3262568291"
1539,-73.57044219644173,18.30900917565627,-73.558943760805,18.320507611293003,8.98315284120114e-05,-8.983152841195546e-05,32,49,val,"-73.5704421964,18.3090091757,-73.5589437608,18.3205076113"
1540,-73.56469297862337,18.36650135383992,-73.55319454298663,18.37799978947665,8.98315284120114e-05,-8.983152841195546e-05,33,16,val,"-73.5646929786,18.3665013538,-73.5531945430,18.3779997895"
1541,-73.56469297862337,18.360752136021556,-73.55319454298663,18.372250571658288,8.98315284120114e-05,-8.983152841195546e-05,33,16,val,"-73.5646929786,18.3607521360,-73.5531945430,18.3722505717"
1542,-73.56469297862337,18.337755264748097,-73.55319454298663,18.34925370038483,8.98315284120114e-05,-8.983152841195546e-05,32,49,val,"-73.5646929786,18.3377552647,-73.5531945430,18.3492537004"
1543,-73.56469297862337,18.33200604692973,-73.55319454298663,18.343504482566463,8.98315284120114e-05,-8.983152841195546e-05,32,49,val,"-73.5646929786,18.3320060469,-73.5531945430,18.3435044826"
1544,-73.56469297862337,18.326256829111365,-73.55319454298663,18.337755264748097,8.98315284120114e-05,-8.983152841195546e-05,32,49,val,"-73.5646929786,18.3262568291,-73.5531945430,18.3377552647"
1545,-73.56469297862337,18.320507611293,-73.55319454298663,18.33200604692973,8.98315284120114e-05,-8.983152841195546e-05,32,49,val,"-73.5646929786,18.3205076113,-73.5531945430,18.3320060469"
1546,-73.56469297862337,18.314758393474637,-73.55319454298663,18.32625682911137,8.98315284120114e-05,-8.983152841195546e-05,32,49,val,"-73.5646929786,18.3147583935,-73.5531945430,18.3262568291"
1547,-73.56469297862337,18.30900917565627,-73.55319454298663,18.320507611293003,8.98315284120114e-05,-8.983152841195546e-05,32,49,val,"-73.5646929786,18.3090091757,-73.5531945430,18.3205076113"
1548,-73.55894376080501,18.46998727457049,-73.54744532516827,18.48148571020722,8.98315284120114e-05,-8.983152841195546e-05,34,13,val,"-73.5589437608,18.4699872746,-73.5474453252,18.4814857102"
1549,-73.55894376080501,18.464238056752123,-73.54744532516827,18.475736492388855,8.98315284120114e-05,-8.983152841195546e-05,34,13,val,"-73.5589437608,18.4642380568,-73.5474453252,18.4757364924"
1550,-73.55894376080501,18.45848883893376,-73.54744532516827,18.469987274570492,8.98315284120114e-05,-8.983152841195546e-05,34,13,val,"-73.5589437608,18.4584888389,-73.5474453252,18.4699872746"
1551,-73.55894376080501,18.44699040329703,-73.54744532516827,18.45848883893376,8.98315284120114e-05,-8.983152841195546e-05,34,13,val,"-73.5589437608,18.4469904033,-73.5474453252,18.4584888389"
1552,-73.55894376080501,18.441241185478663,-73.54744532516827,18.452739621115395,8.98315284120114e-05,-8.983152841195546e-05,34,13,val,"-73.5589437608,18.4412411855,-73.5474453252,18.4527396211"
1553,-73.55894376080501,18.372250571658284,-73.54744532516827,18.383749007295016,8.98315284120114e-05,-8.983152841195546e-05,33,16,val,"-73.5589437608,18.3722505717,-73.5474453252,18.3837490073"
1554,-73.55894376080501,18.36650135383992,-73.54744532516827,18.37799978947665,8.98315284120114e-05,-8.983152841195546e-05,33,16,val,"-73.5589437608,18.3665013538,-73.5474453252,18.3779997895"
1555,-73.55894376080501,18.360752136021556,-73.54744532516827,18.372250571658288,8.98315284120114e-05,-8.983152841195546e-05,33,16,val,"-73.5589437608,18.3607521360,-73.5474453252,18.3722505717"
1556,-73.55894376080501,18.34350448256646,-73.54744532516827,18.35500291820319,8.98315284120114e-05,-8.983152841195546e-05,32,49,val,"-73.5589437608,18.3435044826,-73.5474453252,18.3550029182"
1557,-73.55894376080501,18.337755264748097,-73.54744532516827,18.34925370038483,8.98315284120114e-05,-8.983152841195546e-05,32,49,val,"-73.5589437608,18.3377552647,-73.5474453252,18.3492537004"
1558,-73.55894376080501,18.33200604692973,-73.54744532516827,18.343504482566463,8.98315284120114e-05,-8.983152841195546e-05,32,49,val,"-73.5589437608,18.3320060469,-73.5474453252,18.3435044826"
1559,-73.55894376080501,18.326256829111365,-73.54744532516827,18.337755264748097,8.98315284120114e-05,-8.983152841195546e-05,32,49,val,"-73.5589437608,18.3262568291,-73.5474453252,18.3377552647"
1560,-73.55894376080501,18.320507611293,-73.54744532516827,18.33200604692973,8.98315284120114e-05,-8.983152841195546e-05,32,49,val,"-73.5589437608,18.3205076113,-73.5474453252,18.3320060469"
1561,-73.55894376080501,18.314758393474637,-73.54744532516827,18.32625682911137,8.98315284120114e-05,-8.983152841195546e-05,32,49,val,"-73.5589437608,18.3147583935,-73.5474453252,18.3262568291"
1562,-73.55894376080501,18.30900917565627,-73.54744532516827,18.320507611293003,8.98315284120114e-05,-8.983152841195546e-05,32,49,val,"-73.5589437608,18.3090091757,-73.5474453252,18.3205076113"
1563,-73.55894376080501,18.303259957837906,-73.54744532516827,18.314758393474637,8.98315284120114e-05,-8.983152841195546e-05,32,49,val,"-73.5589437608,18.3032599578,-73.5474453252,18.3147583935"
1564,-73.55319454298663,18.49298414584395,-73.5416961073499,18.50448258148068,8.983152841189951e-05,-8.983152841195546e-05,35,4,test,"-73.5531945430,18.4929841458,-73.5416961073,18.5044825815"
1565,-73.55319454298663,18.487234928025583,-73.5416961073499,18.498733363662314,8.983152841189951e-05,-8.983152841195546e-05,35,4,test,"-73.5531945430,18.4872349280,-73.5416961073,18.4987333637"
1566,-73.55319454298663,18.46998727457049,-73.5416961073499,18.48148571020722,8.983152841189951e-05,-8.983152841195546e-05,34,13,val,"-73.5531945430,18.4699872746,-73.5416961073,18.4814857102"
1567,-73.55319454298663,18.464238056752123,-73.5416961073499,18.475736492388855,8.983152841189951e-05,-8.983152841195546e-05,34,13,val,"-73.5531945430,18.4642380568,-73.5416961073,18.4757364924"
1568,-73.55319454298663,18.45848883893376,-73.5416961073499,18.469987274570492,8.983152841189951e-05,-8.983152841195546e-05,34,13,val,"-73.5531945430,18.4584888389,-73.5416961073,18.4699872746"
1569,-73.55319454298663,18.452739621115395,-73.5416961073499,18.464238056752126,8.983152841189951e-05,-8.983152841195546e-05,34,13,val,"-73.5531945430,18.4527396211,-73.5416961073,18.4642380568"
1570,-73.55319454298663,18.44699040329703,-73.5416961073499,18.45848883893376,8.983152841189951e-05,-8.983152841195546e-05,34,13,val,"-73.5531945430,18.4469904033,-73.5416961073,18.4584888389"
1571,-73.55319454298663,18.441241185478663,-73.5416961073499,18.452739621115395,8.983152841189951e-05,-8.983152841195546e-05,34,13,val,"-73.5531945430,18.4412411855,-73.5416961073,18.4527396211"
1572,-73.55319454298663,18.37799978947665,-73.5416961073499,18.389498225113382,8.983152841189951e-05,-8.983152841195546e-05,33,16,val,"-73.5531945430,18.3779997895,-73.5416961073,18.3894982251"
1573,-73.55319454298663,18.372250571658284,-73.5416961073499,18.383749007295016,8.983152841189951e-05,-8.983152841195546e-05,33,16,val,"-73.5531945430,18.3722505717,-73.5416961073,18.3837490073"
1574,-73.55319454298663,18.36650135383992,-73.5416961073499,18.37799978947665,8.983152841189951e-05,-8.983152841195546e-05,33,16,val,"-73.5531945430,18.3665013538,-73.5416961073,18.3779997895"
1575,-73.55319454298663,18.360752136021556,-73.5416961073499,18.372250571658288,8.983152841189951e-05,-8.983152841195546e-05,33,16,val,"-73.5531945430,18.3607521360,-73.5416961073,18.3722505717"
1576,-73.55319454298663,18.349253700384825,-73.5416961073499,18.360752136021556,8.983152841189951e-05,-8.983152841195546e-05,32,49,val,"-73.5531945430,18.3492537004,-73.5416961073,18.3607521360"
1577,-73.55319454298663,18.34350448256646,-73.5416961073499,18.35500291820319,8.983152841189951e-05,-8.983152841195546e-05,32,49,val,"-73.5531945430,18.3435044826,-73.5416961073,18.3550029182"
1578,-73.55319454298663,18.337755264748097,-73.5416961073499,18.34925370038483,8.983152841189951e-05,-8.983152841195546e-05,32,49,val,"-73.5531945430,18.3377552647,-73.5416961073,18.3492537004"
1579,-73.55319454298663,18.33200604692973,-73.5416961073499,18.343504482566463,8.983152841189951e-05,-8.983152841195546e-05,32,49,val,"-73.5531945430,18.3320060469,-73.5416961073,18.3435044826"
1580,-73.55319454298663,18.326256829111365,-73.5416961073499,18.337755264748097,8.983152841189951e-05,-8.983152841195546e-05,32,49,val,"-73.5531945430,18.3262568291,-73.5416961073,18.3377552647"
1581,-73.55319454298663,18.320507611293,-73.5416961073499,18.33200604692973,8.983152841189951e-05,-8.983152841195546e-05,32,49,val,"-73.5531945430,18.3205076113,-73.5416961073,18.3320060469"
1582,-73.55319454298663,18.314758393474637,-73.5416961073499,18.32625682911137,8.983152841189951e-05,-8.983152841195546e-05,32,49,val,"-73.5531945430,18.3147583935,-73.5416961073,18.3262568291"
1583,-73.55319454298663,18.30900917565627,-73.5416961073499,18.320507611293003,8.983152841189951e-05,-8.983152841195546e-05,32,49,val,"-73.5531945430,18.3090091757,-73.5416961073,18.3205076113"
1584,-73.55319454298663,18.303259957837906,-73.5416961073499,18.314758393474637,8.983152841189951e-05,-8.983152841195546e-05,32,49,val,"-73.5531945430,18.3032599578,-73.5416961073,18.3147583935"
1585,-73.54744532516827,18.49298414584395,-73.53594688953154,18.50448258148068,8.983152841189951e-05,-8.983152841195546e-05,35,4,test,"-73.5474453252,18.4929841458,-73.5359468895,18.5044825815"
1586,-73.54744532516827,18.487234928025583,-73.53594688953154,18.498733363662314,8.983152841189951e-05,-8.983152841195546e-05,35,4,test,"-73.5474453252,18.4872349280,-73.5359468895,18.4987333637"
1587,-73.54744532516827,18.464238056752123,-73.53594688953154,18.475736492388855,8.983152841189951e-05,-8.983152841195546e-05,34,13,val,"-73.5474453252,18.4642380568,-73.5359468895,18.4757364924"
1588,-73.54744532516827,18.45848883893376,-73.53594688953154,18.469987274570492,8.983152841189951e-05,-8.983152841195546e-05,34,13,val,"-73.5474453252,18.4584888389,-73.5359468895,18.4699872746"
1589,-73.54744532516827,18.406745878568476,-73.53594688953154,18.418244314205207,8.983152841189951e-05,-8.983152841195546e-05,36,5,val,"-73.5474453252,18.4067458786,-73.5359468895,18.4182443142"
1590,-73.54744532516827,18.383749007295016,-73.53594688953154,18.395247442931748,8.983152841189951e-05,-8.983152841195546e-05,33,16,val,"-73.5474453252,18.3837490073,-73.5359468895,18.3952474429"
1591,-73.54744532516827,18.37799978947665,-73.53594688953154,18.389498225113382,8.983152841189951e-05,-8.983152841195546e-05,33,16,val,"-73.5474453252,18.3779997895,-73.5359468895,18.3894982251"
1592,-73.54744532516827,18.349253700384825,-73.53594688953154,18.360752136021556,8.983152841189951e-05,-8.983152841195546e-05,32,49,val,"-73.5474453252,18.3492537004,-73.5359468895,18.3607521360"
1593,-73.54744532516827,18.34350448256646,-73.53594688953154,18.35500291820319,8.983152841189951e-05,-8.983152841195546e-05,32,49,val,"-73.5474453252,18.3435044826,-73.5359468895,18.3550029182"
1594,-73.54744532516827,18.337755264748097,-73.53594688953154,18.34925370038483,8.983152841189951e-05,-8.983152841195546e-05,32,49,val,"-73.5474453252,18.3377552647,-73.5359468895,18.3492537004"
1595,-73.54744532516827,18.326256829111365,-73.53594688953154,18.337755264748097,8.983152841189951e-05,-8.983152841195546e-05,32,49,val,"-73.5474453252,18.3262568291,-73.5359468895,18.3377552647"
1596,-73.54744532516827,18.320507611293,-73.53594688953154,18.33200604692973,8.983152841189951e-05,-8.983152841195546e-05,32,49,val,"-73.5474453252,18.3205076113,-73.5359468895,18.3320060469"
1597,-73.54744532516827,18.30900917565627,-73.53594688953154,18.320507611293003,8.983152841189951e-05,-8.983152841195546e-05,32,49,val,"-73.5474453252,18.3090091757,-73.5359468895,18.3205076113"
1598,-73.54744532516827,18.303259957837906,-73.53594688953154,18.314758393474637,8.983152841189951e-05,-8.983152841195546e-05,32,49,val,"-73.5474453252,18.3032599578,-73.5359468895,18.3147583935"
1599,-73.54744532516827,18.29751074001954,-73.53594688953154,18.30900917565627,8.983152841189951e-05,-8.983152841195546e-05,32,49,val,"-73.5474453252,18.2975107400,-73.5359468895,18.3090091757"
1600,-73.5416961073499,18.406745878568476,-73.53019767171317,18.418244314205207,8.98315284120114e-05,-8.983152841195546e-05,36,5,val,"-73.5416961073,18.4067458786,-73.5301976717,18.4182443142"
1601,-73.5416961073499,18.40099666075011,-73.53019767171317,18.41249509638684,8.98315284120114e-05,-8.983152841195546e-05,36,5,val,"-73.5416961073,18.4009966608,-73.5301976717,18.4124950964"
1602,-73.5416961073499,18.30900917565627,-73.53019767171317,18.320507611293003,8.98315284120114e-05,-8.983152841195546e-05,32,49,val,"-73.5416961073,18.3090091757,-73.5301976717,18.3205076113"
1603,-73.5416961073499,18.303259957837906,-73.53019767171317,18.314758393474637,8.98315284120114e-05,-8.983152841195546e-05,32,49,val,"-73.5416961073,18.3032599578,-73.5301976717,18.3147583935"
1604,-73.5416961073499,18.29751074001954,-73.53019767171317,18.30900917565627,8.98315284120114e-05,-8.983152841195546e-05,32,49,val,"-73.5416961073,18.2975107400,-73.5301976717,18.3090091757"
1605,-73.5416961073499,18.291761522201178,-73.53019767171317,18.303259957837906,8.98315284120114e-05,-8.983152841192748e-05,32,49,val,"-73.5416961073,18.2917615222,-73.5301976717,18.3032599578"
1606,-73.53594688953154,18.406745878568476,-73.5244484538948,18.418244314205207,8.98315284120114e-05,-8.983152841195546e-05,36,5,val,"-73.5359468895,18.4067458786,-73.5244484539,18.4182443142"
1607,-73.53594688953154,18.40099666075011,-73.5244484538948,18.41249509638684,8.98315284120114e-05,-8.983152841195546e-05,36,5,val,"-73.5359468895,18.4009966608,-73.5244484539,18.4124950964"
1608,-73.53594688953154,18.383749007295016,-73.5244484538948,18.395247442931748,8.98315284120114e-05,-8.983152841195546e-05,37,4,val,"-73.5359468895,18.3837490073,-73.5244484539,18.3952474429"
1609,-73.53594688953154,18.37799978947665,-73.5244484538948,18.389498225113382,8.98315284120114e-05,-8.983152841195546e-05,37,4,val,"-73.5359468895,18.3779997895,-73.5244484539,18.3894982251"
1610,-73.53594688953154,18.35500291820319,-73.5244484538948,18.366501353839922,8.98315284120114e-05,-8.983152841195546e-05,38,15,test,"-73.5359468895,18.3550029182,-73.5244484539,18.3665013538"
1611,-73.53594688953154,18.349253700384825,-73.5244484538948,18.360752136021556,8.98315284120114e-05,-8.983152841195546e-05,38,15,test,"-73.5359468895,18.3492537004,-73.5244484539,18.3607521360"
1612,-73.53594688953154,18.29751074001954,-73.5244484538948,18.30900917565627,8.98315284120114e-05,-8.983152841195546e-05,32,49,val,"-73.5359468895,18.2975107400,-73.5244484539,18.3090091757"
1613,-73.53594688953154,18.291761522201178,-73.5244484538948,18.303259957837906,8.98315284120114e-05,-8.983152841192748e-05,32,49,val,"-73.5359468895,18.2917615222,-73.5244484539,18.3032599578"
1614,-73.53019767171318,18.383749007295016,-73.51869923607644,18.395247442931748,8.98315284120114e-05,-8.983152841195546e-05,37,4,val,"-73.5301976717,18.3837490073,-73.5186992361,18.3952474429"
1615,-73.53019767171318,18.37799978947665,-73.51869923607644,18.389498225113382,8.98315284120114e-05,-8.983152841195546e-05,37,4,val,"-73.5301976717,18.3779997895,-73.5186992361,18.3894982251"
1616,-73.53019767171318,18.34350448256646,-73.51869923607644,18.35500291820319,8.98315284120114e-05,-8.983152841195546e-05,38,15,test,"-73.5301976717,18.3435044826,-73.5186992361,18.3550029182"
1617,-73.53019767171318,18.337755264748097,-73.51869923607644,18.34925370038483,8.98315284120114e-05,-8.983152841195546e-05,38,15,test,"-73.5301976717,18.3377552647,-73.5186992361,18.3492537004"
1618,-73.5244484538948,18.349253700384825,-73.51295001825808,18.360752136021556,8.983152841189951e-05,-8.983152841195546e-05,38,15,test,"-73.5244484539,18.3492537004,-73.5129500183,18.3607521360"
1619,-73.5244484538948,18.34350448256646,-73.51295001825808,18.35500291820319,8.983152841189951e-05,-8.983152841195546e-05,38,15,test,"-73.5244484539,18.3435044826,-73.5129500183,18.3550029182"
1620,-73.5244484538948,18.337755264748097,-73.51295001825808,18.34925370038483,8.983152841189951e-05,-8.983152841195546e-05,38,15,test,"-73.5244484539,18.3377552647,-73.5129500183,18.3492537004"
1621,-73.51869923607644,18.349253700384825,-73.50720080043972,18.360752136021556,8.983152841189951e-05,-8.983152841195546e-05,38,15,test,"-73.5186992361,18.3492537004,-73.5072008004,18.3607521360"
1622,-73.51869923607644,18.34350448256646,-73.50720080043972,18.35500291820319,8.983152841189951e-05,-8.983152841195546e-05,38,15,test,"-73.5186992361,18.3435044826,-73.5072008004,18.3550029182"
1623,-73.51869923607644,18.337755264748097,-73.50720080043972,18.34925370038483,8.983152841189951e-05,-8.983152841195546e-05,38,15,test,"-73.5186992361,18.3377552647,-73.5072008004,18.3492537004"
1624,-73.51869923607644,18.33200604692973,-73.50720080043972,18.343504482566463,8.983152841189951e-05,-8.983152841195546e-05,38,15,test,"-73.5186992361,18.3320060469,-73.5072008004,18.3435044826"
1625,-73.51869923607644,18.320507611293,-73.50720080043972,18.33200604692973,8.983152841189951e-05,-8.983152841195546e-05,39,45,test,"-73.5186992361,18.3205076113,-73.5072008004,18.3320060469"
1626,-73.51869923607644,18.314758393474637,-73.50720080043972,18.32625682911137,8.983152841189951e-05,-8.983152841195546e-05,39,45,test,"-73.5186992361,18.3147583935,-73.5072008004,18.3262568291"
1627,-73.51295001825808,18.37799978947665,-73.50145158262136,18.389498225113382,8.983152841189951e-05,-8.983152841195546e-05,40,1,test,"-73.5129500183,18.3779997895,-73.5014515826,18.3894982251"
1628,-73.51295001825808,18.349253700384825,-73.50145158262136,18.360752136021556,8.983152841189951e-05,-8.983152841195546e-05,38,15,test,"-73.5129500183,18.3492537004,-73.5014515826,18.3607521360"
1629,-73.51295001825808,18.34350448256646,-73.50145158262136,18.35500291820319,8.983152841189951e-05,-8.983152841195546e-05,38,15,test,"-73.5129500183,18.3435044826,-73.5014515826,18.3550029182"
1630,-73.51295001825808,18.337755264748097,-73.50145158262136,18.34925370038483,8.983152841189951e-05,-8.983152841195546e-05,38,15,test,"-73.5129500183,18.3377552647,-73.5014515826,18.3492537004"
1631,-73.51295001825808,18.33200604692973,-73.50145158262136,18.343504482566463,8.983152841189951e-05,-8.983152841195546e-05,38,15,test,"-73.5129500183,18.3320060469,-73.5014515826,18.3435044826"
1632,-73.51295001825808,18.320507611293,-73.50145158262136,18.33200604692973,8.983152841189951e-05,-8.983152841195546e-05,39,45,test,"-73.5129500183,18.3205076113,-73.5014515826,18.3320060469"
1633,-73.51295001825808,18.314758393474637,-73.50145158262136,18.32625682911137,8.983152841189951e-05,-8.983152841195546e-05,39,45,test,"-73.5129500183,18.3147583935,-73.5014515826,18.3262568291"
1634,-73.51295001825808,18.30900917565627,-73.50145158262136,18.320507611293003,8.983152841189951e-05,-8.983152841195546e-05,39,45,test,"-73.5129500183,18.3090091757,-73.5014515826,18.3205076113"
1635,-73.51295001825808,18.263015433109352,-73.50145158262136,18.274513868746084,8.983152841189951e-05,-8.983152841195546e-05,41,9,test,"-73.5129500183,18.2630154331,-73.5014515826,18.2745138687"
1636,-73.51295001825808,18.257266215290986,-73.50145158262136,18.268764650927718,8.983152841189951e-05,-8.983152841195546e-05,41,9,test,"-73.5129500183,18.2572662153,-73.5014515826,18.2687646509"
1637,-73.50720080043972,18.41249509638684,-73.49570236480298,18.42399353202357,8.98315284120114e-05,-8.983152841192748e-05,42,6,test,"-73.5072008004,18.4124950964,-73.4957023648,18.4239935320"
1638,-73.50720080043972,18.406745878568476,-73.49570236480298,18.418244314205207,8.98315284120114e-05,-8.983152841195546e-05,42,6,test,"-73.5072008004,18.4067458786,-73.4957023648,18.4182443142"
1639,-73.50720080043972,18.320507611293,-73.49570236480298,18.33200604692973,8.98315284120114e-05,-8.983152841195546e-05,39,45,test,"-73.5072008004,18.3205076113,-73.4957023648,18.3320060469"
1640,-73.50720080043972,18.314758393474637,-73.49570236480298,18.32625682911137,8.98315284120114e-05,-8.983152841195546e-05,39,45,test,"-73.5072008004,18.3147583935,-73.4957023648,18.3262568291"
1641,-73.50720080043972,18.30900917565627,-73.49570236480298,18.320507611293003,8.98315284120114e-05,-8.983152841195546e-05,39,45,test,"-73.5072008004,18.3090091757,-73.4957023648,18.3205076113"
1642,-73.50720080043972,18.268764650927718,-73.49570236480298,18.280263086564446,8.98315284120114e-05,-8.983152841192748e-05,41,9,test,"-73.5072008004,18.2687646509,-73.4957023648,18.2802630866"
1643,-73.50720080043972,18.263015433109352,-73.49570236480298,18.274513868746084,8.98315284120114e-05,-8.983152841195546e-05,41,9,test,"-73.5072008004,18.2630154331,-73.4957023648,18.2745138687"
1644,-73.50720080043972,18.257266215290986,-73.49570236480298,18.268764650927718,8.98315284120114e-05,-8.983152841195546e-05,41,9,test,"-73.5072008004,18.2572662153,-73.4957023648,18.2687646509"
1645,-73.50145158262136,18.464238056752123,-73.48995314698462,18.475736492388855,8.98315284120114e-05,-8.983152841195546e-05,43,2,val,"-73.5014515826,18.4642380568,-73.4899531470,18.4757364924"
1646,-73.50145158262136,18.406745878568476,-73.48995314698462,18.418244314205207,8.98315284120114e-05,-8.983152841195546e-05,42,6,test,"-73.5014515826,18.4067458786,-73.4899531470,18.4182443142"
1647,-73.50145158262136,18.40099666075011,-73.48995314698462,18.41249509638684,8.98315284120114e-05,-8.983152841195546e-05,42,6,test,"-73.5014515826,18.4009966608,-73.4899531470,18.4124950964"
1648,-73.50145158262136,18.37799978947665,-73.48995314698462,18.389498225113382,8.98315284120114e-05,-8.983152841195546e-05,44,10,test,"-73.5014515826,18.3779997895,-73.4899531470,18.3894982251"
1649,-73.50145158262136,18.372250571658284,-73.48995314698462,18.383749007295016,8.98315284120114e-05,-8.983152841195546e-05,44,10,test,"-73.5014515826,18.3722505717,-73.4899531470,18.3837490073"
1650,-73.50145158262136,18.314758393474637,-73.48995314698462,18.32625682911137,8.98315284120114e-05,-8.983152841195546e-05,39,45,test,"-73.5014515826,18.3147583935,-73.4899531470,18.3262568291"
1651,-73.50145158262136,18.30900917565627,-73.48995314698462,18.320507611293003,8.98315284120114e-05,-8.983152841195546e-05,39,45,test,"-73.5014515826,18.3090091757,-73.4899531470,18.3205076113"
1652,-73.50145158262136,18.303259957837906,-73.48995314698462,18.314758393474637,8.98315284120114e-05,-8.983152841195546e-05,39,45,test,"-73.5014515826,18.3032599578,-73.4899531470,18.3147583935"
1653,-73.50145158262136,18.29751074001954,-73.48995314698462,18.30900917565627,8.98315284120114e-05,-8.983152841195546e-05,39,45,test,"-73.5014515826,18.2975107400,-73.4899531470,18.3090091757"
1654,-73.50145158262136,18.291761522201178,-73.48995314698462,18.303259957837906,8.98315284120114e-05,-8.983152841192748e-05,39,45,test,"-73.5014515826,18.2917615222,-73.4899531470,18.3032599578"
1655,-73.50145158262136,18.268764650927718,-73.48995314698462,18.280263086564446,8.98315284120114e-05,-8.983152841192748e-05,41,9,test,"-73.5014515826,18.2687646509,-73.4899531470,18.2802630866"
1656,-73.50145158262136,18.263015433109352,-73.48995314698462,18.274513868746084,8.98315284120114e-05,-8.983152841195546e-05,41,9,test,"-73.5014515826,18.2630154331,-73.4899531470,18.2745138687"
1657,-73.49570236480298,18.464238056752123,-73.48420392916626,18.475736492388855,8.983152841189951e-05,-8.983152841195546e-05,43,2,val,"-73.4957023648,18.4642380568,-73.4842039292,18.4757364924"
1658,-73.49570236480298,18.406745878568476,-73.48420392916626,18.418244314205207,8.983152841189951e-05,-8.983152841195546e-05,42,6,test,"-73.4957023648,18.4067458786,-73.4842039292,18.4182443142"
1659,-73.49570236480298,18.40099666075011,-73.48420392916626,18.41249509638684,8.983152841189951e-05,-8.983152841195546e-05,42,6,test,"-73.4957023648,18.4009966608,-73.4842039292,18.4124950964"
1660,-73.49570236480298,18.37799978947665,-73.48420392916626,18.389498225113382,8.983152841189951e-05,-8.983152841195546e-05,44,10,test,"-73.4957023648,18.3779997895,-73.4842039292,18.3894982251"
1661,-73.49570236480298,18.372250571658284,-73.48420392916626,18.383749007295016,8.983152841189951e-05,-8.983152841195546e-05,44,10,test,"-73.4957023648,18.3722505717,-73.4842039292,18.3837490073"
1662,-73.49570236480298,18.36650135383992,-73.48420392916626,18.37799978947665,8.983152841189951e-05,-8.983152841195546e-05,44,10,test,"-73.4957023648,18.3665013538,-73.4842039292,18.3779997895"
1663,-73.49570236480298,18.30900917565627,-73.48420392916626,18.320507611293003,8.983152841189951e-05,-8.983152841195546e-05,39,45,test,"-73.4957023648,18.3090091757,-73.4842039292,18.3205076113"
1664,-73.49570236480298,18.303259957837906,-73.48420392916626,18.314758393474637,8.983152841189951e-05,-8.983152841195546e-05,39,45,test,"-73.4957023648,18.3032599578,-73.4842039292,18.3147583935"
1665,-73.49570236480298,18.29751074001954,-73.48420392916626,18.30900917565627,8.983152841189951e-05,-8.983152841195546e-05,39,45,test,"-73.4957023648,18.2975107400,-73.4842039292,18.3090091757"
1666,-73.49570236480298,18.268764650927718,-73.48420392916626,18.280263086564446,8.983152841189951e-05,-8.983152841192748e-05,41,9,test,"-73.4957023648,18.2687646509,-73.4842039292,18.2802630866"
1667,-73.49570236480298,18.263015433109352,-73.48420392916626,18.274513868746084,8.983152841189951e-05,-8.983152841195546e-05,41,9,test,"-73.4957023648,18.2630154331,-73.4842039292,18.2745138687"
1668,-73.48995314698462,18.37799978947665,-73.4784547113479,18.389498225113382,8.983152841189951e-05,-8.983152841195546e-05,44,10,test,"-73.4899531470,18.3779997895,-73.4784547113,18.3894982251"
1669,-73.48995314698462,18.372250571658284,-73.4784547113479,18.383749007295016,8.983152841189951e-05,-8.983152841195546e-05,44,10,test,"-73.4899531470,18.3722505717,-73.4784547113,18.3837490073"
1670,-73.48995314698462,18.36650135383992,-73.4784547113479,18.37799978947665,8.983152841189951e-05,-8.983152841195546e-05,44,10,test,"-73.4899531470,18.3665013538,-73.4784547113,18.3779997895"
1671,-73.48995314698462,18.314758393474637,-73.4784547113479,18.32625682911137,8.983152841189951e-05,-8.983152841195546e-05,39,45,test,"-73.4899531470,18.3147583935,-73.4784547113,18.3262568291"
1672,-73.48995314698462,18.30900917565627,-73.4784547113479,18.320507611293003,8.983152841189951e-05,-8.983152841195546e-05,39,45,test,"-73.4899531470,18.3090091757,-73.4784547113,18.3205076113"
1673,-73.48995314698462,18.303259957837906,-73.4784547113479,18.314758393474637,8.983152841189951e-05,-8.983152841195546e-05,39,45,test,"-73.4899531470,18.3032599578,-73.4784547113,18.3147583935"
1674,-73.48995314698462,18.29751074001954,-73.4784547113479,18.30900917565627,8.983152841189951e-05,-8.983152841195546e-05,39,45,test,"-73.4899531470,18.2975107400,-73.4784547113,18.3090091757"
1675,-73.48420392916626,18.475736492388855,-73.47270549352953,18.487234928025586,8.983152841189951e-05,-8.983152841195546e-05,45,5,test,"-73.4842039292,18.4757364924,-73.4727054935,18.4872349280"
1676,-73.48420392916626,18.46998727457049,-73.47270549352953,18.48148571020722,8.983152841189951e-05,-8.983152841195546e-05,45,5,test,"-73.4842039292,18.4699872746,-73.4727054935,18.4814857102"
1677,-73.48420392916626,18.37799978947665,-73.47270549352953,18.389498225113382,8.983152841189951e-05,-8.983152841195546e-05,44,10,test,"-73.4842039292,18.3779997895,-73.4727054935,18.3894982251"
1678,-73.48420392916626,18.372250571658284,-73.47270549352953,18.383749007295016,8.983152841189951e-05,-8.983152841195546e-05,44,10,test,"-73.4842039292,18.3722505717,-73.4727054935,18.3837490073"
1679,-73.48420392916626,18.314758393474637,-73.47270549352953,18.32625682911137,8.983152841189951e-05,-8.983152841195546e-05,39,45,test,"-73.4842039292,18.3147583935,-73.4727054935,18.3262568291"
1680,-73.48420392916626,18.30900917565627,-73.47270549352953,18.320507611293003,8.983152841189951e-05,-8.983152841195546e-05,39,45,test,"-73.4842039292,18.3090091757,-73.4727054935,18.3205076113"
1681,-73.48420392916626,18.303259957837906,-73.47270549352953,18.314758393474637,8.983152841189951e-05,-8.983152841195546e-05,39,45,test,"-73.4842039292,18.3032599578,-73.4727054935,18.3147583935"
1682,-73.48420392916626,18.29751074001954,-73.47270549352953,18.30900917565627,8.983152841189951e-05,-8.983152841195546e-05,39,45,test,"-73.4842039292,18.2975107400,-73.4727054935,18.3090091757"
1683,-73.4784547113479,18.475736492388855,-73.46695627571115,18.487234928025586,8.98315284120114e-05,-8.983152841195546e-05,45,5,test,"-73.4784547113,18.4757364924,-73.4669562757,18.4872349280"
1684,-73.4784547113479,18.46998727457049,-73.46695627571115,18.48148571020722,8.98315284120114e-05,-8.983152841195546e-05,45,5,test,"-73.4784547113,18.4699872746,-73.4669562757,18.4814857102"
1685,-73.4784547113479,18.464238056752123,-73.46695627571115,18.475736492388855,8.98315284120114e-05,-8.983152841195546e-05,45,5,test,"-73.4784547113,18.4642380568,-73.4669562757,18.4757364924"
1686,-73.4784547113479,18.326256829111365,-73.46695627571115,18.337755264748097,8.98315284120114e-05,-8.983152841195546e-05,39,45,test,"-73.4784547113,18.3262568291,-73.4669562757,18.3377552647"
1687,-73.4784547113479,18.320507611293,-73.46695627571115,18.33200604692973,8.98315284120114e-05,-8.983152841195546e-05,39,45,test,"-73.4784547113,18.3205076113,-73.4669562757,18.3320060469"
1688,-73.4784547113479,18.314758393474637,-73.46695627571115,18.32625682911137,8.98315284120114e-05,-8.983152841195546e-05,39,45,test,"-73.4784547113,18.3147583935,-73.4669562757,18.3262568291"
1689,-73.4784547113479,18.30900917565627,-73.46695627571115,18.320507611293003,8.98315284120114e-05,-8.983152841195546e-05,39,45,test,"-73.4784547113,18.3090091757,-73.4669562757,18.3205076113"
1690,-73.47270549352953,18.34350448256646,-73.46120705789279,18.35500291820319,8.98315284120114e-05,-8.983152841195546e-05,39,45,test,"-73.4727054935,18.3435044826,-73.4612070579,18.3550029182"
1691,-73.47270549352953,18.326256829111365,-73.46120705789279,18.337755264748097,8.98315284120114e-05,-8.983152841195546e-05,39,45,test,"-73.4727054935,18.3262568291,-73.4612070579,18.3377552647"
1692,-73.47270549352953,18.320507611293,-73.46120705789279,18.33200604692973,8.98315284120114e-05,-8.983152841195546e-05,39,45,test,"-73.4727054935,18.3205076113,-73.4612070579,18.3320060469"
1693,-73.47270549352953,18.314758393474637,-73.46120705789279,18.32625682911137,8.98315284120114e-05,-8.983152841195546e-05,39,45,test,"-73.4727054935,18.3147583935,-73.4612070579,18.3262568291"
1694,-73.46695627571117,18.34350448256646,-73.45545784007443,18.35500291820319,8.98315284120114e-05,-8.983152841195546e-05,39,45,test,"-73.4669562757,18.3435044826,-73.4554578401,18.3550029182"
1695,-73.46695627571117,18.337755264748097,-73.45545784007443,18.34925370038483,8.98315284120114e-05,-8.983152841195546e-05,39,45,test,"-73.4669562757,18.3377552647,-73.4554578401,18.3492537004"
1696,-73.46695627571117,18.33200604692973,-73.45545784007443,18.343504482566463,8.98315284120114e-05,-8.983152841195546e-05,39,45,test,"-73.4669562757,18.3320060469,-73.4554578401,18.3435044826"
1697,-73.46695627571117,18.314758393474637,-73.45545784007443,18.32625682911137,8.98315284120114e-05,-8.983152841195546e-05,39,45,test,"-73.4669562757,18.3147583935,-73.4554578401,18.3262568291"
1698,-73.46120705789279,18.337755264748097,-73.44970862225607,18.34925370038483,8.983152841189951e-05,-8.983152841195546e-05,39,45,test,"-73.4612070579,18.3377552647,-73.4497086223,18.3492537004"
1699,-73.46120705789279,18.33200604692973,-73.44970862225607,18.343504482566463,8.983152841189951e-05,-8.983152841195546e-05,39,45,test,"-73.4612070579,18.3320060469,-73.4497086223,18.3435044826"
1700,-73.46120705789279,18.320507611293,-73.44970862225607,18.33200604692973,8.983152841189951e-05,-8.983152841195546e-05,39,45,test,"-73.4612070579,18.3205076113,-73.4497086223,18.3320060469"
1701,-73.46120705789279,18.314758393474637,-73.44970862225607,18.32625682911137,8.983152841189951e-05,-8.983152841195546e-05,39,45,test,"-73.4612070579,18.3147583935,-73.4497086223,18.3262568291"
1702,-73.46120705789279,18.30900917565627,-73.44970862225607,18.320507611293003,8.983152841189951e-05,-8.983152841195546e-05,39,45,test,"-73.4612070579,18.3090091757,-73.4497086223,18.3205076113"
1703,-73.45545784007443,18.314758393474637,-73.4439594044377,18.32625682911137,8.983152841189951e-05,-8.983152841195546e-05,39,45,test,"-73.4554578401,18.3147583935,-73.4439594044,18.3262568291"
1704,-73.45545784007443,18.30900917565627,-73.4439594044377,18.320507611293003,8.983152841189951e-05,-8.983152841195546e-05,39,45,test,"-73.4554578401,18.3090091757,-73.4439594044,18.3205076113"
1705,-73.44970862225607,18.314758393474637,-73.43821018661934,18.32625682911137,8.983152841189951e-05,-8.983152841195546e-05,39,45,test,"-73.4497086223,18.3147583935,-73.4382101866,18.3262568291"
1706,-73.44970862225607,18.30900917565627,-73.43821018661934,18.320507611293003,8.983152841189951e-05,-8.983152841195546e-05,39,45,test,"-73.4497086223,18.3090091757,-73.4382101866,18.3205076113"
1707,-73.4439594044377,18.372250571658284,-73.43246096880097,18.383749007295016,8.98315284120114e-05,-8.983152841195546e-05,46,2,test,"-73.4439594044,18.3722505717,-73.4324609688,18.3837490073"
1708,-73.4439594044377,18.36650135383992,-73.43246096880097,18.37799978947665,8.98315284120114e-05,-8.983152841195546e-05,46,2,test,"-73.4439594044,18.3665013538,-73.4324609688,18.3779997895"
1709,-73.43821018661934,18.29751074001954,-73.4267117509826,18.30900917565627,8.98315284120114e-05,-8.983152841195546e-05,47,4,test,"-73.4382101866,18.2975107400,-73.4267117510,18.3090091757"
1710,-73.43821018661934,18.291761522201178,-73.4267117509826,18.303259957837906,8.98315284120114e-05,-8.983152841192748e-05,47,4,test,"-73.4382101866,18.2917615222,-73.4267117510,18.3032599578"
1711,-73.43246096880097,18.29751074001954,-73.42096253316424,18.30900917565627,8.983152841189951e-05,-8.983152841195546e-05,47,4,test,"-73.4324609688,18.2975107400,-73.4209625332,18.3090091757"
1712,-73.43246096880097,18.291761522201178,-73.42096253316424,18.303259957837906,8.983152841189951e-05,-8.983152841192748e-05,47,4,test,"-73.4324609688,18.2917615222,-73.4209625332,18.3032599578"
